timestamp,action,source_file,output_file,user,output_sha256,detail
2026-10-01T16:06:22,received,INV-0042-SIT_Summit_IT_Services.pdf,INV-0042-SIT_Summit_IT_Services.pdf,muhammadeakub,5f71170a22516187467b16e73234e835cde01cdb13f9415844173337dc1f4958,RECEIVED 2026-10-01; 2 pages
2026-10-01T16:06:22,received,INV-2026-1001_Brightline_Office_Supply.pdf,INV-2026-1001_Brightline_Office_Supply.pdf,muhammadeakub,22e5c02381e2d60f42589ffbc0b48ab76afb01dd4768afb70faf669e8c31abd8,RECEIVED 2026-10-01; 1 pages
2026-10-01T16:06:22,received,INV-58213_Harbor_Courier_Services.pdf,INV-58213_Harbor_Courier_Services.pdf,muhammadeakub,3bde03d6a0927e9835602a74bd40e13af39cbc9c4401f4e95c8e3954cbce9dd5,RECEIVED 2026-10-01; 1 pages
2026-10-01T16:06:22,received,INV-7730_Oakridge_Facility_Care.pdf,INV-7730_Oakridge_Facility_Care.pdf,muhammadeakub,dcfd6d6ff06d3b5090793ab0df95fbdbd8c0af55f8bec2b240c4f0e4d79ec3fb,RECEIVED 2026-10-01; 1 pages
2026-10-01T16:12:08,approved,INV-0042-SIT_Summit_IT_Services.pdf,INV-0042-SIT_Summit_IT_Services.pdf,muhammadeakub,5e6bf236d75a99d231ca5e514a80a276352289808fe9bfae31cad6ac4d9b77af,seal on last page(s) of 2
2026-10-01T16:14:10,approved,INV-2026-1001_Brightline_Office_Supply.pdf,INV-2026-1001_Brightline_Office_Supply.pdf,muhammadeakub,63516b8a00744a7e6bff487512948fa4390dc6a1f44eee556fe5e6163d20d94f,seal on last page(s) of 1
2026-10-01T16:15:11,approved,INV-58213_Harbor_Courier_Services.pdf,INV-58213_Harbor_Courier_Services.pdf,muhammadeakub,183acc9a3f09b22fda79a9aaa33b73db362acd59677a5be911a19be74e009e7c,seal on last page(s) of 1
2026-10-01T16:15:11,approved,INV-7730_Oakridge_Facility_Care.pdf,INV-7730_Oakridge_Facility_Care.pdf,muhammadeakub,88423abee588f1edaa66bc67e0a2ae6318a5a59faf367f756698a9a6ae7a55e7,seal on last page(s) of 1
2026-10-01T16:25:23,received,INV-0042-SIT_Summit_IT_Services.pdf,INV-0042-SIT_Summit_IT_Services.pdf,muhammadeakub,5f71170a22516187467b16e73234e835cde01cdb13f9415844173337dc1f4958,RECEIVED 2026-10-01; 2 pages
2026-10-01T16:25:23,received,INV-2026-1001_Brightline_Office_Supply.pdf,INV-2026-1001_Brightline_Office_Supply.pdf,muhammadeakub,22e5c02381e2d60f42589ffbc0b48ab76afb01dd4768afb70faf669e8c31abd8,RECEIVED 2026-10-01; 1 pages
2026-10-01T16:25:23,received,INV-58213_Harbor_Courier_Services.pdf,INV-58213_Harbor_Courier_Services.pdf,muhammadeakub,3bde03d6a0927e9835602a74bd40e13af39cbc9c4401f4e95c8e3954cbce9dd5,RECEIVED 2026-10-01; 1 pages
2026-10-01T16:25:23,received,INV-7730_Oakridge_Facility_Care.pdf,INV-7730_Oakridge_Facility_Care.pdf,muhammadeakub,dcfd6d6ff06d3b5090793ab0df95fbdbd8c0af55f8bec2b240c4f0e4d79ec3fb,RECEIVED 2026-10-01; 1 pages
2026-10-01T16:25:43,approved,INV-0042-SIT_Summit_IT_Services.pdf,INV-0042-SIT_Summit_IT_Services.pdf,muhammadeakub,5e6bf236d75a99d231ca5e514a80a276352289808fe9bfae31cad6ac4d9b77af,seal on last page(s) of 2
2026-10-01T16:25:43,approved,INV-2026-1001_Brightline_Office_Supply.pdf,INV-2026-1001_Brightline_Office_Supply.pdf,muhammadeakub,63516b8a00744a7e6bff487512948fa4390dc6a1f44eee556fe5e6163d20d94f,seal on last page(s) of 1
2026-10-01T16:25:43,approved,INV-58213_Harbor_Courier_Services.pdf,INV-58213_Harbor_Courier_Services.pdf,muhammadeakub,183acc9a3f09b22fda79a9aaa33b73db362acd59677a5be911a19be74e009e7c,seal on last page(s) of 1
2026-10-01T16:25:43,approved,INV-7730_Oakridge_Facility_Care.pdf,INV-7730_Oakridge_Facility_Care.pdf,muhammadeakub,88423abee588f1edaa66bc67e0a2ae6318a5a59faf367f756698a9a6ae7a55e7,seal on last page(s) of 1
2026-10-02T10:16:12,received,001_24836-A_brightline.pdf,001_24836-A_brightline.pdf,muhammadeakub,20667beedfe1242ac0ab8f4c7347fc9355815478a631532ae951685e0d4c8886,RECEIVED 2026-10-02; 1 pages
2026-10-02T10:16:12,received,002_INV049972_northwindtx.pdf,002_INV049972_northwindtx.pdf,muhammadeakub,7a7c5efb23bc4c04209033b552b1ffc7b0e7c73e481df777eba7a774962c1730,RECEIVED 2026-10-02; 1 pages
2026-10-02T10:16:12,received,003_97092-A_bluewaterprint.pdf,003_97092-A_bluewaterprint.pdf,muhammadeakub,1c350aebb103e19f479b6c585ab7066caa22cb6e01783e46ae30bd2c87727acb,RECEIVED 2026-10-02; 2 pages
2026-10-02T10:16:12,received,004_70950-A_cascadecr.pdf,004_70950-A_cascadecr.pdf,muhammadeakub,94552e0aec42f2172b7d1ad9f239e719ecc42cc713a5cab7f8a53cd3a85d1f1d,RECEIVED 2026-10-02; 2 pages
2026-10-02T10:16:12,received,005_32411-A_cascadecr.pdf,005_32411-A_cascadecr.pdf,muhammadeakub,18c162891cb886d5a34e05ae36bc91863cad32db74eea438a50d5909db5a2a33,RECEIVED 2026-10-02; 2 pages
2026-10-02T10:16:12,received,006_86823_meridiansec.pdf,006_86823_meridiansec.pdf,muhammadeakub,235039834981f1abfbae024c6afd41ffef23e4dbc9e8f7d4f9da69401e2b3fc6,RECEIVED 2026-10-02; 1 pages
2026-10-02T10:16:12,received,007_4654-A_bluewaterprint.pdf,007_4654-A_bluewaterprint.pdf,muhammadeakub,d3423bb0810e8bd89ce95b1701ea8eed32169bae2ee01c6bb93eafd09554401e,RECEIVED 2026-10-02; 2 pages
2026-10-02T10:16:12,received,008_92839_pinecrestcater.pdf,008_92839_pinecrestcater.pdf,muhammadeakub,6c21e53f33b685fbb47f051332e567b0cee9dcb10f3f7a1d9df6d7b6709c46b6,RECEIVED 2026-10-02; 2 pages
2026-10-02T10:16:12,received,009_INV036164_bluewaterprint.pdf,009_INV036164_bluewaterprint.pdf,muhammadeakub,85d182607d06382859e92ecc69d565c9e2c915f65a5100a9b4e18d85250f1d38,RECEIVED 2026-10-02; 1 pages
2026-10-02T10:16:12,received,010_70020-A_meridiansec.pdf,010_70020-A_meridiansec.pdf,muhammadeakub,b2b9d4ce708b8e330f35fa4cb293cf4000ed650293bd51e7bb977cd6d6f586ac,RECEIVED 2026-10-02; 2 pages
2026-10-02T10:16:12,received,011_INV-2026-51897_northwindtx.pdf,011_INV-2026-51897_northwindtx.pdf,muhammadeakub,4abe03c368866303ee79064240f5b2f967fa8047deb1a75960c8efffc39f384c,RECEIVED 2026-10-02; 1 pages
2026-10-02T10:16:12,received,012_54425_pinecrestcater.pdf,012_54425_pinecrestcater.pdf,muhammadeakub,b2dd93d198d4955a7094f46e9af177431df6b17cb0a5c6ccfe11c5d2fa9a0e05,RECEIVED 2026-10-02; 1 pages
2026-10-02T10:16:12,received,013_INV-2026-98316_harborcourier.pdf,013_INV-2026-98316_harborcourier.pdf,muhammadeakub,d84ab0d7e430903542b7cbf3810b20cab7fab89dde2c92bde944bb2a7142c58c,RECEIVED 2026-10-02; 1 pages
2026-10-02T10:16:12,received,014_64906_oakridgefc.pdf,014_64906_oakridgefc.pdf,muhammadeakub,3437734005b11e919f528e8eef3bd13f310900fb8f2a27d4e2ba99cedd91644d,RECEIVED 2026-10-02; 1 pages
2026-10-02T10:16:12,received,015_INV-2026-77458_cascadecr.pdf,015_INV-2026-77458_cascadecr.pdf,muhammadeakub,c43412ae836e84957976c62ee902628da580dd4d9f2ea78170df5acfbe07acae,RECEIVED 2026-10-02; 3 pages
2026-10-02T10:16:12,received,016_43307_bluewaterprint.pdf,016_43307_bluewaterprint.pdf,muhammadeakub,b9ff157f6052831a083e1062a72e09e085efd295fb0be1211e9d4b396e295bf7,RECEIVED 2026-10-02; 1 pages
2026-10-02T10:16:12,received,017_73681_brightline.pdf,017_73681_brightline.pdf,muhammadeakub,88ca7bca8edade3f12af4f04987233834089f403547375ed286f8e25b0abf7c1,RECEIVED 2026-10-02; 3 pages
2026-10-02T10:16:12,received,018_INV-2026-84206_meridiansec.pdf,018_INV-2026-84206_meridiansec.pdf,muhammadeakub,7c49055b13a0c3b06c47cf108f7bec3d4ac2cb7a931f4dfd935a44e11c7d068b,RECEIVED 2026-10-02; 1 pages
2026-10-02T10:16:12,received,019_31623_harborcourier.pdf,019_31623_harborcourier.pdf,muhammadeakub,63bdb2a07d868451e17bd55336d05c204e36c522589e43e55ce9d2e154802b06,RECEIVED 2026-10-02; 1 pages
2026-10-02T10:16:12,received,020_INV-2026-32152_northwindtx.pdf,020_INV-2026-32152_northwindtx.pdf,muhammadeakub,850d8301530566a17de7c258107227805e0bc92685b9f241dcc369b91291e5f7,RECEIVED 2026-10-02; 2 pages
2026-10-02T10:16:12,received,021_33409-A_summitit.pdf,021_33409-A_summitit.pdf,muhammadeakub,a39c2784f557457b18774340f63da801b6f84f2af085b7eb6a7fdb85d354dc50,RECEIVED 2026-10-02; 4 pages
2026-10-02T10:16:12,received,022_INV-2026-84177_brightline.pdf,022_INV-2026-84177_brightline.pdf,muhammadeakub,3688128a776c001787e29984477866b15e369dc113d4cd83de511b7230f82c4e,RECEIVED 2026-10-02; 1 pages
2026-10-02T10:16:12,received,023_86916_oakridgefc.pdf,023_86916_oakridgefc.pdf,muhammadeakub,209c96a16daeffb9c54a4ae2b288b7cb4f5d7426132c185b983e36b081ccdf47,RECEIVED 2026-10-02; 1 pages
2026-10-02T10:16:12,received,024_INV-2026-25673_northwindtx.pdf,024_INV-2026-25673_northwindtx.pdf,muhammadeakub,9b58b67126995b1689da5acc5204c9770afd6f6d95a5ad64281792c3aeb676c8,RECEIVED 2026-10-02; 2 pages
2026-10-02T10:16:12,received,025_INV-2026-13821_summitit.pdf,025_INV-2026-13821_summitit.pdf,muhammadeakub,140fe65ce4416e84aeb9d817410df2658ededf64b7b328caa7d436c8345bc0fd,RECEIVED 2026-10-02; 3 pages
2026-10-02T10:16:12,received,026_93261_northwindtx.pdf,026_93261_northwindtx.pdf,muhammadeakub,27c3db8a655a4112d06387c2bf51272d1d0bc103b6c5bc5bcd077e47b0bb76ae,RECEIVED 2026-10-02; 2 pages
2026-10-02T10:16:12,received,027_1223-A_pinecrestcater.pdf,027_1223-A_pinecrestcater.pdf,muhammadeakub,b4e89927bd3c5ba0b2ffbd92c35ecb1c78d9f7262ea955990fdff9e0fc9fc891,RECEIVED 2026-10-02; 1 pages
2026-10-02T10:16:12,received,028_07714_graniterecords.pdf,028_07714_graniterecords.pdf,muhammadeakub,bfd6dc84b6d6b25e777b8c45c8eb5b05a02b55c455704a71e52e71f2ce0155c7,RECEIVED 2026-10-02; 4 pages
2026-10-02T10:16:12,received,029_INV-2026-95674_graniterecords.pdf,029_INV-2026-95674_graniterecords.pdf,muhammadeakub,5d743461b6a0bf5983f0a4a0b736188cffb80c33809a2c2bac5178f0f88880f5,RECEIVED 2026-10-02; 1 pages
2026-10-02T10:16:12,received,030_26708-A_brightline.pdf,030_26708-A_brightline.pdf,muhammadeakub,4364cf69c33cbd23de49f8acf0e88e250ec35e585e1e7d8856e780dcdccffa0f,RECEIVED 2026-10-02; 1 pages
2026-10-02T10:16:12,received,031_86873-A_brightline.pdf,031_86873-A_brightline.pdf,muhammadeakub,874a7979ac2c384f4f1629eaf80b6e74b40ba37f0ff0cca78d1710781c877859,RECEIVED 2026-10-02; 2 pages
2026-10-02T10:16:12,received,032_75539_meridiansec.pdf,032_75539_meridiansec.pdf,muhammadeakub,f85c2975e3619a66c764832f32ead6b81e39da46de22bc08c1af48c6936cd458,RECEIVED 2026-10-02; 1 pages
2026-10-02T10:16:12,received,033_INV095933_oakridgefc.pdf,033_INV095933_oakridgefc.pdf,muhammadeakub,a04b620d5af7e7c314e2e93876fb80b9213cbbbad20eaf08200281cb10b17589,RECEIVED 2026-10-02; 1 pages
2026-10-02T10:16:12,received,034_INV-2026-75079_meridiansec.pdf,034_INV-2026-75079_meridiansec.pdf,muhammadeakub,13135d6519523b2c901693c21e215abec54cf77a55a32cd545e30e7746c330d9,RECEIVED 2026-10-02; 2 pages
2026-10-02T10:16:12,received,035_INV092286_meridiansec.pdf,035_INV092286_meridiansec.pdf,muhammadeakub,c917496a6788d188892ed2a20d7173b18a0f1b3bf476bf25485b2a94b8cbb9eb,RECEIVED 2026-10-02; 1 pages
2026-10-02T10:16:12,received,036_INV092686_pinecrestcater.pdf,036_INV092686_pinecrestcater.pdf,muhammadeakub,ecfa1b547e751cca023c7ddee47813b10f2a9847140a79c393ad8d5f40516395,RECEIVED 2026-10-02; 1 pages
2026-10-02T10:16:12,received,037_37987_brightline.pdf,037_37987_brightline.pdf,muhammadeakub,0ba30971e2f9373063eea4199f8ab15ec4dc9b107c4940405385eac86314bbae,RECEIVED 2026-10-02; 1 pages
2026-10-02T10:16:12,received,038_INV040961_summitit.pdf,038_INV040961_summitit.pdf,muhammadeakub,ba3b7abef46a7076a0e3d7b031cbefa80904086e9553c3c426559867ab90a6db,RECEIVED 2026-10-02; 2 pages
2026-10-02T10:16:12,received,039_INV-2026-83702_meridiansec.pdf,039_INV-2026-83702_meridiansec.pdf,muhammadeakub,e1ac1715825e9574f686e828002f75a767b16d08ea6be561917d49dd40de5b9f,RECEIVED 2026-10-02; 1 pages
2026-10-02T10:16:12,received,040_65426_oakridgefc.pdf,040_65426_oakridgefc.pdf,muhammadeakub,1c0c5b0242f81a4b243d341f5abea40b36209a853a578d49dc567ea9fea904d3,RECEIVED 2026-10-02; 2 pages
2026-10-02T10:16:12,received,041_12209-A_meridiansec.pdf,041_12209-A_meridiansec.pdf,muhammadeakub,bf8d86df2a988387167bcaa7ea0ff38476a3013e52f125e1926c5e131a917eda,RECEIVED 2026-10-02; 3 pages
2026-10-02T10:16:12,received,042_14748-A_graniterecords.pdf,042_14748-A_graniterecords.pdf,muhammadeakub,635872194be1b7c3cde22633d21a5c5ad128f456c63f609e2086963bd4f2b9b5,RECEIVED 2026-10-02; 2 pages
2026-10-02T10:16:12,received,043_INV-2026-67724_pinecrestcater.pdf,043_INV-2026-67724_pinecrestcater.pdf,muhammadeakub,76bf89b216b98e761b61c3b33e85e7d65b05ef4bc6eea892e03fd3c7c5799387,RECEIVED 2026-10-02; 1 pages
2026-10-02T10:16:12,received,044_18237_harborcourier.pdf,044_18237_harborcourier.pdf,muhammadeakub,4584a37e0909836748d6c9f34f7f2f3845e8079e5f76989e3c5ca755f78efb4a,RECEIVED 2026-10-02; 2 pages
2026-10-02T10:16:12,received,045_INV-2026-99003_oakridgefc.pdf,045_INV-2026-99003_oakridgefc.pdf,muhammadeakub,cc1569a0fe40c1e1079b33854e7c31a4bedda73184a62eab4494ba29b738beee,RECEIVED 2026-10-02; 1 pages
2026-10-02T10:16:12,received,046_INV-2026-97477_summitit.pdf,046_INV-2026-97477_summitit.pdf,muhammadeakub,291ee7661b90a678622610887822749e9a73cafc82edcaf48790d79c3e60562b,RECEIVED 2026-10-02; 2 pages
2026-10-02T10:16:12,received,047_70724_cascadecr.pdf,047_70724_cascadecr.pdf,muhammadeakub,1ae72675271a0e2afc8ad386db6ca6051cec172601a0eb3c22e9ca946560115f,RECEIVED 2026-10-02; 2 pages
2026-10-02T10:16:12,received,048_INV029304_graniterecords.pdf,048_INV029304_graniterecords.pdf,muhammadeakub,10c4c4c583cf36b4fc640be0b9b014431ef62cbf26345abb3c26e857798fdf0e,RECEIVED 2026-10-02; 2 pages
2026-10-02T10:16:12,received,049_85659_graniterecords.pdf,049_85659_graniterecords.pdf,muhammadeakub,d17c50d16d249a5bd2ff9fe95f8ca36d784c38c34ba71959509227e1f3434496,RECEIVED 2026-10-02; 3 pages
2026-10-02T10:16:12,received,050_INV-2026-97866_meridiansec.pdf,050_INV-2026-97866_meridiansec.pdf,muhammadeakub,ec7c17361d3bc35fcf021bea0217536226844ce4c1dfd447c6d34616d59c0d17,RECEIVED 2026-10-02; 2 pages
2026-10-02T10:16:12,received,051_INV-2026-3014_brightline.pdf,051_INV-2026-3014_brightline.pdf,muhammadeakub,5b1528f0ef4243e3722cc9b5243de1dd575739bde27f95ba653920794b2d07bf,RECEIVED 2026-10-02; 2 pages
2026-10-02T10:16:12,received,052_INV028878_harborcourier.pdf,052_INV028878_harborcourier.pdf,muhammadeakub,f6f128f802e1b5768896f76adb7ffe886d06ac709df635f9fc1581f88ac64387,RECEIVED 2026-10-02; 1 pages
2026-10-02T10:16:12,received,053_INV045923_harborcourier.pdf,053_INV045923_harborcourier.pdf,muhammadeakub,ffb1ca9cbda6c6ef15861e957de5ee23796fd5081bff955564de78e4e50a892c,RECEIVED 2026-10-02; 1 pages
2026-10-02T10:16:12,received,054_INV037429_pinecrestcater.pdf,054_INV037429_pinecrestcater.pdf,muhammadeakub,b2d229884aaee41cf565f36b1253725cb0c198b9e7eebf3073a49eb82d8f9c40,RECEIVED 2026-10-02; 2 pages
2026-10-02T10:16:12,received,055_INV049941_northwindtx.pdf,055_INV049941_northwindtx.pdf,muhammadeakub,4aaf3d744dc7c47b02e3b6f60a3fac940a027fed4dee60084a554fa05cd898ea,RECEIVED 2026-10-02; 1 pages
2026-10-02T10:16:12,received,056_INV027590_oakridgefc.pdf,056_INV027590_oakridgefc.pdf,muhammadeakub,a9766dccbe14b8954cf3f1439ebfb017960aeb41c850828331f9db956bc2410a,RECEIVED 2026-10-02; 3 pages
2026-10-02T10:16:12,received,057_76644-A_harborcourier.pdf,057_76644-A_harborcourier.pdf,muhammadeakub,c24d8ade550f782ce035a8235ab91474422caa82efa0861187a9b4380365352b,RECEIVED 2026-10-02; 1 pages
2026-10-02T10:16:12,received,058_45721_cascadecr.pdf,058_45721_cascadecr.pdf,muhammadeakub,f3f352ff89d3a2211d6057ab868004d6c00b419d8502c7aaa79bf32db69006ea,RECEIVED 2026-10-02; 1 pages
2026-10-02T10:16:12,received,059_INV058184_graniterecords.pdf,059_INV058184_graniterecords.pdf,muhammadeakub,fa277cabfc7c63dc407b04aad7b50e857bc2b3a4a8cc69c5f0141fd891ed12a8,RECEIVED 2026-10-02; 2 pages
2026-10-02T10:16:12,received,060_76869-A_harborcourier.pdf,060_76869-A_harborcourier.pdf,muhammadeakub,48b1cf094afca217ac82152e1feab814362f4a8dd1f66b1eb6d4598024f5b4e9,RECEIVED 2026-10-02; 1 pages
2026-10-02T10:16:12,received,061_INV-2026-90352_meridiansec.pdf,061_INV-2026-90352_meridiansec.pdf,muhammadeakub,adb5e3ceda5d0c617ffee3bc30912c8615c2206f622b558d3243021b5ef6ddb6,RECEIVED 2026-10-02; 1 pages
2026-10-02T10:16:12,received,062_71956-A_brightline.pdf,062_71956-A_brightline.pdf,muhammadeakub,be77997234424e6106799914fe9caff16a40888c2bddb137685f618812421034,RECEIVED 2026-10-02; 1 pages
2026-10-02T10:16:12,received,063_86418_summitit.pdf,063_86418_summitit.pdf,muhammadeakub,9dfabe5a93ca9039e7415c6555510e7bc4d3d931256d9007e26a40c34cfda0fb,RECEIVED 2026-10-02; 2 pages
2026-10-02T10:16:12,received,064_24947_graniterecords.pdf,064_24947_graniterecords.pdf,muhammadeakub,66942c0fc2d24dcecf57188310b11e53c8a31d87aab276568de9eb0be33173f0,RECEIVED 2026-10-02; 2 pages
2026-10-02T10:16:12,received,065_08803_pinecrestcater.pdf,065_08803_pinecrestcater.pdf,muhammadeakub,1a8169f36e11cd62256f74d734047236aa845ce3e9527c5045ebdb608fc02a21,RECEIVED 2026-10-02; 3 pages
2026-10-02T10:16:12,received,066_INV-2026-16330_meridiansec.pdf,066_INV-2026-16330_meridiansec.pdf,muhammadeakub,933da53e670bc339fef3cf3039b9317ebd39ad47c7937ea52520a466cadfaff2,RECEIVED 2026-10-02; 2 pages
2026-10-02T10:16:12,received,067_47521_meridiansec.pdf,067_47521_meridiansec.pdf,muhammadeakub,62db9e05eed0092c79bc8636145c012781bf8a30ecc5a389fc14c1bc66198d35,RECEIVED 2026-10-02; 1 pages
2026-10-02T10:16:12,received,068_10168_cascadecr.pdf,068_10168_cascadecr.pdf,muhammadeakub,a728b6e3603c42fd95d13d98240419240438d13e5043cfd7bfd06b5f5191451f,RECEIVED 2026-10-02; 2 pages
2026-10-02T10:16:12,received,069_INV-2026-91802_cascadecr.pdf,069_INV-2026-91802_cascadecr.pdf,muhammadeakub,00ff8a47edbc66a0bc9ef2290802ab67ed2098a50b600a8378c40a93e670921f,RECEIVED 2026-10-02; 1 pages
2026-10-02T10:16:12,received,070_09884_pinecrestcater.pdf,070_09884_pinecrestcater.pdf,muhammadeakub,44e7ef9d3b866185447f074cb253446f617c7f6cdc8f6d7c73f78117e7f0be99,RECEIVED 2026-10-02; 1 pages
2026-10-02T10:16:12,received,071_51623-A_pinecrestcater.pdf,071_51623-A_pinecrestcater.pdf,muhammadeakub,68e19efbe6b3701626fc2aff0cd0c0cd9b908c8ee9bdcd2f9a9a877b379d518c,RECEIVED 2026-10-02; 3 pages
2026-10-02T10:16:12,received,072_55120-A_cascadecr.pdf,072_55120-A_cascadecr.pdf,muhammadeakub,5904f4ab1f54298ce4a0a94423b00e9622863bb7f182eeb6410baa9c8ede9711,RECEIVED 2026-10-02; 2 pages
2026-10-02T10:16:12,received,073_INV-2026-79630_bluewaterprint.pdf,073_INV-2026-79630_bluewaterprint.pdf,muhammadeakub,d765b1b7075706a6e45803363d1889f06d2926ac8214bcbfebd69448b3ecfb23,RECEIVED 2026-10-02; 3 pages
2026-10-02T10:16:12,received,074_INV-2026-26805_northwindtx.pdf,074_INV-2026-26805_northwindtx.pdf,muhammadeakub,cb1a6d8a54d1a84d56440d5b8c10e556e305f26a1caefe32ca36addff57225b6,RECEIVED 2026-10-02; 1 pages
2026-10-02T10:16:12,received,075_90404-A_oakridgefc.pdf,075_90404-A_oakridgefc.pdf,muhammadeakub,dff8ca08a80322efe7829f6690a80fa7a81e0c8e3d3b1f46a74e9f1f5315691a,RECEIVED 2026-10-02; 4 pages
2026-10-02T10:16:12,received,076_81214_brightline.pdf,076_81214_brightline.pdf,muhammadeakub,9372846db22507235470bfec7ce4dcc7da0c1aa473de09901ca1746f6ad36ada,RECEIVED 2026-10-02; 1 pages
2026-10-02T10:16:12,received,077_INV-2026-30499_bluewaterprint.pdf,077_INV-2026-30499_bluewaterprint.pdf,muhammadeakub,475132a33a781a34513e3f03eb1fc7dc348e1a9395ed2159897446b3f48319c9,RECEIVED 2026-10-02; 1 pages
2026-10-02T10:16:12,received,078_INV053992_cascadecr.pdf,078_INV053992_cascadecr.pdf,muhammadeakub,737a15451f64a0f2419a0cc55f7a96e1f4436a479f0e3969f3362eb08d876985,RECEIVED 2026-10-02; 2 pages
2026-10-02T10:16:12,received,079_88677-A_pinecrestcater.pdf,079_88677-A_pinecrestcater.pdf,muhammadeakub,e244688854bec53b78fce231c6762f18581b432a384d5d81aecd6c477ea03eae,RECEIVED 2026-10-02; 2 pages
2026-10-02T10:16:12,received,080_INV086336_cascadecr.pdf,080_INV086336_cascadecr.pdf,muhammadeakub,36b37eeb4fd4b46e32c15b5f7e91b8d9ed569555a90b799ca3f0210b12b9396d,RECEIVED 2026-10-02; 1 pages
2026-10-02T10:16:12,received,081_25158_northwindtx.pdf,081_25158_northwindtx.pdf,muhammadeakub,3c3486dfe614c65eb5082ef2bd17bba2068c1bf860c23b3f1436b590c0558e3d,RECEIVED 2026-10-02; 2 pages
2026-10-02T10:16:12,received,082_INV-2026-73075_pinecrestcater.pdf,082_INV-2026-73075_pinecrestcater.pdf,muhammadeakub,36bd2618e992d3f2a428ea4df89cc7123102078ddac8cc6f8fb21a5de90228fb,RECEIVED 2026-10-02; 1 pages
2026-10-02T10:16:12,received,083_INV070944_meridiansec.pdf,083_INV070944_meridiansec.pdf,muhammadeakub,14195bb3e7a9535b186f1ea89b3aa8a878c7f473e417218ed00d549d02db84ed,RECEIVED 2026-10-02; 2 pages
2026-10-02T10:16:12,received,084_2222-A_cascadecr.pdf,084_2222-A_cascadecr.pdf,muhammadeakub,4ff5f3f2f32e372c0b1359c167eaf4a7d2d482ed6d58cd4fe88333e00e7404c5,RECEIVED 2026-10-02; 1 pages
2026-10-02T10:16:12,received,085_40708_harborcourier.pdf,085_40708_harborcourier.pdf,muhammadeakub,7d51a4d96ca27e55d6f9a58556181aae6afd771b55f354bb19d945e3c06ac0ff,RECEIVED 2026-10-02; 1 pages
2026-10-02T10:16:12,received,086_INV045775_harborcourier.pdf,086_INV045775_harborcourier.pdf,muhammadeakub,efb390813b68c106928c41938f4f3493b8537cafb1a3d6b759e840d81b1ca7b0,RECEIVED 2026-10-02; 1 pages
2026-10-02T10:16:12,received,087_76860_brightline.pdf,087_76860_brightline.pdf,muhammadeakub,c57fbf197cb5c42cd8e1ade6e296daae2421e54cf9b3fda29ee6d51c44540b4a,RECEIVED 2026-10-02; 4 pages
2026-10-02T10:16:12,received,088_INV-2026-50056_summitit.pdf,088_INV-2026-50056_summitit.pdf,muhammadeakub,6f7951af98ad27335e8ccc84dcdf9add6333c34dfbfa6c72ae0de319d6b1c95a,RECEIVED 2026-10-02; 1 pages
2026-10-02T10:16:12,received,089_INV067481_graniterecords.pdf,089_INV067481_graniterecords.pdf,muhammadeakub,af46f9c6e2a7a38088ad13b99c409ca4cf901d222224915893b3e324c5786ab5,RECEIVED 2026-10-02; 1 pages
2026-10-02T10:16:12,received,090_INV052384_oakridgefc.pdf,090_INV052384_oakridgefc.pdf,muhammadeakub,ea3a8a87b19b2adc08a8954b42afec9f5bc236cf60e033740af8eb179467e96d,RECEIVED 2026-10-02; 1 pages
2026-10-02T10:16:12,received,091_75034_brightline.pdf,091_75034_brightline.pdf,muhammadeakub,935588d190e5222a9fc78a8f0acd5d68991b1c57c249bc4b24b175519e9ea7e0,RECEIVED 2026-10-02; 1 pages
2026-10-02T10:16:12,received,092_90853_harborcourier.pdf,092_90853_harborcourier.pdf,muhammadeakub,1b01fec760955551e2cc3f2199031d7f23794b6b450e9071d14ac6a25edaf8b6,RECEIVED 2026-10-02; 1 pages
2026-10-02T10:16:12,received,093_17207-A_meridiansec.pdf,093_17207-A_meridiansec.pdf,muhammadeakub,de6d45ef3d7c8dde55eab86ca85ad402ca43369356dde547fc9e888ea96405dc,RECEIVED 2026-10-02; 1 pages
2026-10-02T10:16:12,received,094_INV051237_graniterecords.pdf,094_INV051237_graniterecords.pdf,muhammadeakub,ccc064f8ff6b84878d2b192a1d831796b2c1a82bfc22dfd389e83df23e8c1c53,RECEIVED 2026-10-02; 2 pages
2026-10-02T10:16:12,received,095_90667_meridiansec.pdf,095_90667_meridiansec.pdf,muhammadeakub,e7976bf063f2dfa935fc24dd959058d047a4b0fb619ee341b6833e9a704bbca9,RECEIVED 2026-10-02; 2 pages
2026-10-02T10:16:12,received,096_25375-A_brightline.pdf,096_25375-A_brightline.pdf,muhammadeakub,2ff740c09e355deb54ede69d833e71774512e73bb26069c78e225f12ded900b5,RECEIVED 2026-10-02; 1 pages
2026-10-02T10:16:12,received,097_INV-2026-56249_oakridgefc.pdf,097_INV-2026-56249_oakridgefc.pdf,muhammadeakub,ec8ec163e7c8a10d9002ef10da44426e20d7f3e7e69ae24fbbabe8f9c6d53b10,RECEIVED 2026-10-02; 1 pages
2026-10-02T10:16:12,received,098_84736_oakridgefc.pdf,098_84736_oakridgefc.pdf,muhammadeakub,31235d1184b0627724ccaa476add53cb6f70f9db2c4ad98dc784de2e26b3f834,RECEIVED 2026-10-02; 2 pages
2026-10-02T10:16:12,received,099_INV056764_northwindtx.pdf,099_INV056764_northwindtx.pdf,muhammadeakub,821a93ea26e162b0bc769edce8cdd32c7a5b6ee8b39d77ae773e8d19644cf94a,RECEIVED 2026-10-02; 2 pages
2026-10-02T10:16:12,received,100_53498_graniterecords.pdf,100_53498_graniterecords.pdf,muhammadeakub,a421a58939e64087396422d6472bcc28f2d2ffc0eb3ac3169d94f440a0bd0c49,RECEIVED 2026-10-02; 1 pages
2026-10-02T10:16:12,received,101_INV-2026-74163_northwindtx.pdf,101_INV-2026-74163_northwindtx.pdf,muhammadeakub,8a9025e7c7a0b5fd9e98aa8117aabc0cf161361ff0037ffcf6caead46aefcc81,RECEIVED 2026-10-02; 3 pages
2026-10-02T10:16:12,received,102_INV-2026-42124_pinecrestcater.pdf,102_INV-2026-42124_pinecrestcater.pdf,muhammadeakub,554ccedc072df12818ded1537e543f8606a2ba9bc094d6bfc843076c1499972b,RECEIVED 2026-10-02; 4 pages
2026-10-02T10:16:12,received,103_INV-2026-31296_pinecrestcater.pdf,103_INV-2026-31296_pinecrestcater.pdf,muhammadeakub,ccc296a6f3c4c20054f98c30f1ce2b023768ff570dbfbed23c20bf62e6b2d9a5,RECEIVED 2026-10-02; 4 pages
2026-10-02T10:16:12,received,104_INV-2026-15738_harborcourier.pdf,104_INV-2026-15738_harborcourier.pdf,muhammadeakub,6509b8aae8b6789261e165ba92db2e5079aee8b486e4c4a887d69ad879f85229,RECEIVED 2026-10-02; 2 pages
2026-10-02T10:16:12,received,105_INV-2026-70724_summitit.pdf,105_INV-2026-70724_summitit.pdf,muhammadeakub,6f2e0d1d9c6588981fde221b408d0bbea29a7554cc14c6e874e22836512b1221,RECEIVED 2026-10-02; 1 pages
2026-10-02T10:16:12,received,106_73968-A_summitit.pdf,106_73968-A_summitit.pdf,muhammadeakub,cc3318f54686ffd3ed813f054ee25afe61e615066cdf476f61363d69d02e734b,RECEIVED 2026-10-02; 2 pages
2026-10-02T10:16:12,received,107_56930-A_graniterecords.pdf,107_56930-A_graniterecords.pdf,muhammadeakub,a71569b16561c28621968dff697819307feb62e96946c18e0e9d9f7892b05931,RECEIVED 2026-10-02; 1 pages
2026-10-02T10:16:12,received,108_INV048537_meridiansec.pdf,108_INV048537_meridiansec.pdf,muhammadeakub,5f3e7afb9fa45f69d318016ef4ecb55b186100d730c9a48fe3fb2e18ec40cc31,RECEIVED 2026-10-02; 2 pages
2026-10-02T10:16:12,received,109_INV027983_oakridgefc.pdf,109_INV027983_oakridgefc.pdf,muhammadeakub,ee0a4d1a746ecec6d0d9dbe3b2fa372d175ee84bf0efd27f19c6bc13a8a2c4b6,RECEIVED 2026-10-02; 1 pages
2026-10-02T10:16:12,received,110_INV083440_bluewaterprint.pdf,110_INV083440_bluewaterprint.pdf,muhammadeakub,19afd97dc7243a0b88776c0f875af5d07296be08771e01207be6151ab26b211a,RECEIVED 2026-10-02; 2 pages
2026-10-02T10:16:12,received,111_85855_oakridgefc.pdf,111_85855_oakridgefc.pdf,muhammadeakub,6fcc5a6c7ba960cbe89ade8393e5b0043a3ac43b9e7cf4400011080a27e7ac25,RECEIVED 2026-10-02; 1 pages
2026-10-02T10:16:12,received,112_INV-2026-33658_meridiansec.pdf,112_INV-2026-33658_meridiansec.pdf,muhammadeakub,f0ab3e6a3927c18c8f1c04c4854ce7abddc1dd8b7004ff14bad55d8fee15b74f,RECEIVED 2026-10-02; 1 pages
2026-10-02T10:16:12,received,113_66194_pinecrestcater.pdf,113_66194_pinecrestcater.pdf,muhammadeakub,1da653a6e1988ed3c68ad50839f5fe0c718ff9eaffdc94fff9f089c18d394ec6,RECEIVED 2026-10-02; 1 pages
2026-10-02T10:16:12,received,114_INV-2026-78056_harborcourier.pdf,114_INV-2026-78056_harborcourier.pdf,muhammadeakub,88a3174b6dfb23868742e1d63e647dce0cc7f3364702b9dcc73eb5966fe1b491,RECEIVED 2026-10-02; 1 pages
2026-10-02T10:16:12,received,115_INV-2026-1307_brightline.pdf,115_INV-2026-1307_brightline.pdf,muhammadeakub,8fcba284de9a6001a44626a92b7e92dddb9edce25b99028d3ed3f5e24960c871,RECEIVED 2026-10-02; 2 pages
2026-10-02T10:16:12,received,116_69668_pinecrestcater.pdf,116_69668_pinecrestcater.pdf,muhammadeakub,1d1e533e1dcd0814a6017a7c3492e2888cfc4ac56a0bbe2e8838e99ffdb0944a,RECEIVED 2026-10-02; 1 pages
2026-10-02T10:16:12,received,117_3518-A_oakridgefc.pdf,117_3518-A_oakridgefc.pdf,muhammadeakub,0308cd3aa785966909b3e9d577b064010134700548d5fb46569e8b627c741e54,RECEIVED 2026-10-02; 1 pages
2026-10-02T10:16:12,received,118_INV048262_harborcourier.pdf,118_INV048262_harborcourier.pdf,muhammadeakub,822057c14e500b250552b5df3748e87e36e9b71f472d59d8cdb5f223c7d0477f,RECEIVED 2026-10-02; 1 pages
2026-10-02T10:16:12,received,119_91859-A_cascadecr.pdf,119_91859-A_cascadecr.pdf,muhammadeakub,f0a3caf51b4a07c41a0b31800bb143d615b13673840c82fe874406b79059a901,RECEIVED 2026-10-02; 1 pages
2026-10-02T10:16:12,received,120_58177-A_cascadecr.pdf,120_58177-A_cascadecr.pdf,muhammadeakub,dd94576e2f189fbd31f409bba301ed82942713fd167917d8785d8b2cfef342a6,RECEIVED 2026-10-02; 4 pages
2026-10-02T10:16:12,received,121_80681_graniterecords.pdf,121_80681_graniterecords.pdf,muhammadeakub,cbcc8e0816fba2d7da85f25bb6e6ee207e3613285ecb7d61f0e560270ef362e5,RECEIVED 2026-10-02; 2 pages
2026-10-02T10:16:12,received,122_INV-2026-6292_cascadecr.pdf,122_INV-2026-6292_cascadecr.pdf,muhammadeakub,72cef878ec4d3334499174a7e4af406bfd537d0c9fcddf4d3bdf20fb7e5b1637,RECEIVED 2026-10-02; 2 pages
2026-10-02T10:16:12,received,123_INV021895_summitit.pdf,123_INV021895_summitit.pdf,muhammadeakub,1194e213dc041b757263b5d8dc7c6786ebcd3fbb16c77e93d9aa312d60c9e2d3,RECEIVED 2026-10-02; 2 pages
2026-10-02T10:16:12,received,124_INV-2026-57167_northwindtx.pdf,124_INV-2026-57167_northwindtx.pdf,muhammadeakub,26d65d90bdd65321d4b3eceebcef357034963f7006e9ea38e706c8c1ae1e31e2,RECEIVED 2026-10-02; 1 pages
2026-10-02T10:16:12,received,125_INV-2026-39816_summitit.pdf,125_INV-2026-39816_summitit.pdf,muhammadeakub,0e379a7f0214aed894d6969d21dd338edb603958754429c93331f257d20faf91,RECEIVED 2026-10-02; 1 pages
2026-10-02T10:16:12,received,126_56446-A_harborcourier.pdf,126_56446-A_harborcourier.pdf,muhammadeakub,f3647391bc14c70da2a554baa27fe513cd272df09ec912ee9205e06ff5a1d0c4,RECEIVED 2026-10-02; 1 pages
2026-10-02T10:16:12,received,127_INV-2026-24993_cascadecr.pdf,127_INV-2026-24993_cascadecr.pdf,muhammadeakub,2c726675f1ca94ec45c97d8c6f3d6ef48946cba9483c9a7685dff28fce23d048,RECEIVED 2026-10-02; 2 pages
2026-10-02T10:16:12,received,128_39599-A_summitit.pdf,128_39599-A_summitit.pdf,muhammadeakub,57897952628383a6381514dc8cfe4a789fbb125d27495446b374295ec68ddbb7,RECEIVED 2026-10-02; 1 pages
2026-10-02T10:16:12,received,129_68529-A_graniterecords.pdf,129_68529-A_graniterecords.pdf,muhammadeakub,5d7916d330f741de3bea7b45cf94a48998d4d0487185c89110c6e36fe6e6b82f,RECEIVED 2026-10-02; 1 pages
2026-10-02T10:16:12,received,130_9816-A_brightline.pdf,130_9816-A_brightline.pdf,muhammadeakub,c4d8ce36b11fd99924b10c7176c7a9a01203080cfc16e05286459dd1f6a56e25,RECEIVED 2026-10-02; 2 pages
2026-10-02T10:16:12,received,131_80865-A_oakridgefc.pdf,131_80865-A_oakridgefc.pdf,muhammadeakub,9c79f99e18890b8500e9b862c02b4f498ef05200a25c39649812350588e415db,RECEIVED 2026-10-02; 1 pages
2026-10-02T10:16:12,received,132_57599_graniterecords.pdf,132_57599_graniterecords.pdf,muhammadeakub,5cd07c2c18b5bb939b89b64b4f652825beee47a2fc067c411d22a71fe297ef13,RECEIVED 2026-10-02; 1 pages
2026-10-02T10:16:12,received,133_INV091049_pinecrestcater.pdf,133_INV091049_pinecrestcater.pdf,muhammadeakub,9193fc3907fb4fa92f3b3cbbf92bdea590a497167b8f52257b8d7927a974fa6d,RECEIVED 2026-10-02; 1 pages
2026-10-02T10:16:12,received,134_38886_meridiansec.pdf,134_38886_meridiansec.pdf,muhammadeakub,7262f2ae347baf3209b3a9738873b368334c2866b51fd0fda33f20f86e179542,RECEIVED 2026-10-02; 1 pages
2026-10-02T10:16:12,received,135_INV-2026-57859_oakridgefc.pdf,135_INV-2026-57859_oakridgefc.pdf,muhammadeakub,f1450c32ec8f5d54615cafa6a95049f99b85c81fa255c7b84038d1abb33b9a70,RECEIVED 2026-10-02; 1 pages
2026-10-02T10:16:12,received,136_INV-2026-99167_pinecrestcater.pdf,136_INV-2026-99167_pinecrestcater.pdf,muhammadeakub,2553834e067ccbd47312402bd1b539108777a9f79861bbc8366b93fd33ce5145,RECEIVED 2026-10-02; 2 pages
2026-10-02T10:16:12,received,137_INV-2026-9636_oakridgefc.pdf,137_INV-2026-9636_oakridgefc.pdf,muhammadeakub,4b695ef10670b3f04144a7a346f50c9a539d0455fa28bd7c1b6b35ca3de10e8f,RECEIVED 2026-10-02; 2 pages
2026-10-02T10:16:12,received,138_42722_northwindtx.pdf,138_42722_northwindtx.pdf,muhammadeakub,a8c6ef2f468c1b404eb9108e95a9dcca4d6a84d02a6ec225893c4e58ce3c30a4,RECEIVED 2026-10-02; 1 pages
2026-10-02T10:16:12,received,139_67920_bluewaterprint.pdf,139_67920_bluewaterprint.pdf,muhammadeakub,f53dd2ef03f8df84445a8d9ecf6a5076a4b65293322f0db4a21c20054d1e8796,RECEIVED 2026-10-02; 2 pages
2026-10-02T10:16:12,received,140_72601_harborcourier.pdf,140_72601_harborcourier.pdf,muhammadeakub,241e89a39dc623540dc90a21746d5dae110a74b292abb5e25b7e8476d60a2985,RECEIVED 2026-10-02; 1 pages
2026-10-02T10:16:12,received,141_36504-A_harborcourier.pdf,141_36504-A_harborcourier.pdf,muhammadeakub,133d9067a8549f3a460bc3942f1480c6f56957295012a3ac7f3375b2a69b9789,RECEIVED 2026-10-02; 1 pages
2026-10-02T10:16:12,received,142_INV068090_pinecrestcater.pdf,142_INV068090_pinecrestcater.pdf,muhammadeakub,c337cdcc4726e09b65be620d0a8bde1066f13e67de22b39f9f29fef44e4dc617,RECEIVED 2026-10-02; 1 pages
2026-10-02T10:16:12,received,143_65338_harborcourier.pdf,143_65338_harborcourier.pdf,muhammadeakub,33933fcea50d55ead9683a095aded4f3721c7c718459ceed59c15198c67b861a,RECEIVED 2026-10-02; 1 pages
2026-10-02T10:16:12,received,144_INV048866_meridiansec.pdf,144_INV048866_meridiansec.pdf,muhammadeakub,8ec3e387f831ee117e3f93ae8802c9046295ffc6e6229e3852de1979ff7ba635,RECEIVED 2026-10-02; 1 pages
2026-10-02T10:16:12,received,145_13355-A_meridiansec.pdf,145_13355-A_meridiansec.pdf,muhammadeakub,5e0b7e3e1dbb0cc41e8a617bd448abef34a16b3f8034ccc8f59c81975f9b5424,RECEIVED 2026-10-02; 1 pages
2026-10-02T10:16:12,received,146_14563-A_harborcourier.pdf,146_14563-A_harborcourier.pdf,muhammadeakub,5091bc86c84942262cb143d324634646b68b3d3e7f9f8eb45d93de9891d9a8d5,RECEIVED 2026-10-02; 2 pages
2026-10-02T10:16:12,received,147_INV-2026-63922_bluewaterprint.pdf,147_INV-2026-63922_bluewaterprint.pdf,muhammadeakub,6333ad8bc9ac22e0cf252f9abfb5502f311418406304b730343066286c9380db,RECEIVED 2026-10-02; 1 pages
2026-10-02T10:16:12,received,148_03211_oakridgefc.pdf,148_03211_oakridgefc.pdf,muhammadeakub,c67db2e36d0154febd119702042b698a77ca1e3ac2a2ce65b79b08473f363889,RECEIVED 2026-10-02; 2 pages
2026-10-02T10:16:12,received,149_89284_northwindtx.pdf,149_89284_northwindtx.pdf,muhammadeakub,c17233769ee659b40663b73df8a39133a02abbedcce06fad24c1ead366acfd91,RECEIVED 2026-10-02; 2 pages
2026-10-02T10:16:12,received,150_35398_cascadecr.pdf,150_35398_cascadecr.pdf,muhammadeakub,e21dcf8e62c7f43e35d834bf5a56ce9aff70344221de5715c0fce66ac403109a,RECEIVED 2026-10-02; 1 pages
2026-10-02T10:16:12,received,151_INV094667_graniterecords.pdf,151_INV094667_graniterecords.pdf,muhammadeakub,411cfc663fbdf0cf550608d757f94c27d65ab8358c4e6375d3acb8cd67d40048,RECEIVED 2026-10-02; 1 pages
2026-10-02T10:16:12,received,152_85946-A_northwindtx.pdf,152_85946-A_northwindtx.pdf,muhammadeakub,6f2957871fcd7c7728aa6e1856d4c748500698f140017c14098377bc19bfce96,RECEIVED 2026-10-02; 1 pages
2026-10-02T10:16:12,receive-failed,153_83730_bluewaterprint.pdf,,muhammadeakub,,password-protected PDF; ask the sender for an unlocked copy
2026-10-02T10:16:12,received,154_INV-2026-13623_summitit.pdf,154_INV-2026-13623_summitit.pdf,muhammadeakub,56d354e16fbe47b67dbbf48e6d3906dcc8a66e8f3d8666fa51beec6907644391,RECEIVED 2026-10-02; 3 pages
2026-10-02T10:16:12,received,155_25414-A_harborcourier.pdf,155_25414-A_harborcourier.pdf,muhammadeakub,84793cd67f92d98adbbd620dbe3861059093448865711c338ff0cfd189691f1e,RECEIVED 2026-10-02; 2 pages
2026-10-02T10:16:12,received,156_76780_meridiansec.pdf,156_76780_meridiansec.pdf,muhammadeakub,bcb59e1feb64bd2b899aafacfaa4b1e1203a7a6bf81087283ed8ce0dc5f341df,RECEIVED 2026-10-02; 3 pages
2026-10-02T10:16:12,received,157_INV-2026-19980_cascadecr.pdf,157_INV-2026-19980_cascadecr.pdf,muhammadeakub,7b3c3b4f648b92dcec7102afb4d750a2f028a71f6d7bc199d1158acf3118e36a,RECEIVED 2026-10-02; 3 pages
2026-10-02T10:16:12,received,158_17314-A_oakridgefc.pdf,158_17314-A_oakridgefc.pdf,muhammadeakub,8df44b87d781ae96f540cbc990551e8b24892b082926219a189c2951c78143db,RECEIVED 2026-10-02; 4 pages
2026-10-02T10:16:12,received,159_INV062173_cascadecr.pdf,159_INV062173_cascadecr.pdf,muhammadeakub,7ce8647c53da213b1002fa7f5bb002c7a877468da68b3b0b082608ec40305e33,RECEIVED 2026-10-02; 1 pages
2026-10-02T10:16:12,received,160_INV-2026-57007_oakridgefc.pdf,160_INV-2026-57007_oakridgefc.pdf,muhammadeakub,b0723f8550fd75681f47ab86510bfd51d345d9b39ecf5f54c6b0f7d50c5f59fa,RECEIVED 2026-10-02; 1 pages
2026-10-02T10:16:12,received,161_17570_harborcourier.pdf,161_17570_harborcourier.pdf,muhammadeakub,d040476851a1c7faa0508077e0f871d62c1b26b58d8c48dfa9cec96ffb3a7ba4,RECEIVED 2026-10-02; 2 pages
2026-10-02T10:16:12,received,162_26344_northwindtx.pdf,162_26344_northwindtx.pdf,muhammadeakub,bd1374e7487f3179f1ff7cdd65a258f3a25e89dcdd87d8ae26af3bb53ce03709,RECEIVED 2026-10-02; 1 pages
2026-10-02T10:16:12,received,163_90331-A_northwindtx.pdf,163_90331-A_northwindtx.pdf,muhammadeakub,286f476d70fba15e50e2b29679476bed9827b43685c054309b762d86b31bd269,RECEIVED 2026-10-02; 2 pages
2026-10-02T10:16:12,receive-failed,164_INV027061_brightline.pdf,,muhammadeakub,,password-protected PDF; ask the sender for an unlocked copy
2026-10-02T10:16:12,received,165_INV063712_pinecrestcater.pdf,165_INV063712_pinecrestcater.pdf,muhammadeakub,89d3bee20ce8d079618825479d0c3d45f75d2e98eba11c98844494ea43f7feac,RECEIVED 2026-10-02; 2 pages
2026-10-02T10:16:12,received,166_20367_oakridgefc.pdf,166_20367_oakridgefc.pdf,muhammadeakub,d40c805621d2de23224b67c6eacb17254d07ad1ec794433cf1968fbc76cc3123,RECEIVED 2026-10-02; 1 pages
2026-10-02T10:16:12,received,167_19121_oakridgefc.pdf,167_19121_oakridgefc.pdf,muhammadeakub,34ceb296c79cc72e760d691f84353bf5537ab6864dba7f38bcbe749102f802a9,RECEIVED 2026-10-02; 2 pages
2026-10-02T10:16:12,received,168_INV-2026-21933_graniterecords.pdf,168_INV-2026-21933_graniterecords.pdf,muhammadeakub,763355d6f8ba0ac2b699bd50df34f59993781254bb11dc3df4620eae825d6456,RECEIVED 2026-10-02; 1 pages
2026-10-02T10:16:12,received,169_INV023663_graniterecords.pdf,169_INV023663_graniterecords.pdf,muhammadeakub,10eedad1fd307d9b09d698e65d26eb8c26f7495b7fa3d0bf5c33bbaeaa07698b,RECEIVED 2026-10-02; 1 pages
2026-10-02T10:16:12,received,170_17652_meridiansec.pdf,170_17652_meridiansec.pdf,muhammadeakub,788e1fef1adf920bbd52b399551202d573fcd630b6245cf17f9c0b85efab4ea9,RECEIVED 2026-10-02; 2 pages
2026-10-02T10:16:12,received,171_84509_cascadecr.pdf,171_84509_cascadecr.pdf,muhammadeakub,4b29d089170c893a63ec0c3d92a6750a0da6851d7d3d9851b6fe9b4011961391,RECEIVED 2026-10-02; 1 pages
2026-10-02T10:16:12,received,172_38939_northwindtx.pdf,172_38939_northwindtx.pdf,muhammadeakub,5a709671776063bd751e36fac3707b4c43e493a12e529d20b901610d3f65c8a3,RECEIVED 2026-10-02; 1 pages
2026-10-02T10:16:12,received,173_83744-A_cascadecr.pdf,173_83744-A_cascadecr.pdf,muhammadeakub,025fd5eeab50fccfb8f0a1bc54d4e562a16465947a28066939f65ad440543a72,RECEIVED 2026-10-02; 1 pages
2026-10-02T10:16:12,received,174_INV091064_brightline.pdf,174_INV091064_brightline.pdf,muhammadeakub,e234a5c9975da85e19dd6152e655bec327480b13f5356af0979d06ad27d3883e,RECEIVED 2026-10-02; 2 pages
2026-10-02T10:16:12,received,175_76648-A_bluewaterprint.pdf,175_76648-A_bluewaterprint.pdf,muhammadeakub,60916258d9e45936462395d9e6bc78db61edc0431dca7f39da2ab8df4701d87a,RECEIVED 2026-10-02; 1 pages
2026-10-02T10:16:12,received,176_12079_northwindtx.pdf,176_12079_northwindtx.pdf,muhammadeakub,5f0ec27fe1516fdd557642ede3d402742a4a6a1450d3feeca43a799fec58c1a1,RECEIVED 2026-10-02; 1 pages
2026-10-02T10:16:12,received,177_20006_cascadecr.pdf,177_20006_cascadecr.pdf,muhammadeakub,1a634d812d0e221b984f3c3e120a60d474b94364e577786fa8c7a69a399c3d5c,RECEIVED 2026-10-02; 3 pages
2026-10-02T10:16:12,receive-failed,178_INV029699_oakridgefc.pdf,,muhammadeakub,,password-protected PDF; ask the sender for an unlocked copy
2026-10-02T10:16:12,received,179_93128_summitit.pdf,179_93128_summitit.pdf,muhammadeakub,aa16f084c44aad5ab05b423fa7b587b54feaccdb67f2d7e944a997b2b39a0a9d,RECEIVED 2026-10-02; 1 pages
2026-10-02T10:16:12,received,180_INV057229_harborcourier.pdf,180_INV057229_harborcourier.pdf,muhammadeakub,fc7c1b7231d19583b93c183ce86c58ba4b6917c949e195b8f38749ec597cc535,RECEIVED 2026-10-02; 2 pages
2026-10-02T10:16:12,receive-failed,181_INV021519_harborcourier.pdf,,muhammadeakub,,password-protected PDF; ask the sender for an unlocked copy
2026-10-02T10:16:12,received,182_82779_harborcourier.pdf,182_82779_harborcourier.pdf,muhammadeakub,04c5ed56651537b6c2b9b8f0335122f7efd05856185282fc0dc9cc5f6261c6f8,RECEIVED 2026-10-02; 3 pages
2026-10-02T10:16:12,received,183_INV-2026-48880_meridiansec.pdf,183_INV-2026-48880_meridiansec.pdf,muhammadeakub,17fd37ca39f2f4fda7cf7a2f3830a52581d0acdb8e8e566b6d80ee3ae0624130,RECEIVED 2026-10-02; 2 pages
2026-10-02T10:16:12,received,184_41809-A_brightline.pdf,184_41809-A_brightline.pdf,muhammadeakub,38c4d6d8f8238b0302efab903d6cda496b8bfd18becd467d446d7d51a897bd29,RECEIVED 2026-10-02; 1 pages
2026-10-02T10:16:12,received,185_INV082045_graniterecords.pdf,185_INV082045_graniterecords.pdf,muhammadeakub,55d0cbb2af3014a9174423de6c6e3b4b1fc4a79feed6c345e156a6309f9f1608,RECEIVED 2026-10-02; 1 pages
2026-10-02T10:16:12,received,186_INV-2026-1175_pinecrestcater.pdf,186_INV-2026-1175_pinecrestcater.pdf,muhammadeakub,d5af7d181fdd6bd44d27494b43a23593d6ec991c3aa0a78467092ae85f6b6c0a,RECEIVED 2026-10-02; 3 pages
2026-10-02T10:16:12,received,187_12097_brightline.pdf,187_12097_brightline.pdf,muhammadeakub,fbdbf2fe9cb97a15a4b49c0d80b26db61f9faf434bfd050133312694a818e14a,RECEIVED 2026-10-02; 3 pages
2026-10-02T10:16:12,received,188_51189_brightline.pdf,188_51189_brightline.pdf,muhammadeakub,3b23b014555cec94e214327109195939c5ed020460dd85bd1d4c566c821fef15,RECEIVED 2026-10-02; 1 pages
2026-10-02T10:16:12,received,189_54796_harborcourier.pdf,189_54796_harborcourier.pdf,muhammadeakub,789079d0229c6ed345a4834c43ba7e340f52b85f816f80d0e3b3e56c38e9dbb7,RECEIVED 2026-10-02; 2 pages
2026-10-02T10:16:12,received,190_INV-2026-35842_northwindtx.pdf,190_INV-2026-35842_northwindtx.pdf,muhammadeakub,eed2edeae43c0909e54890c54dbe9ac842607a1b115ad0f3bd61f143cc411fdc,RECEIVED 2026-10-02; 4 pages
2026-10-02T10:16:12,received,191_87683_bluewaterprint.pdf,191_87683_bluewaterprint.pdf,muhammadeakub,c8d00445c164653c2dd5b7b17e077b4ba524e5b35c03e95ada6a0aab7f3490e9,RECEIVED 2026-10-02; 4 pages
2026-10-02T10:16:12,received,192_INV010127_summitit.pdf,192_INV010127_summitit.pdf,muhammadeakub,46e50a5ea17e52026012ea497fa6855f9c76a896fa2073794a625737c9d07bc0,RECEIVED 2026-10-02; 4 pages
2026-10-02T10:16:12,received,193_62447_meridiansec.pdf,193_62447_meridiansec.pdf,muhammadeakub,39d75aaaa0fb64ab34530152c48b1a900a71e3ec2cab9a9a5a1deb559fbce5c9,RECEIVED 2026-10-02; 1 pages
2026-10-02T10:16:12,received,194_INV-2026-90739_brightline.pdf,194_INV-2026-90739_brightline.pdf,muhammadeakub,a2a80d9e1ee6adaa07ed39777436882dc86461c4775a8b45ec230b75d0a57b47,RECEIVED 2026-10-02; 1 pages
2026-10-02T10:16:12,received,195_INV099929_northwindtx.pdf,195_INV099929_northwindtx.pdf,muhammadeakub,1113b38aa584c1ab199b54a679437b516f2cac66b5a3d90bd5660f36aa3db57b,RECEIVED 2026-10-02; 2 pages
2026-10-02T10:16:12,received,196_INV-2026-91101_pinecrestcater.pdf,196_INV-2026-91101_pinecrestcater.pdf,muhammadeakub,35b3e67106bb0bc487b15748ee833e35c5c8e6d02e80accd93ac1f597cf2b71f,RECEIVED 2026-10-02; 1 pages
2026-10-02T10:16:12,received,197_INV-2026-40845_harborcourier.pdf,197_INV-2026-40845_harborcourier.pdf,muhammadeakub,61b07bdb6083c3e51819958fe93e152c67cb9af9c0877b6fe5ea4fcad9858eb0,RECEIVED 2026-10-02; 2 pages
2026-10-02T10:16:12,received,198_INV-2026-71425_meridiansec.pdf,198_INV-2026-71425_meridiansec.pdf,muhammadeakub,e7ffed13db1770faeb64621123216da99c984e72a1307fb6b270d1d7e2875e94,RECEIVED 2026-10-02; 1 pages
2026-10-02T10:16:12,received,199_INV015698_oakridgefc.pdf,199_INV015698_oakridgefc.pdf,muhammadeakub,853d3ddfbc20bd2d323b57a999ffc767e14a32469475c81466bd09e78b9fe01e,RECEIVED 2026-10-02; 2 pages
2026-10-02T10:16:12,received,200_INV056808_graniterecords.pdf,200_INV056808_graniterecords.pdf,muhammadeakub,706eed4476eb3b61b18495bf7beae328247a619b47831913f2be28e17bee1845,RECEIVED 2026-10-02; 3 pages
2026-10-02T10:16:37,approved,001_24836-A_brightline.pdf,001_24836-A_brightline.pdf,muhammadeakub,8e930f3a3551b34276b5f188ec4e2440984f09787bcf35d23a3a158f743feb86,seal on last page(s) of 1
2026-10-02T10:16:37,approved,002_INV049972_northwindtx.pdf,002_INV049972_northwindtx.pdf,muhammadeakub,e89d7409d2026229725e45311aa15343766158ad71c65e0e68c0c53bcbae2319,seal on last page(s) of 1
2026-10-02T10:16:37,approved,003_97092-A_bluewaterprint.pdf,003_97092-A_bluewaterprint.pdf,muhammadeakub,36e264e4dfe3611776105798b44c0e095e5421b6962ed94a18fe09f342b0d724,seal on last page(s) of 2
2026-10-02T10:16:37,approved,004_70950-A_cascadecr.pdf,004_70950-A_cascadecr.pdf,muhammadeakub,71e7681e2837ab6c7cdeb4a20d60e59ed077e3d23b1f88cdaf7c0f4922f1db1b,seal on last page(s) of 2
2026-10-02T10:16:37,approved,005_32411-A_cascadecr.pdf,005_32411-A_cascadecr.pdf,muhammadeakub,123a1792409abd59851216af3dc5782616b8f08ac62238408bbd9769a6e429a0,seal on last page(s) of 2
2026-10-02T10:16:37,approved,006_86823_meridiansec.pdf,006_86823_meridiansec.pdf,muhammadeakub,c86eb537842e235331b9eb440fc77927df0ba7d95094bf68eca5e4b6c6b9b07c,seal on last page(s) of 1
2026-10-02T10:16:37,approved,007_4654-A_bluewaterprint.pdf,007_4654-A_bluewaterprint.pdf,muhammadeakub,2e799b6b8995974a40b17be8abc2db2699f2576487b80ba016f5738fc6954635,seal on last page(s) of 2
2026-10-02T10:16:37,approved,008_92839_pinecrestcater.pdf,008_92839_pinecrestcater.pdf,muhammadeakub,3c5eebc4a1c2ab5626928d76e7696eaf2b30381dca49474ad195378ed3a25b2f,seal on last page(s) of 2
2026-10-02T10:16:37,approved,009_INV036164_bluewaterprint.pdf,009_INV036164_bluewaterprint.pdf,muhammadeakub,8839962a0fdda4f831170ab1a4354bdda880ace86ca97b43ede09c048a7a5284,seal on last page(s) of 1
2026-10-02T10:16:37,approved,010_70020-A_meridiansec.pdf,010_70020-A_meridiansec.pdf,muhammadeakub,f8e4baef8a69de7373ce85d79c5fba49a9c2c7d78f2b9efee63cf6783ef4e0fc,seal on last page(s) of 2
2026-10-02T10:16:37,approved,011_INV-2026-51897_northwindtx.pdf,011_INV-2026-51897_northwindtx.pdf,muhammadeakub,972f51555312a1dadc6a6a96d870644286a1532626036a81110bda73a8a1142c,seal on last page(s) of 1
2026-10-02T10:16:37,approved,012_54425_pinecrestcater.pdf,012_54425_pinecrestcater.pdf,muhammadeakub,fdf1acab28394291d29e6657a4ed67526d1f86c690e8c1a1d7613cf44a7f050e,seal on last page(s) of 1
2026-10-02T10:16:37,approved,013_INV-2026-98316_harborcourier.pdf,013_INV-2026-98316_harborcourier.pdf,muhammadeakub,9abf69d6877acbdd3fe3d598b85bffb7dad83f3a93622c455f35a1ac97c05e33,seal on last page(s) of 1
2026-10-02T10:16:37,approved,014_64906_oakridgefc.pdf,014_64906_oakridgefc.pdf,muhammadeakub,df21549e6c63f89f7a2a3aeb52c1b4d959ae476656741a87a70f408da7822413,seal on last page(s) of 1
2026-10-02T10:16:37,approved,015_INV-2026-77458_cascadecr.pdf,015_INV-2026-77458_cascadecr.pdf,muhammadeakub,387dbd14cd81932311cb33847bbd7647dd0d41814cd6a7cc2d6729cce7643802,seal on last page(s) of 3
2026-10-02T10:16:37,approved,016_43307_bluewaterprint.pdf,016_43307_bluewaterprint.pdf,muhammadeakub,3f434924eab147d5cc0a94c141d088da73c92392b89c37a09ddb55c444d1ce4b,seal on last page(s) of 1
2026-10-02T10:16:37,approved,017_73681_brightline.pdf,017_73681_brightline.pdf,muhammadeakub,8a41ed456296990756cf07f95660f0979f940332f114ebbb1c7a852ff10d7c76,seal on last page(s) of 3
2026-10-02T10:16:37,approved,018_INV-2026-84206_meridiansec.pdf,018_INV-2026-84206_meridiansec.pdf,muhammadeakub,616ab0d731d85a8075c40de512dfbecfea890ff4a5a187c74e03e2ee3ca912dd,seal on last page(s) of 1
2026-10-02T10:16:37,approved,019_31623_harborcourier.pdf,019_31623_harborcourier.pdf,muhammadeakub,660909d3c311151d30c8de2d2ff0abdf467161f7a598024a2411ccf318afbc07,seal on last page(s) of 1
2026-10-02T10:16:37,approved,020_INV-2026-32152_northwindtx.pdf,020_INV-2026-32152_northwindtx.pdf,muhammadeakub,9b45f5b548c303bd79b1b0f45ab749d5d610786b17a7583b7ddf02ef8f56f832,seal on last page(s) of 2
2026-10-02T10:16:37,approved,021_33409-A_summitit.pdf,021_33409-A_summitit.pdf,muhammadeakub,2793c467cae4dc00fe1633820213094f11fad1f92f8f5b01b38c618805401c58,seal on last page(s) of 4
2026-10-02T10:16:37,approved,022_INV-2026-84177_brightline.pdf,022_INV-2026-84177_brightline.pdf,muhammadeakub,05a5b0864ef90ec527b168582ad29ce83a334ea05b63d1244db4a4434df5155e,seal on last page(s) of 1
2026-10-02T10:16:37,approved,023_86916_oakridgefc.pdf,023_86916_oakridgefc.pdf,muhammadeakub,6e017db26fd95d0033f59b0af430d07e03fa47522fab260f611c8c2fbe7719cf,seal on last page(s) of 1
2026-10-02T10:16:37,approved,024_INV-2026-25673_northwindtx.pdf,024_INV-2026-25673_northwindtx.pdf,muhammadeakub,b90b73adba3fe7e4ca74a187aebf40ab8cb49af472f20dfbd1cd5738a05e5a65,seal on last page(s) of 2
2026-10-02T10:16:37,approved,025_INV-2026-13821_summitit.pdf,025_INV-2026-13821_summitit.pdf,muhammadeakub,ebd8842895d3d791c454188aa1779657be84bd1d7d9542a9fa65abb24eda8bd4,seal on last page(s) of 3
2026-10-02T10:16:37,approved,026_93261_northwindtx.pdf,026_93261_northwindtx.pdf,muhammadeakub,f9d16f74da1df1124c24cce9e89f6e372794e8cfe9d60529823d0f637e25c241,seal on last page(s) of 2
2026-10-02T10:16:37,approved,027_1223-A_pinecrestcater.pdf,027_1223-A_pinecrestcater.pdf,muhammadeakub,7a1935a828782c4ca10a28a85b08cbdd730fe0508ecda0a89efeb2cece60870a,seal on last page(s) of 1
2026-10-02T10:16:37,approved,028_07714_graniterecords.pdf,028_07714_graniterecords.pdf,muhammadeakub,5fe35a8b1a0e6a78fe90e97bd0ded61268a3e9366997bc9ae8a4466982d50143,seal on last page(s) of 4
2026-10-02T10:16:37,approved,029_INV-2026-95674_graniterecords.pdf,029_INV-2026-95674_graniterecords.pdf,muhammadeakub,14d03c5209f8e28594f52ad6d6e095ce7ac0db52b4133528ddec22b0cd4f69e4,seal on last page(s) of 1
2026-10-02T10:16:37,approved,030_26708-A_brightline.pdf,030_26708-A_brightline.pdf,muhammadeakub,ec70008003a4465375e70c233fd1f03a66b398b52b742efb52ba866487934ab7,seal on last page(s) of 1
2026-10-02T10:16:37,approved,031_86873-A_brightline.pdf,031_86873-A_brightline.pdf,muhammadeakub,f289b660f88ebb40dc11eaef98386caf59dfd283641e889df0147aca2b7dd7ff,seal on last page(s) of 2
2026-10-02T10:16:37,approved,032_75539_meridiansec.pdf,032_75539_meridiansec.pdf,muhammadeakub,ba0bbeeda5e70b4d79b3c8c1d6bfc1f459ac0e66f9ece2a4adcc78c696f679a0,seal on last page(s) of 1
2026-10-02T10:16:37,approved,033_INV095933_oakridgefc.pdf,033_INV095933_oakridgefc.pdf,muhammadeakub,1ba314573fa36110088eabc99f94085f1b72e0cf4be4acc3fc0e6ad58ddf79d6,seal on last page(s) of 1
2026-10-02T10:16:37,approved,034_INV-2026-75079_meridiansec.pdf,034_INV-2026-75079_meridiansec.pdf,muhammadeakub,b6b49c5fd6462c6c17596b78a42b48e28f6b033898243106c91833c439ec316f,seal on last page(s) of 2
2026-10-02T10:16:37,approved,035_INV092286_meridiansec.pdf,035_INV092286_meridiansec.pdf,muhammadeakub,a78b309e8ac8a2443f847200712dbefa2f81fd0bd05d08c9a511bd5cf659ba81,seal on last page(s) of 1
2026-10-02T10:16:37,approved,036_INV092686_pinecrestcater.pdf,036_INV092686_pinecrestcater.pdf,muhammadeakub,1507417d4d5aca2c01c35fe8af0241f8f4e3e1543fc4a83e4f4b42a253c83b8e,seal on last page(s) of 1
2026-10-02T10:16:37,approved,037_37987_brightline.pdf,037_37987_brightline.pdf,muhammadeakub,9af8eee75b163a259ccbb77cd8cd27e3d9815dddcaee4f1e9d7001f1de26a0bb,seal on last page(s) of 1
2026-10-02T10:16:37,approved,038_INV040961_summitit.pdf,038_INV040961_summitit.pdf,muhammadeakub,5621e21905d581f8798e912181c45d70edd8e7353ba6da41819cce7c0aacc1c7,seal on last page(s) of 2
2026-10-02T10:16:37,approved,039_INV-2026-83702_meridiansec.pdf,039_INV-2026-83702_meridiansec.pdf,muhammadeakub,3f72283fa19d9fe7e8196180dbcd8e78fd941ade9c0a0db7241b1b0de94317a4,seal on last page(s) of 1
2026-10-02T10:16:37,approved,040_65426_oakridgefc.pdf,040_65426_oakridgefc.pdf,muhammadeakub,367308ccb3d109af264623d5dcdb4e5fb85134da600004de2388b137cb5a3a72,seal on last page(s) of 2
2026-10-02T10:16:37,approved,041_12209-A_meridiansec.pdf,041_12209-A_meridiansec.pdf,muhammadeakub,ea084f09d34d2949f2b651b1989e6c21ef64c4986204378e6dc9dc1d957ccb03,seal on last page(s) of 3
2026-10-02T10:16:37,approved,042_14748-A_graniterecords.pdf,042_14748-A_graniterecords.pdf,muhammadeakub,5e53db30ad91d5c3435e6d99c22cdcdc0d820a80cb790e444c7f84cb4ebaf4e8,seal on last page(s) of 2
2026-10-02T10:16:37,approved,043_INV-2026-67724_pinecrestcater.pdf,043_INV-2026-67724_pinecrestcater.pdf,muhammadeakub,c829fe0ea8ab7e99fbf4adf1861927616b269bd845074fffcb4d6bd6821a050a,seal on last page(s) of 1
2026-10-02T10:16:37,approved,044_18237_harborcourier.pdf,044_18237_harborcourier.pdf,muhammadeakub,523b0e19be94e3b577b8ed6ff867b9ea663081ec11123943f81fca5e190e2ef7,seal on last page(s) of 2
2026-10-02T10:16:37,approved,045_INV-2026-99003_oakridgefc.pdf,045_INV-2026-99003_oakridgefc.pdf,muhammadeakub,98d58c7ac4fc3e4c5df9a65c9e213bef0a4e3350e7e9f5609fea8e7cc2b7727d,seal on last page(s) of 1
2026-10-02T10:16:37,approved,046_INV-2026-97477_summitit.pdf,046_INV-2026-97477_summitit.pdf,muhammadeakub,0ec1280f830096336ad3d989330713e199450a3e5e5d682473a35dcb8c6e8070,seal on last page(s) of 2
2026-10-02T10:16:37,approved,047_70724_cascadecr.pdf,047_70724_cascadecr.pdf,muhammadeakub,4c5cb41f369ee9c5f49480918696ee6a9183d73b5c44e1701d4f6a8cbab105ea,seal on last page(s) of 2
2026-10-02T10:16:37,approved,048_INV029304_graniterecords.pdf,048_INV029304_graniterecords.pdf,muhammadeakub,87b8b9ab78a0bffe790d7c48cfc70cc578ef1061f14ff7cea822c1f1c120d89a,seal on last page(s) of 2
2026-10-02T10:16:37,approved,049_85659_graniterecords.pdf,049_85659_graniterecords.pdf,muhammadeakub,adbd368cb4f1bbcad2bf40336f4621adcf295f4ae0361abda0c2ec882aaaf65e,seal on last page(s) of 3
2026-10-02T10:16:37,approved,050_INV-2026-97866_meridiansec.pdf,050_INV-2026-97866_meridiansec.pdf,muhammadeakub,419161da649c81be179edfebe2d4a9090f98eb4efc3c59651177b98f1dd3612f,seal on last page(s) of 2
2026-10-02T10:16:37,approved,051_INV-2026-3014_brightline.pdf,051_INV-2026-3014_brightline.pdf,muhammadeakub,372d1d5c75733b22c5e9173b7ada46ebb0f81fe6ebbfbe18c35a218d5fd3a6be,seal on last page(s) of 2
2026-10-02T10:16:37,approved,052_INV028878_harborcourier.pdf,052_INV028878_harborcourier.pdf,muhammadeakub,8a6ef00c0b9481d9e668b4a1d9f73552cd13aa27cf8a70b3a21e3f43c6e14aea,seal on last page(s) of 1
2026-10-02T10:16:37,approved,053_INV045923_harborcourier.pdf,053_INV045923_harborcourier.pdf,muhammadeakub,519422da953265685c61ca7a566792e71cb16897628f149e4e589f8dfaad6267,seal on last page(s) of 1
2026-10-02T10:16:37,approved,054_INV037429_pinecrestcater.pdf,054_INV037429_pinecrestcater.pdf,muhammadeakub,192b41240b2ac19835a4599171526609f6502c599916092d2beb0d9312d007bd,seal on last page(s) of 2
2026-10-02T10:16:37,approved,055_INV049941_northwindtx.pdf,055_INV049941_northwindtx.pdf,muhammadeakub,3981ce04c296a4c42cd12cfb2f976d1c808d96b4697fdafd3f494468643e6ab9,seal on last page(s) of 1
2026-10-02T10:16:37,approved,056_INV027590_oakridgefc.pdf,056_INV027590_oakridgefc.pdf,muhammadeakub,5a121c62f1ff11e4623797e4cfe12dfc6c4a6113d27d2cdec50ca2156630ae9b,seal on last page(s) of 3
2026-10-02T10:16:37,approved,057_76644-A_harborcourier.pdf,057_76644-A_harborcourier.pdf,muhammadeakub,c7439bb3e3241a222e7c5f89fe15309bd6670be6f17dc4c3a44b676e9668089b,seal on last page(s) of 1
2026-10-02T10:16:37,approved,058_45721_cascadecr.pdf,058_45721_cascadecr.pdf,muhammadeakub,4259a7623ca7528c74e5c5babc6869f21b6476a3559b8629de155880d3a1e769,seal on last page(s) of 1
2026-10-02T10:16:37,approved,059_INV058184_graniterecords.pdf,059_INV058184_graniterecords.pdf,muhammadeakub,3514679c907aad5fe17f723d59adb0a89656c7cef6019540d4a72eaaf108d46f,seal on last page(s) of 2
2026-10-02T10:16:37,approved,060_76869-A_harborcourier.pdf,060_76869-A_harborcourier.pdf,muhammadeakub,64adb429368d7c84c4d47bd2ff548eac22a03cd00418b6e2dcebef687fc39c8f,seal on last page(s) of 1
2026-10-02T10:16:37,approved,061_INV-2026-90352_meridiansec.pdf,061_INV-2026-90352_meridiansec.pdf,muhammadeakub,fe91e6c99a73a342c2ee220bb9407a7f78037a7d02e445be82e7587cdef76793,seal on last page(s) of 1
2026-10-02T10:16:37,approved,062_71956-A_brightline.pdf,062_71956-A_brightline.pdf,muhammadeakub,0ceca788737c0955e751312a6d4d00b21d3d3e753404e3d90c820e8b0c7ff2c8,seal on last page(s) of 1
2026-10-02T10:16:37,approved,063_86418_summitit.pdf,063_86418_summitit.pdf,muhammadeakub,26283d1ac34b0a42b81c11c51303e45e095b013369a28afde53c7060f7d42d82,seal on last page(s) of 2
2026-10-02T10:16:37,approved,064_24947_graniterecords.pdf,064_24947_graniterecords.pdf,muhammadeakub,2b5f5c9b06cb7ff783ffb6c1cd98bdce59bbf3750482dba952fc7b272d0617cf,seal on last page(s) of 2
2026-10-02T10:16:37,approved,065_08803_pinecrestcater.pdf,065_08803_pinecrestcater.pdf,muhammadeakub,fcbf22326a48e84e9b1ffae9b037e293f2506d1ab09963145216fb6f08c385f6,seal on last page(s) of 3
2026-10-02T10:16:37,approved,066_INV-2026-16330_meridiansec.pdf,066_INV-2026-16330_meridiansec.pdf,muhammadeakub,cdee3b96aa6fb7ba1cdc0643012293a4e442609358d63bbe00414d8090514072,seal on last page(s) of 2
2026-10-02T10:16:37,approved,067_47521_meridiansec.pdf,067_47521_meridiansec.pdf,muhammadeakub,9c8dca4e2aaa5efa14e6a81965a6b4d5d5e4c620f37d3fccf63de53a520402d5,seal on last page(s) of 1
2026-10-02T10:16:37,approved,068_10168_cascadecr.pdf,068_10168_cascadecr.pdf,muhammadeakub,32dbf01802105111d0c6fab4933683bed96ae6321373cb6754d000381ead9463,seal on last page(s) of 2
2026-10-02T10:16:37,approved,069_INV-2026-91802_cascadecr.pdf,069_INV-2026-91802_cascadecr.pdf,muhammadeakub,287fda0d6fa0000528099d069799d0d0e716a5abe1ef24c19c0f0456cc47e085,seal on last page(s) of 1
2026-10-02T10:16:37,approved,070_09884_pinecrestcater.pdf,070_09884_pinecrestcater.pdf,muhammadeakub,a4fe5dceb6d7475f5fb1e658ce2008e13efd4bf9ceb7ff8c96f3d0b70715e391,seal on last page(s) of 1
2026-10-02T10:16:37,approved,071_51623-A_pinecrestcater.pdf,071_51623-A_pinecrestcater.pdf,muhammadeakub,d07396b067ab6caf49b41777ccc0c68a657dbbd809062000e9ffe422931f1a56,seal on last page(s) of 3
2026-10-02T10:16:37,approved,072_55120-A_cascadecr.pdf,072_55120-A_cascadecr.pdf,muhammadeakub,ddd796c67b4ae49e55e39359b80c2558064c6a8b27d45187022353470069ea14,seal on last page(s) of 2
2026-10-02T10:16:37,approved,073_INV-2026-79630_bluewaterprint.pdf,073_INV-2026-79630_bluewaterprint.pdf,muhammadeakub,aaacb4176d9a5a135d9622447b8fbbf3d9842d48ab60baeba14867b9cf2bf1d9,seal on last page(s) of 3
2026-10-02T10:16:37,approved,074_INV-2026-26805_northwindtx.pdf,074_INV-2026-26805_northwindtx.pdf,muhammadeakub,ce6a6ff57a3696c8a1d841ed6c25977385f1046c4f4aa9dcffa449b41f9374ff,seal on last page(s) of 1
2026-10-02T10:16:37,approved,075_90404-A_oakridgefc.pdf,075_90404-A_oakridgefc.pdf,muhammadeakub,1cc90eafcf7d049fffb5e6b6b4051fd557cf797ee8f3f050040948cfcd6f9bd6,seal on last page(s) of 4
2026-10-02T10:16:37,approved,076_81214_brightline.pdf,076_81214_brightline.pdf,muhammadeakub,adbaf4abc86a0aec2b267792107ecdb7f639ef12e23eaa97387ecc7ebd9d78f0,seal on last page(s) of 1
2026-10-02T10:16:37,approved,077_INV-2026-30499_bluewaterprint.pdf,077_INV-2026-30499_bluewaterprint.pdf,muhammadeakub,c43215bbbe58ab267ec07be490e93103ca01623974e5da6d9a12d88b211a3210,seal on last page(s) of 1
2026-10-02T10:16:37,approved,078_INV053992_cascadecr.pdf,078_INV053992_cascadecr.pdf,muhammadeakub,b9ad7b12289a04ee02b0d033b9fcfededaa46298d24fb1561393892347850f8c,seal on last page(s) of 2
2026-10-02T10:16:37,approved,079_88677-A_pinecrestcater.pdf,079_88677-A_pinecrestcater.pdf,muhammadeakub,a451756585dfbe2a9f31d3f214dcc52e40170037bbd7059726044b0823355137,seal on last page(s) of 2
2026-10-02T10:16:37,approved,080_INV086336_cascadecr.pdf,080_INV086336_cascadecr.pdf,muhammadeakub,9632f483d7a0b73e504334966e8ced06d60853daaca84f1942e9ffa8ebb3c35b,seal on last page(s) of 1
2026-10-02T10:16:37,approved,081_25158_northwindtx.pdf,081_25158_northwindtx.pdf,muhammadeakub,ca327d91f13682b2178c3c30af8671a48793235bede0ee7efd820c6d7f686f2f,seal on last page(s) of 2
2026-10-02T10:16:37,approved,082_INV-2026-73075_pinecrestcater.pdf,082_INV-2026-73075_pinecrestcater.pdf,muhammadeakub,52a89f49c659ec99161aa88753a361b92e2f1af024d1d099ab16fd91986056c5,seal on last page(s) of 1
2026-10-02T10:16:37,approved,083_INV070944_meridiansec.pdf,083_INV070944_meridiansec.pdf,muhammadeakub,c5ab5f69d7d05022aeee01d95ec412a20e0edccae6398d00349247b907e30f3a,seal on last page(s) of 2
2026-10-02T10:16:37,approved,084_2222-A_cascadecr.pdf,084_2222-A_cascadecr.pdf,muhammadeakub,da10cbb0323bf2b195d2a57303c25ab3b0b7c6f5b9397c6af0893760cc745731,seal on last page(s) of 1
2026-10-02T10:16:37,approved,085_40708_harborcourier.pdf,085_40708_harborcourier.pdf,muhammadeakub,6ede220986d5d758f28e39278c6bfcdf6d513fae552c9a6ec2e2f9cf1c3997b9,seal on last page(s) of 1
2026-10-02T10:16:37,approved,086_INV045775_harborcourier.pdf,086_INV045775_harborcourier.pdf,muhammadeakub,43458d25eef55fc0392da9da0fbebf1f8a9a5c1fd8415f5fee3baf4ced48ecec,seal on last page(s) of 1
2026-10-02T10:16:37,approved,087_76860_brightline.pdf,087_76860_brightline.pdf,muhammadeakub,9bad3347351534ff169706bbc0a4bc34d5e28c06db871d0149dfcae7007c9a97,seal on last page(s) of 4
2026-10-02T10:16:37,approved,088_INV-2026-50056_summitit.pdf,088_INV-2026-50056_summitit.pdf,muhammadeakub,0fd9abc65d84fabdc9b8e8436dbab9f150cdf828481f8e8721ac5c079fb78f0c,seal on last page(s) of 1
2026-10-02T10:16:37,approved,089_INV067481_graniterecords.pdf,089_INV067481_graniterecords.pdf,muhammadeakub,74f44eb5e6e3953e262a57cf6bd571088461a39068f8453face3a97960d1ffd2,seal on last page(s) of 1
2026-10-02T10:16:37,approved,090_INV052384_oakridgefc.pdf,090_INV052384_oakridgefc.pdf,muhammadeakub,ba5b42a764795f3818d11728b424d9516d06346f56c204a9e6ac7c1b1a747640,seal on last page(s) of 1
2026-10-02T10:16:37,approved,091_75034_brightline.pdf,091_75034_brightline.pdf,muhammadeakub,04bd366f19996b2760cfc5561c7d37e7bec4641e624927ffdbc77a248d9cc149,seal on last page(s) of 1
2026-10-02T10:16:37,approved,092_90853_harborcourier.pdf,092_90853_harborcourier.pdf,muhammadeakub,61c06bac79463d1773bbaf0c0557896eb60973f8f63fb0f2369f70910a9f1985,seal on last page(s) of 1
2026-10-02T10:16:37,approved,093_17207-A_meridiansec.pdf,093_17207-A_meridiansec.pdf,muhammadeakub,f001ce6d7cf74eb27534b66eeb9cff9ab7bcb6d7fb31db21c917969e9a512a7c,seal on last page(s) of 1
2026-10-02T10:16:37,approved,094_INV051237_graniterecords.pdf,094_INV051237_graniterecords.pdf,muhammadeakub,8b71c9e894514061448ec784f4e05cc3a43394b912fd668a50e362ad6c8dc298,seal on last page(s) of 2
2026-10-02T10:16:37,approved,095_90667_meridiansec.pdf,095_90667_meridiansec.pdf,muhammadeakub,7ff228f7e015e58d6162dab466ef502dc11ac811266e159cf73dd49585ca117f,seal on last page(s) of 2
2026-10-02T10:16:37,approved,096_25375-A_brightline.pdf,096_25375-A_brightline.pdf,muhammadeakub,209f6622d3c3b7e38946ac898ab95a91fea880412b7a25d186a784f80306bcb3,seal on last page(s) of 1
2026-10-02T10:16:37,approved,097_INV-2026-56249_oakridgefc.pdf,097_INV-2026-56249_oakridgefc.pdf,muhammadeakub,62ab7146fc0d22c318d48a78837d07bbff064c77d4342186b5c9884d102021b2,seal on last page(s) of 1
2026-10-02T10:16:37,approved,098_84736_oakridgefc.pdf,098_84736_oakridgefc.pdf,muhammadeakub,12c84277b804c229264b97fd36773f61fae12990df94714a530feb3c6a380c44,seal on last page(s) of 2
2026-10-02T10:16:37,approved,099_INV056764_northwindtx.pdf,099_INV056764_northwindtx.pdf,muhammadeakub,5f19d6f1c9c9314eeaec67d878c3691917439b5d9234b1a3ac3d45981afa09bb,seal on last page(s) of 2
2026-10-02T10:16:37,approved,100_53498_graniterecords.pdf,100_53498_graniterecords.pdf,muhammadeakub,1764e85a19a374384200533dbf08fc1d8c535790c36ef4b2e31c1d8b3f942de0,seal on last page(s) of 1
2026-10-02T10:16:37,approved,101_INV-2026-74163_northwindtx.pdf,101_INV-2026-74163_northwindtx.pdf,muhammadeakub,1b5ae0ec0b908127fab28b2ed6c218dbb6fb9d2f63f35af1d0c79f4d4842a840,seal on last page(s) of 3
2026-10-02T10:16:37,approved,102_INV-2026-42124_pinecrestcater.pdf,102_INV-2026-42124_pinecrestcater.pdf,muhammadeakub,d656797b517e22d8351d24ff600fdb23cd527e14f636383e2595a2a38a91fa77,seal on last page(s) of 4
2026-10-02T10:16:37,approved,103_INV-2026-31296_pinecrestcater.pdf,103_INV-2026-31296_pinecrestcater.pdf,muhammadeakub,3b615172d2f28ee332d00ea909e1502c8d73e06d52314091f8382bfda1273f2e,seal on last page(s) of 4
2026-10-02T10:16:37,approved,104_INV-2026-15738_harborcourier.pdf,104_INV-2026-15738_harborcourier.pdf,muhammadeakub,fda17dafef69ef247bd424353ee2f046afd58e6f9c78a14a8c3819a6d25ca567,seal on last page(s) of 2
2026-10-02T10:16:37,approved,105_INV-2026-70724_summitit.pdf,105_INV-2026-70724_summitit.pdf,muhammadeakub,e256fa7cda0bce8c52e6a4f68472868a20656e73bf628260dd03562825ac231a,seal on last page(s) of 1
2026-10-02T10:16:37,approved,106_73968-A_summitit.pdf,106_73968-A_summitit.pdf,muhammadeakub,9fac7aa8787daf33a7dd4a09ed01a7ddf8ee3cf63b1bec5abea5b401d4d75ca3,seal on last page(s) of 2
2026-10-02T10:16:37,approved,107_56930-A_graniterecords.pdf,107_56930-A_graniterecords.pdf,muhammadeakub,33155a559377fc51472d5d20851e145466beb9c5fda7264fa208defaf09f11aa,seal on last page(s) of 1
2026-10-02T10:16:37,approved,108_INV048537_meridiansec.pdf,108_INV048537_meridiansec.pdf,muhammadeakub,6df253b1144d924f16833b1eb7af89d6f64801d28518ba3f539b277724bc5ed2,seal on last page(s) of 2
2026-10-02T10:16:37,approved,109_INV027983_oakridgefc.pdf,109_INV027983_oakridgefc.pdf,muhammadeakub,d2c7267403ae3bceeb93f812164ac9b9bfeebdf4b2ea932f64142cd1e11b1dac,seal on last page(s) of 1
2026-10-02T10:16:37,approved,110_INV083440_bluewaterprint.pdf,110_INV083440_bluewaterprint.pdf,muhammadeakub,853ec57c0cd8166309c62ff1981e402acde26b64625cb2e25d97bbb36b15d759,seal on last page(s) of 2
2026-10-02T10:16:37,approved,111_85855_oakridgefc.pdf,111_85855_oakridgefc.pdf,muhammadeakub,17ae7a36d379d56a5f4e336dc5201c58227cbbb91420631fac2cb27828a95229,seal on last page(s) of 1
2026-10-02T10:16:37,approved,112_INV-2026-33658_meridiansec.pdf,112_INV-2026-33658_meridiansec.pdf,muhammadeakub,7222fb606e72c2b720522593a12c9c36b864d326085a5282e5745aea8ff87b4c,seal on last page(s) of 1
2026-10-02T10:16:37,approved,113_66194_pinecrestcater.pdf,113_66194_pinecrestcater.pdf,muhammadeakub,ca6b200e8639771c8ca2031a5b420f03d70736906b2506604d14b42be589c154,seal on last page(s) of 1
2026-10-02T10:16:37,approved,114_INV-2026-78056_harborcourier.pdf,114_INV-2026-78056_harborcourier.pdf,muhammadeakub,bb63c738f66dbadabaf0f51ee57d0d2c89529c1db73d69041ac6cdec6c66b133,seal on last page(s) of 1
2026-10-02T10:16:37,approved,115_INV-2026-1307_brightline.pdf,115_INV-2026-1307_brightline.pdf,muhammadeakub,7a257086d66cb33f860802a2b6d69811e9d15d1bb5afb4db39097b1af7edaf60,seal on last page(s) of 2
2026-10-02T10:16:37,approved,116_69668_pinecrestcater.pdf,116_69668_pinecrestcater.pdf,muhammadeakub,0b49bc8773c214bcbd6c6190dc5c5abaebae33509e30cd87289bb6cf443a80d8,seal on last page(s) of 1
2026-10-02T10:16:37,approved,117_3518-A_oakridgefc.pdf,117_3518-A_oakridgefc.pdf,muhammadeakub,f497d7ed5c476beec0a56fc54c6f5035fe1fa5fb369e537e1f9c9f7b11160437,seal on last page(s) of 1
2026-10-02T10:16:37,approved,118_INV048262_harborcourier.pdf,118_INV048262_harborcourier.pdf,muhammadeakub,9d60ea97480f61fe25a63dee2caa7889cb33b05ab146422ae57b295cf7b0275c,seal on last page(s) of 1
2026-10-02T10:16:37,approved,119_91859-A_cascadecr.pdf,119_91859-A_cascadecr.pdf,muhammadeakub,3763af7cc3728ed169671260cabdcbe09d3d4a3d736e2165202558de5a59d751,seal on last page(s) of 1
2026-10-02T10:16:37,approved,120_58177-A_cascadecr.pdf,120_58177-A_cascadecr.pdf,muhammadeakub,484740f680b6e2a5c0faa8e5516ed19dfbe34406020c07d0499e330a4eddf18b,seal on last page(s) of 4
2026-10-02T10:16:37,approved,121_80681_graniterecords.pdf,121_80681_graniterecords.pdf,muhammadeakub,66e50ca5380ebb44a4655b15fbb62e144af00432ff0634431e9bd9d5fc4ab829,seal on last page(s) of 2
2026-10-02T10:16:37,approved,122_INV-2026-6292_cascadecr.pdf,122_INV-2026-6292_cascadecr.pdf,muhammadeakub,78a240498086b2f48fe29f1af61f632cf71059536044d0382385544fa610ca22,seal on last page(s) of 2
2026-10-02T10:16:37,approved,123_INV021895_summitit.pdf,123_INV021895_summitit.pdf,muhammadeakub,0f80430ca4db94d8de721632f105c3b955385a2126c3ad41286a675250dee719,seal on last page(s) of 2
2026-10-02T10:16:37,approved,124_INV-2026-57167_northwindtx.pdf,124_INV-2026-57167_northwindtx.pdf,muhammadeakub,cd0ed99c782ef9633e75f00b4c54ea4bfaec03fa30385263ed4ded827e3e3cec,seal on last page(s) of 1
2026-10-02T10:16:37,approved,125_INV-2026-39816_summitit.pdf,125_INV-2026-39816_summitit.pdf,muhammadeakub,6a18b2e5bd04d7a46cc8400579f6677f7e2c3d699326b23d1db38bd857b682e3,seal on last page(s) of 1
2026-10-02T10:16:37,approved,126_56446-A_harborcourier.pdf,126_56446-A_harborcourier.pdf,muhammadeakub,56e41fa7db03c8efdbcefff7634a56bcd1637654cc6173d83c0a520d1d68709c,seal on last page(s) of 1
2026-10-02T10:16:37,approved,127_INV-2026-24993_cascadecr.pdf,127_INV-2026-24993_cascadecr.pdf,muhammadeakub,3ec04ddd54474df2508dfedf322b85a75a3a9ef16873cf53aae8b45cf5e46958,seal on last page(s) of 2
2026-10-02T10:16:37,approved,128_39599-A_summitit.pdf,128_39599-A_summitit.pdf,muhammadeakub,d83d598b52326c20bc1e29e30a48b3bfeac9b2e4d992ec39dc980b85db1deb35,seal on last page(s) of 1
2026-10-02T10:16:37,approved,129_68529-A_graniterecords.pdf,129_68529-A_graniterecords.pdf,muhammadeakub,3ddd6aa3eb5631b883685ab6c31d17adcf20abc009f5043fec1e06061895ebb4,seal on last page(s) of 1
2026-10-02T10:16:37,approved,130_9816-A_brightline.pdf,130_9816-A_brightline.pdf,muhammadeakub,985e03e895098d204af2c12a13054465285d5797a030a279a721c3f6f24a3d78,seal on last page(s) of 2
2026-10-02T10:16:37,approved,131_80865-A_oakridgefc.pdf,131_80865-A_oakridgefc.pdf,muhammadeakub,d2580fa0d2355e5f57162d7ee2d3a1e0a126b4d7355d4815bd175b2c376737e4,seal on last page(s) of 1
2026-10-02T10:16:37,approved,132_57599_graniterecords.pdf,132_57599_graniterecords.pdf,muhammadeakub,1ab799b6fab495e4474654d9cde57ba1625e6c0ac640df066b4d5e3f83b46c0b,seal on last page(s) of 1
2026-10-02T10:16:37,approved,133_INV091049_pinecrestcater.pdf,133_INV091049_pinecrestcater.pdf,muhammadeakub,107fc3fa8355cccea76adb5425bf80be61cc9ffeb5a257f6b1a06821ce5f0923,seal on last page(s) of 1
2026-10-02T10:16:37,approved,134_38886_meridiansec.pdf,134_38886_meridiansec.pdf,muhammadeakub,2f6cb5c2af35fd7b80ad32f3bdaf7d1f298904178156fb25f2c3dd36d4751819,seal on last page(s) of 1
2026-10-02T10:16:37,approved,135_INV-2026-57859_oakridgefc.pdf,135_INV-2026-57859_oakridgefc.pdf,muhammadeakub,f2226d40d583ade6f7fed16172aff783ec6571f02ef63279d2732e4cff81cfe8,seal on last page(s) of 1
2026-10-02T10:16:37,approved,136_INV-2026-99167_pinecrestcater.pdf,136_INV-2026-99167_pinecrestcater.pdf,muhammadeakub,b2a92e280a3db7de5d1793f3d6ba331c2dab46c79b3a3b0eb2ff1ba8e45fecc6,seal on last page(s) of 2
2026-10-02T10:16:37,approved,137_INV-2026-9636_oakridgefc.pdf,137_INV-2026-9636_oakridgefc.pdf,muhammadeakub,80661e8d6113e3eb96b8f309fe86fd912ffdd79b042355c4d4effc4ff85b496e,seal on last page(s) of 2
2026-10-02T10:16:37,approved,138_42722_northwindtx.pdf,138_42722_northwindtx.pdf,muhammadeakub,eea45fadc0da7c4939ace4d1df48b0244f3e9fdffa74d56ab1e67c35ad7224d1,seal on last page(s) of 1
2026-10-02T10:16:37,approved,139_67920_bluewaterprint.pdf,139_67920_bluewaterprint.pdf,muhammadeakub,ca15f41b2d13381fdfdd2ad2c1f47b2aeaa1be21f70f57bb33ac8c4bfd395ae2,seal on last page(s) of 2
2026-10-02T10:16:37,approved,140_72601_harborcourier.pdf,140_72601_harborcourier.pdf,muhammadeakub,72e743010ae164544e107bee8b662b7bbda2ce43ef481396f21fc2e4f7e7dbbc,seal on last page(s) of 1
2026-10-02T10:16:37,approved,141_36504-A_harborcourier.pdf,141_36504-A_harborcourier.pdf,muhammadeakub,e060b5ac821eaee992796a18f71b52f7740f2f3da42e4783225cd1565c9ee0ec,seal on last page(s) of 1
2026-10-02T10:16:37,approved,142_INV068090_pinecrestcater.pdf,142_INV068090_pinecrestcater.pdf,muhammadeakub,ec7234194b3886ebd7321f89c58a9d4fa10c280413c9adcb6d0a3e147a438e0c,seal on last page(s) of 1
2026-10-02T10:16:38,approved,143_65338_harborcourier.pdf,143_65338_harborcourier.pdf,muhammadeakub,d0621a57e07c92fc73605f4bcaf40297cee19a0fca74ec8ccc5973a90faea998,seal on last page(s) of 1
2026-10-02T10:16:38,approved,144_INV048866_meridiansec.pdf,144_INV048866_meridiansec.pdf,muhammadeakub,671eaf0fe82b468f4871bc02389a07e050e9f4ec8d3e74583e49bbac3d9778b1,seal on last page(s) of 1
2026-10-02T10:16:38,approved,145_13355-A_meridiansec.pdf,145_13355-A_meridiansec.pdf,muhammadeakub,2634cc7b3d14da152b12bcd04aba745f155fba179de07c222248189a86401677,seal on last page(s) of 1
2026-10-02T10:16:38,approved,146_14563-A_harborcourier.pdf,146_14563-A_harborcourier.pdf,muhammadeakub,66f135a5b7f28f0300ddb971c41e8ae7630193fc238032872db058c6eea46bf4,seal on last page(s) of 2
2026-10-02T10:16:38,approved,147_INV-2026-63922_bluewaterprint.pdf,147_INV-2026-63922_bluewaterprint.pdf,muhammadeakub,8c398aa8d52217405400864c1e75dd8a92bb75d664fa47c2ec1e2ad4c4b7cfae,seal on last page(s) of 1
2026-10-02T10:16:38,approved,148_03211_oakridgefc.pdf,148_03211_oakridgefc.pdf,muhammadeakub,cc9cf16c4f508b1494bbdfdd70eb16c561bbbc0f8b3f136f5be30ed8127b5688,seal on last page(s) of 2
2026-10-02T10:16:38,approved,149_89284_northwindtx.pdf,149_89284_northwindtx.pdf,muhammadeakub,3dff2f55c6dee6181b89f07c6ec56a08b5c18bf58d26f17614046718ac5a5103,seal on last page(s) of 2
2026-10-02T10:16:38,approved,150_35398_cascadecr.pdf,150_35398_cascadecr.pdf,muhammadeakub,ac0946cdff3b4372602199ff7e4c051e2709849624c941ccbc3f59f155b18351,seal on last page(s) of 1
2026-10-02T10:16:38,approved,151_INV094667_graniterecords.pdf,151_INV094667_graniterecords.pdf,muhammadeakub,22ce5a4da1d291bd6f281fedc40abda114bfc79552187e9670c8d1ac06c6d0c2,seal on last page(s) of 1
2026-10-02T10:16:38,approved,152_85946-A_northwindtx.pdf,152_85946-A_northwindtx.pdf,muhammadeakub,7986b0447973e661b3800bc62e9f6b0d92b5cb6b950ebbb78609742bfdecaf85,seal on last page(s) of 1
2026-10-02T10:16:38,approved,154_INV-2026-13623_summitit.pdf,154_INV-2026-13623_summitit.pdf,muhammadeakub,678c59b17487829e9879d2b6024fd24d5cf173fdb8e0e56d1938c230013dcf24,seal on last page(s) of 3
2026-10-02T10:16:38,approved,155_25414-A_harborcourier.pdf,155_25414-A_harborcourier.pdf,muhammadeakub,e4289236b8abb9a0d71a0bbc7cb0e0eac3f2cac5ed826a3f79c563b7e9395656,seal on last page(s) of 2
2026-10-02T10:16:38,approved,156_76780_meridiansec.pdf,156_76780_meridiansec.pdf,muhammadeakub,93969b5ca16ff8d260bd7ea6617e7a92b827979ad615cdb736dc937f4c162e4d,seal on last page(s) of 3
2026-10-02T10:16:38,approved,157_INV-2026-19980_cascadecr.pdf,157_INV-2026-19980_cascadecr.pdf,muhammadeakub,bdd102d42a13996f601001192b81b3686f8b008f41bec0b74a51eafa578b828b,seal on last page(s) of 3
2026-10-02T10:16:38,approved,158_17314-A_oakridgefc.pdf,158_17314-A_oakridgefc.pdf,muhammadeakub,72232ddc086d14e4d26f34596741eaab1488ed3280ac954c61b0da1fa134b06f,seal on last page(s) of 4
2026-10-02T10:16:38,approved,159_INV062173_cascadecr.pdf,159_INV062173_cascadecr.pdf,muhammadeakub,09515740fa73cde2d47f3e615248df9eda612b3f15d5ad2d33d42b651fab4fff,seal on last page(s) of 1
2026-10-02T10:16:38,approved,160_INV-2026-57007_oakridgefc.pdf,160_INV-2026-57007_oakridgefc.pdf,muhammadeakub,5bfb4ddebb86ac6a3475a62ba0531ef645dfd30e6396688b8557c1e89f67d28e,seal on last page(s) of 1
2026-10-02T10:16:38,approved,161_17570_harborcourier.pdf,161_17570_harborcourier.pdf,muhammadeakub,dac60edd4f357226a869f6a9b87f6d1b42f50e2a608ad43c6ae6f1cbdebf2ceb,seal on last page(s) of 2
2026-10-02T10:16:38,approved,162_26344_northwindtx.pdf,162_26344_northwindtx.pdf,muhammadeakub,4c6bb656717cccbee3c3bfafa701f8eb58e835f222345c4f90451a8ed5101dc4,seal on last page(s) of 1
2026-10-02T10:16:38,approved,163_90331-A_northwindtx.pdf,163_90331-A_northwindtx.pdf,muhammadeakub,8e4fd8e91a0c6f75c96b5664a7117bbd0b6a62080e0884effcd5dbb437fb0b12,seal on last page(s) of 2
2026-10-02T10:16:38,approved,165_INV063712_pinecrestcater.pdf,165_INV063712_pinecrestcater.pdf,muhammadeakub,0f5793ddb2fc7b63de05a830bec19c9767e1c52a68733cab8f59bd614e48b63d,seal on last page(s) of 2
2026-10-02T10:16:38,approved,166_20367_oakridgefc.pdf,166_20367_oakridgefc.pdf,muhammadeakub,cb59a2d20c57377e1eb933c172881d21601ecc1367f2a28eb83e74bf1190e3ce,seal on last page(s) of 1
2026-10-02T10:16:38,approved,167_19121_oakridgefc.pdf,167_19121_oakridgefc.pdf,muhammadeakub,2c799f5fa157e2a01968ede364e437bb1b7603f158d9bda4fed164393d5ef2b6,seal on last page(s) of 2
2026-10-02T10:16:38,approved,168_INV-2026-21933_graniterecords.pdf,168_INV-2026-21933_graniterecords.pdf,muhammadeakub,9f6a45cf16f0b811414238e9c0c03d40d4e63856e94c6701978d43e6f4a7d5f5,seal on last page(s) of 1
2026-10-02T10:16:38,approved,169_INV023663_graniterecords.pdf,169_INV023663_graniterecords.pdf,muhammadeakub,00f4706e2eaddfc7874271b379e03decdcae5473128ba1d199d62847743e54ed,seal on last page(s) of 1
2026-10-02T10:16:38,approved,170_17652_meridiansec.pdf,170_17652_meridiansec.pdf,muhammadeakub,2a552c49d38609707c0f3968bd95be6ca5ed080325d3fa516020d762f690d596,seal on last page(s) of 2
2026-10-02T10:16:38,approved,171_84509_cascadecr.pdf,171_84509_cascadecr.pdf,muhammadeakub,57763ab85a36d08337036c876f190014bebd0fc32e051660d107ce377a1d6eba,seal on last page(s) of 1
2026-10-02T10:16:38,approved,172_38939_northwindtx.pdf,172_38939_northwindtx.pdf,muhammadeakub,948481cf268caa345e80947d9c7de570b177822fe9fb5759bfcb1239ad45299f,seal on last page(s) of 1
2026-10-02T10:16:38,approved,173_83744-A_cascadecr.pdf,173_83744-A_cascadecr.pdf,muhammadeakub,bffd7afd0e0d4d54255756fac8d0f8d58a2ef7852eb81c466daf556374466f4f,seal on last page(s) of 1
2026-10-02T10:16:38,approved,174_INV091064_brightline.pdf,174_INV091064_brightline.pdf,muhammadeakub,123ea22a32e00648762f788a7852f9264948cfa2e2065be653770fca35917cd8,seal on last page(s) of 2
2026-10-02T10:16:38,approved,175_76648-A_bluewaterprint.pdf,175_76648-A_bluewaterprint.pdf,muhammadeakub,254c2efbad6b4e4b040960c9fc50be18e4770ea56b27ce575bf5e6e3b487a396,seal on last page(s) of 1
2026-10-02T10:16:38,approved,176_12079_northwindtx.pdf,176_12079_northwindtx.pdf,muhammadeakub,dcec7165990c9152776102de562f1d04a085311a2899583cee9ba317367db81a,seal on last page(s) of 1
2026-10-02T10:16:38,approved,177_20006_cascadecr.pdf,177_20006_cascadecr.pdf,muhammadeakub,01aaeaad70464106eedeb865a316060d9d0db3cfd0da8658d47af0bb0a0d5f76,seal on last page(s) of 3
2026-10-02T10:16:38,approved,179_93128_summitit.pdf,179_93128_summitit.pdf,muhammadeakub,1a1bc85f04353304ad6fbbfbf2b4c5bca5f1f63f14a2322058eb558d1d6c4f3a,seal on last page(s) of 1
2026-10-02T10:16:38,approved,180_INV057229_harborcourier.pdf,180_INV057229_harborcourier.pdf,muhammadeakub,928adaeae24964eb386ed1bdc7c527e4bedddbf8ecb5b63f397808edef44cc78,seal on last page(s) of 2
2026-10-02T10:16:38,approved,182_82779_harborcourier.pdf,182_82779_harborcourier.pdf,muhammadeakub,d8c679d700209da2a65429eb5d3d73f135995a7dac58a7aeb93dc0112bb5b591,seal on last page(s) of 3
2026-10-02T10:16:38,approved,183_INV-2026-48880_meridiansec.pdf,183_INV-2026-48880_meridiansec.pdf,muhammadeakub,381970811daa6ad149dc14c136bf6fa5f3f1bb774f1be37c180efb3976d7b183,seal on last page(s) of 2
2026-10-02T10:16:38,approved,184_41809-A_brightline.pdf,184_41809-A_brightline.pdf,muhammadeakub,62722b6d3c722f7452c86867a132106ffa791e1ec72681122a680e340be1807a,seal on last page(s) of 1
2026-10-02T10:16:38,approved,185_INV082045_graniterecords.pdf,185_INV082045_graniterecords.pdf,muhammadeakub,9c5230bc14d2574d063133754216ee9f3e05725ce853a4f6da41411d4c1bdf01,seal on last page(s) of 1
2026-10-02T10:16:38,approved,186_INV-2026-1175_pinecrestcater.pdf,186_INV-2026-1175_pinecrestcater.pdf,muhammadeakub,aeb5fcfe4eec582f59f987b332a5bcf1256cf3a7c03b902803b13ef2573b7474,seal on last page(s) of 3
2026-10-02T10:16:38,approved,187_12097_brightline.pdf,187_12097_brightline.pdf,muhammadeakub,b3aafc244d43dd7bff6d6775e756a12266c5e9e8dc3876dbcbc04bc504b7a599,seal on last page(s) of 3
2026-10-02T10:16:38,approved,188_51189_brightline.pdf,188_51189_brightline.pdf,muhammadeakub,37bd98f02abfe566cfc8a483af3032164a9a86aa4e0fb6bec22bbf56e78e9b43,seal on last page(s) of 1
2026-10-02T10:16:38,approved,189_54796_harborcourier.pdf,189_54796_harborcourier.pdf,muhammadeakub,d32e7a034bd777a981df743fdafc8e8c87048af058395302dcffa0a048881c4b,seal on last page(s) of 2
2026-10-02T10:16:38,approved,190_INV-2026-35842_northwindtx.pdf,190_INV-2026-35842_northwindtx.pdf,muhammadeakub,fef8deaf9682f0ba903151fe967951a343a0f50987c32386adbe592e23746a26,seal on last page(s) of 4
2026-10-02T10:16:38,approved,191_87683_bluewaterprint.pdf,191_87683_bluewaterprint.pdf,muhammadeakub,a42e2c615d4c4e0d6d62a9ca81812a1b04cd59c3b4d9575c9941aae3866c1b0b,seal on last page(s) of 4
2026-10-02T10:16:38,approved,192_INV010127_summitit.pdf,192_INV010127_summitit.pdf,muhammadeakub,fb94e0027a49cc68280f6edb908137873368bbf31116610f5fe12272212afeae,seal on last page(s) of 4
2026-10-02T10:16:38,approved,193_62447_meridiansec.pdf,193_62447_meridiansec.pdf,muhammadeakub,d5715cbd01d9f6dc2bfe47719707a3a1d21982f1dd25cdef34be1726ce9f3c15,seal on last page(s) of 1
2026-10-02T10:16:38,approved,194_INV-2026-90739_brightline.pdf,194_INV-2026-90739_brightline.pdf,muhammadeakub,ee50075ac841872a8c20695bfd8af6b23067482551de7f4ed5f19021b10e43ed,seal on last page(s) of 1
2026-10-02T10:16:38,approved,195_INV099929_northwindtx.pdf,195_INV099929_northwindtx.pdf,muhammadeakub,c2f736635ad4b96727aa065c2709729d779eae7476e7aab86dc02aad9a7d0a71,seal on last page(s) of 2
2026-10-02T10:16:38,approved,196_INV-2026-91101_pinecrestcater.pdf,196_INV-2026-91101_pinecrestcater.pdf,muhammadeakub,7f6c9a8c6207eb3b22a19a526cb35ceb6c34f8e0921cff483fe74ae7ae782142,seal on last page(s) of 1
2026-10-02T10:16:38,approved,197_INV-2026-40845_harborcourier.pdf,197_INV-2026-40845_harborcourier.pdf,muhammadeakub,35f91897e40b7e1f88a07804c8f403a1cf88e3ef5c26cb9e97a785586f048191,seal on last page(s) of 2
2026-10-02T10:16:38,approved,198_INV-2026-71425_meridiansec.pdf,198_INV-2026-71425_meridiansec.pdf,muhammadeakub,48ac0bba8e69dee237c749b463404a665ebbebec8ba335643f097237c0373647,seal on last page(s) of 1
2026-10-02T10:16:38,approved,199_INV015698_oakridgefc.pdf,199_INV015698_oakridgefc.pdf,muhammadeakub,9138d63c4f070175acfa754cf823239a8b3cc1f4750cd5a228cf0ddf88aead89,seal on last page(s) of 2
2026-10-02T10:16:38,approved,200_INV056808_graniterecords.pdf,200_INV056808_graniterecords.pdf,muhammadeakub,0328baab5b158f38029abad8492546cda6dbf07d499ed891ec7c820232a9c473,seal on last page(s) of 3
2026-10-02T10:24:36,receive-failed,153_83730_bluewaterprint.pdf,,muhammadeakub,,password-protected PDF; ask the sender for an unlocked copy
2026-10-02T10:24:36,receive-failed,164_INV027061_brightline.pdf,,muhammadeakub,,password-protected PDF; ask the sender for an unlocked copy
2026-10-02T10:24:36,receive-failed,178_INV029699_oakridgefc.pdf,,muhammadeakub,,password-protected PDF; ask the sender for an unlocked copy
2026-10-02T10:24:36,receive-failed,181_INV021519_harborcourier.pdf,,muhammadeakub,,password-protected PDF; ask the sender for an unlocked copy
2026-10-02T10:27:04,received,001_24836-A_brightline.pdf,001_24836-A_brightline.pdf,muhammadeakub,20667beedfe1242ac0ab8f4c7347fc9355815478a631532ae951685e0d4c8886,RECEIVED 2026-10-02; 1 pages
2026-10-02T10:27:04,received,002_INV049972_northwindtx.pdf,002_INV049972_northwindtx.pdf,muhammadeakub,7a7c5efb23bc4c04209033b552b1ffc7b0e7c73e481df777eba7a774962c1730,RECEIVED 2026-10-02; 1 pages
2026-10-02T10:27:04,received,003_97092-A_bluewaterprint.pdf,003_97092-A_bluewaterprint.pdf,muhammadeakub,1c350aebb103e19f479b6c585ab7066caa22cb6e01783e46ae30bd2c87727acb,RECEIVED 2026-10-02; 2 pages
2026-10-02T10:27:04,received,004_70950-A_cascadecr.pdf,004_70950-A_cascadecr.pdf,muhammadeakub,94552e0aec42f2172b7d1ad9f239e719ecc42cc713a5cab7f8a53cd3a85d1f1d,RECEIVED 2026-10-02; 2 pages
2026-10-02T10:27:04,received,005_32411-A_cascadecr.pdf,005_32411-A_cascadecr.pdf,muhammadeakub,18c162891cb886d5a34e05ae36bc91863cad32db74eea438a50d5909db5a2a33,RECEIVED 2026-10-02; 2 pages
2026-10-02T10:27:04,received,006_86823_meridiansec.pdf,006_86823_meridiansec.pdf,muhammadeakub,235039834981f1abfbae024c6afd41ffef23e4dbc9e8f7d4f9da69401e2b3fc6,RECEIVED 2026-10-02; 1 pages
2026-10-02T10:27:04,received,007_4654-A_bluewaterprint.pdf,007_4654-A_bluewaterprint.pdf,muhammadeakub,d3423bb0810e8bd89ce95b1701ea8eed32169bae2ee01c6bb93eafd09554401e,RECEIVED 2026-10-02; 2 pages
2026-10-02T10:27:04,received,008_92839_pinecrestcater.pdf,008_92839_pinecrestcater.pdf,muhammadeakub,6c21e53f33b685fbb47f051332e567b0cee9dcb10f3f7a1d9df6d7b6709c46b6,RECEIVED 2026-10-02; 2 pages
2026-10-02T10:27:04,received,009_INV036164_bluewaterprint.pdf,009_INV036164_bluewaterprint.pdf,muhammadeakub,85d182607d06382859e92ecc69d565c9e2c915f65a5100a9b4e18d85250f1d38,RECEIVED 2026-10-02; 1 pages
2026-10-02T10:27:04,received,010_70020-A_meridiansec.pdf,010_70020-A_meridiansec.pdf,muhammadeakub,b2b9d4ce708b8e330f35fa4cb293cf4000ed650293bd51e7bb977cd6d6f586ac,RECEIVED 2026-10-02; 2 pages
2026-10-02T10:27:04,received,011_INV-2026-51897_northwindtx.pdf,011_INV-2026-51897_northwindtx.pdf,muhammadeakub,4abe03c368866303ee79064240f5b2f967fa8047deb1a75960c8efffc39f384c,RECEIVED 2026-10-02; 1 pages
2026-10-02T10:27:04,received,012_54425_pinecrestcater.pdf,012_54425_pinecrestcater.pdf,muhammadeakub,b2dd93d198d4955a7094f46e9af177431df6b17cb0a5c6ccfe11c5d2fa9a0e05,RECEIVED 2026-10-02; 1 pages
2026-10-02T10:27:04,received,013_INV-2026-98316_harborcourier.pdf,013_INV-2026-98316_harborcourier.pdf,muhammadeakub,d84ab0d7e430903542b7cbf3810b20cab7fab89dde2c92bde944bb2a7142c58c,RECEIVED 2026-10-02; 1 pages
2026-10-02T10:27:04,received,014_64906_oakridgefc.pdf,014_64906_oakridgefc.pdf,muhammadeakub,3437734005b11e919f528e8eef3bd13f310900fb8f2a27d4e2ba99cedd91644d,RECEIVED 2026-10-02; 1 pages
2026-10-02T10:27:04,received,015_INV-2026-77458_cascadecr.pdf,015_INV-2026-77458_cascadecr.pdf,muhammadeakub,c43412ae836e84957976c62ee902628da580dd4d9f2ea78170df5acfbe07acae,RECEIVED 2026-10-02; 3 pages
2026-10-02T10:27:04,received,016_43307_bluewaterprint.pdf,016_43307_bluewaterprint.pdf,muhammadeakub,b9ff157f6052831a083e1062a72e09e085efd295fb0be1211e9d4b396e295bf7,RECEIVED 2026-10-02; 1 pages
2026-10-02T10:27:04,received,017_73681_brightline.pdf,017_73681_brightline.pdf,muhammadeakub,88ca7bca8edade3f12af4f04987233834089f403547375ed286f8e25b0abf7c1,RECEIVED 2026-10-02; 3 pages
2026-10-02T10:27:04,received,018_INV-2026-84206_meridiansec.pdf,018_INV-2026-84206_meridiansec.pdf,muhammadeakub,7c49055b13a0c3b06c47cf108f7bec3d4ac2cb7a931f4dfd935a44e11c7d068b,RECEIVED 2026-10-02; 1 pages
2026-10-02T10:27:04,received,019_31623_harborcourier.pdf,019_31623_harborcourier.pdf,muhammadeakub,63bdb2a07d868451e17bd55336d05c204e36c522589e43e55ce9d2e154802b06,RECEIVED 2026-10-02; 1 pages
2026-10-02T10:27:04,received,020_INV-2026-32152_northwindtx.pdf,020_INV-2026-32152_northwindtx.pdf,muhammadeakub,850d8301530566a17de7c258107227805e0bc92685b9f241dcc369b91291e5f7,RECEIVED 2026-10-02; 2 pages
2026-10-02T10:27:04,received,021_33409-A_summitit.pdf,021_33409-A_summitit.pdf,muhammadeakub,a39c2784f557457b18774340f63da801b6f84f2af085b7eb6a7fdb85d354dc50,RECEIVED 2026-10-02; 4 pages
2026-10-02T10:27:04,received,022_INV-2026-84177_brightline.pdf,022_INV-2026-84177_brightline.pdf,muhammadeakub,3688128a776c001787e29984477866b15e369dc113d4cd83de511b7230f82c4e,RECEIVED 2026-10-02; 1 pages
2026-10-02T10:27:04,received,023_86916_oakridgefc.pdf,023_86916_oakridgefc.pdf,muhammadeakub,209c96a16daeffb9c54a4ae2b288b7cb4f5d7426132c185b983e36b081ccdf47,RECEIVED 2026-10-02; 1 pages
2026-10-02T10:27:04,received,024_INV-2026-25673_northwindtx.pdf,024_INV-2026-25673_northwindtx.pdf,muhammadeakub,9b58b67126995b1689da5acc5204c9770afd6f6d95a5ad64281792c3aeb676c8,RECEIVED 2026-10-02; 2 pages
2026-10-02T10:27:04,received,025_INV-2026-13821_summitit.pdf,025_INV-2026-13821_summitit.pdf,muhammadeakub,140fe65ce4416e84aeb9d817410df2658ededf64b7b328caa7d436c8345bc0fd,RECEIVED 2026-10-02; 3 pages
2026-10-02T10:27:04,received,026_93261_northwindtx.pdf,026_93261_northwindtx.pdf,muhammadeakub,27c3db8a655a4112d06387c2bf51272d1d0bc103b6c5bc5bcd077e47b0bb76ae,RECEIVED 2026-10-02; 2 pages
2026-10-02T10:27:04,received,027_1223-A_pinecrestcater.pdf,027_1223-A_pinecrestcater.pdf,muhammadeakub,b4e89927bd3c5ba0b2ffbd92c35ecb1c78d9f7262ea955990fdff9e0fc9fc891,RECEIVED 2026-10-02; 1 pages
2026-10-02T10:27:04,received,028_07714_graniterecords.pdf,028_07714_graniterecords.pdf,muhammadeakub,bfd6dc84b6d6b25e777b8c45c8eb5b05a02b55c455704a71e52e71f2ce0155c7,RECEIVED 2026-10-02; 4 pages
2026-10-02T10:27:04,received,029_INV-2026-95674_graniterecords.pdf,029_INV-2026-95674_graniterecords.pdf,muhammadeakub,5d743461b6a0bf5983f0a4a0b736188cffb80c33809a2c2bac5178f0f88880f5,RECEIVED 2026-10-02; 1 pages
2026-10-02T10:27:04,received,030_26708-A_brightline.pdf,030_26708-A_brightline.pdf,muhammadeakub,4364cf69c33cbd23de49f8acf0e88e250ec35e585e1e7d8856e780dcdccffa0f,RECEIVED 2026-10-02; 1 pages
2026-10-02T10:27:04,received,031_86873-A_brightline.pdf,031_86873-A_brightline.pdf,muhammadeakub,874a7979ac2c384f4f1629eaf80b6e74b40ba37f0ff0cca78d1710781c877859,RECEIVED 2026-10-02; 2 pages
2026-10-02T10:27:04,received,032_75539_meridiansec.pdf,032_75539_meridiansec.pdf,muhammadeakub,f85c2975e3619a66c764832f32ead6b81e39da46de22bc08c1af48c6936cd458,RECEIVED 2026-10-02; 1 pages
2026-10-02T10:27:04,received,033_INV095933_oakridgefc.pdf,033_INV095933_oakridgefc.pdf,muhammadeakub,a04b620d5af7e7c314e2e93876fb80b9213cbbbad20eaf08200281cb10b17589,RECEIVED 2026-10-02; 1 pages
2026-10-02T10:27:04,received,034_INV-2026-75079_meridiansec.pdf,034_INV-2026-75079_meridiansec.pdf,muhammadeakub,13135d6519523b2c901693c21e215abec54cf77a55a32cd545e30e7746c330d9,RECEIVED 2026-10-02; 2 pages
2026-10-02T10:27:04,received,035_INV092286_meridiansec.pdf,035_INV092286_meridiansec.pdf,muhammadeakub,c917496a6788d188892ed2a20d7173b18a0f1b3bf476bf25485b2a94b8cbb9eb,RECEIVED 2026-10-02; 1 pages
2026-10-02T10:27:04,received,036_INV092686_pinecrestcater.pdf,036_INV092686_pinecrestcater.pdf,muhammadeakub,ecfa1b547e751cca023c7ddee47813b10f2a9847140a79c393ad8d5f40516395,RECEIVED 2026-10-02; 1 pages
2026-10-02T10:27:04,received,037_37987_brightline.pdf,037_37987_brightline.pdf,muhammadeakub,0ba30971e2f9373063eea4199f8ab15ec4dc9b107c4940405385eac86314bbae,RECEIVED 2026-10-02; 1 pages
2026-10-02T10:27:04,received,038_INV040961_summitit.pdf,038_INV040961_summitit.pdf,muhammadeakub,ba3b7abef46a7076a0e3d7b031cbefa80904086e9553c3c426559867ab90a6db,RECEIVED 2026-10-02; 2 pages
2026-10-02T10:27:04,received,039_INV-2026-83702_meridiansec.pdf,039_INV-2026-83702_meridiansec.pdf,muhammadeakub,e1ac1715825e9574f686e828002f75a767b16d08ea6be561917d49dd40de5b9f,RECEIVED 2026-10-02; 1 pages
2026-10-02T10:27:04,received,040_65426_oakridgefc.pdf,040_65426_oakridgefc.pdf,muhammadeakub,1c0c5b0242f81a4b243d341f5abea40b36209a853a578d49dc567ea9fea904d3,RECEIVED 2026-10-02; 2 pages
2026-10-02T10:27:04,received,041_12209-A_meridiansec.pdf,041_12209-A_meridiansec.pdf,muhammadeakub,bf8d86df2a988387167bcaa7ea0ff38476a3013e52f125e1926c5e131a917eda,RECEIVED 2026-10-02; 3 pages
2026-10-02T10:27:04,received,042_14748-A_graniterecords.pdf,042_14748-A_graniterecords.pdf,muhammadeakub,635872194be1b7c3cde22633d21a5c5ad128f456c63f609e2086963bd4f2b9b5,RECEIVED 2026-10-02; 2 pages
2026-10-02T10:27:04,received,043_INV-2026-67724_pinecrestcater.pdf,043_INV-2026-67724_pinecrestcater.pdf,muhammadeakub,76bf89b216b98e761b61c3b33e85e7d65b05ef4bc6eea892e03fd3c7c5799387,RECEIVED 2026-10-02; 1 pages
2026-10-02T10:27:04,received,044_18237_harborcourier.pdf,044_18237_harborcourier.pdf,muhammadeakub,4584a37e0909836748d6c9f34f7f2f3845e8079e5f76989e3c5ca755f78efb4a,RECEIVED 2026-10-02; 2 pages
2026-10-02T10:27:04,received,045_INV-2026-99003_oakridgefc.pdf,045_INV-2026-99003_oakridgefc.pdf,muhammadeakub,cc1569a0fe40c1e1079b33854e7c31a4bedda73184a62eab4494ba29b738beee,RECEIVED 2026-10-02; 1 pages
2026-10-02T10:27:04,received,046_INV-2026-97477_summitit.pdf,046_INV-2026-97477_summitit.pdf,muhammadeakub,291ee7661b90a678622610887822749e9a73cafc82edcaf48790d79c3e60562b,RECEIVED 2026-10-02; 2 pages
2026-10-02T10:27:04,received,047_70724_cascadecr.pdf,047_70724_cascadecr.pdf,muhammadeakub,1ae72675271a0e2afc8ad386db6ca6051cec172601a0eb3c22e9ca946560115f,RECEIVED 2026-10-02; 2 pages
2026-10-02T10:27:04,received,048_INV029304_graniterecords.pdf,048_INV029304_graniterecords.pdf,muhammadeakub,10c4c4c583cf36b4fc640be0b9b014431ef62cbf26345abb3c26e857798fdf0e,RECEIVED 2026-10-02; 2 pages
2026-10-02T10:27:04,received,049_85659_graniterecords.pdf,049_85659_graniterecords.pdf,muhammadeakub,d17c50d16d249a5bd2ff9fe95f8ca36d784c38c34ba71959509227e1f3434496,RECEIVED 2026-10-02; 3 pages
2026-10-02T10:27:04,received,050_INV-2026-97866_meridiansec.pdf,050_INV-2026-97866_meridiansec.pdf,muhammadeakub,ec7c17361d3bc35fcf021bea0217536226844ce4c1dfd447c6d34616d59c0d17,RECEIVED 2026-10-02; 2 pages
2026-10-02T10:27:04,received,051_INV-2026-3014_brightline.pdf,051_INV-2026-3014_brightline.pdf,muhammadeakub,5b1528f0ef4243e3722cc9b5243de1dd575739bde27f95ba653920794b2d07bf,RECEIVED 2026-10-02; 2 pages
2026-10-02T10:27:04,received,052_INV028878_harborcourier.pdf,052_INV028878_harborcourier.pdf,muhammadeakub,f6f128f802e1b5768896f76adb7ffe886d06ac709df635f9fc1581f88ac64387,RECEIVED 2026-10-02; 1 pages
2026-10-02T10:27:04,received,053_INV045923_harborcourier.pdf,053_INV045923_harborcourier.pdf,muhammadeakub,ffb1ca9cbda6c6ef15861e957de5ee23796fd5081bff955564de78e4e50a892c,RECEIVED 2026-10-02; 1 pages
2026-10-02T10:27:04,received,054_INV037429_pinecrestcater.pdf,054_INV037429_pinecrestcater.pdf,muhammadeakub,b2d229884aaee41cf565f36b1253725cb0c198b9e7eebf3073a49eb82d8f9c40,RECEIVED 2026-10-02; 2 pages
2026-10-02T10:27:04,received,055_INV049941_northwindtx.pdf,055_INV049941_northwindtx.pdf,muhammadeakub,4aaf3d744dc7c47b02e3b6f60a3fac940a027fed4dee60084a554fa05cd898ea,RECEIVED 2026-10-02; 1 pages
2026-10-02T10:27:04,received,056_INV027590_oakridgefc.pdf,056_INV027590_oakridgefc.pdf,muhammadeakub,a9766dccbe14b8954cf3f1439ebfb017960aeb41c850828331f9db956bc2410a,RECEIVED 2026-10-02; 3 pages
2026-10-02T10:27:04,received,057_76644-A_harborcourier.pdf,057_76644-A_harborcourier.pdf,muhammadeakub,c24d8ade550f782ce035a8235ab91474422caa82efa0861187a9b4380365352b,RECEIVED 2026-10-02; 1 pages
2026-10-02T10:27:04,received,058_45721_cascadecr.pdf,058_45721_cascadecr.pdf,muhammadeakub,f3f352ff89d3a2211d6057ab868004d6c00b419d8502c7aaa79bf32db69006ea,RECEIVED 2026-10-02; 1 pages
2026-10-02T10:27:04,received,059_INV058184_graniterecords.pdf,059_INV058184_graniterecords.pdf,muhammadeakub,fa277cabfc7c63dc407b04aad7b50e857bc2b3a4a8cc69c5f0141fd891ed12a8,RECEIVED 2026-10-02; 2 pages
2026-10-02T10:27:04,received,060_76869-A_harborcourier.pdf,060_76869-A_harborcourier.pdf,muhammadeakub,48b1cf094afca217ac82152e1feab814362f4a8dd1f66b1eb6d4598024f5b4e9,RECEIVED 2026-10-02; 1 pages
2026-10-02T10:27:04,received,061_INV-2026-90352_meridiansec.pdf,061_INV-2026-90352_meridiansec.pdf,muhammadeakub,adb5e3ceda5d0c617ffee3bc30912c8615c2206f622b558d3243021b5ef6ddb6,RECEIVED 2026-10-02; 1 pages
2026-10-02T10:27:04,received,062_71956-A_brightline.pdf,062_71956-A_brightline.pdf,muhammadeakub,be77997234424e6106799914fe9caff16a40888c2bddb137685f618812421034,RECEIVED 2026-10-02; 1 pages
2026-10-02T10:27:04,received,063_86418_summitit.pdf,063_86418_summitit.pdf,muhammadeakub,9dfabe5a93ca9039e7415c6555510e7bc4d3d931256d9007e26a40c34cfda0fb,RECEIVED 2026-10-02; 2 pages
2026-10-02T10:27:04,received,064_24947_graniterecords.pdf,064_24947_graniterecords.pdf,muhammadeakub,66942c0fc2d24dcecf57188310b11e53c8a31d87aab276568de9eb0be33173f0,RECEIVED 2026-10-02; 2 pages
2026-10-02T10:27:04,received,065_08803_pinecrestcater.pdf,065_08803_pinecrestcater.pdf,muhammadeakub,1a8169f36e11cd62256f74d734047236aa845ce3e9527c5045ebdb608fc02a21,RECEIVED 2026-10-02; 3 pages
2026-10-02T10:27:04,received,066_INV-2026-16330_meridiansec.pdf,066_INV-2026-16330_meridiansec.pdf,muhammadeakub,933da53e670bc339fef3cf3039b9317ebd39ad47c7937ea52520a466cadfaff2,RECEIVED 2026-10-02; 2 pages
2026-10-02T10:27:04,received,067_47521_meridiansec.pdf,067_47521_meridiansec.pdf,muhammadeakub,62db9e05eed0092c79bc8636145c012781bf8a30ecc5a389fc14c1bc66198d35,RECEIVED 2026-10-02; 1 pages
2026-10-02T10:27:04,received,068_10168_cascadecr.pdf,068_10168_cascadecr.pdf,muhammadeakub,a728b6e3603c42fd95d13d98240419240438d13e5043cfd7bfd06b5f5191451f,RECEIVED 2026-10-02; 2 pages
2026-10-02T10:27:04,received,069_INV-2026-91802_cascadecr.pdf,069_INV-2026-91802_cascadecr.pdf,muhammadeakub,00ff8a47edbc66a0bc9ef2290802ab67ed2098a50b600a8378c40a93e670921f,RECEIVED 2026-10-02; 1 pages
2026-10-02T10:27:04,received,070_09884_pinecrestcater.pdf,070_09884_pinecrestcater.pdf,muhammadeakub,44e7ef9d3b866185447f074cb253446f617c7f6cdc8f6d7c73f78117e7f0be99,RECEIVED 2026-10-02; 1 pages
2026-10-02T10:27:04,received,071_51623-A_pinecrestcater.pdf,071_51623-A_pinecrestcater.pdf,muhammadeakub,68e19efbe6b3701626fc2aff0cd0c0cd9b908c8ee9bdcd2f9a9a877b379d518c,RECEIVED 2026-10-02; 3 pages
2026-10-02T10:27:04,received,072_55120-A_cascadecr.pdf,072_55120-A_cascadecr.pdf,muhammadeakub,5904f4ab1f54298ce4a0a94423b00e9622863bb7f182eeb6410baa9c8ede9711,RECEIVED 2026-10-02; 2 pages
2026-10-02T10:27:04,received,073_INV-2026-79630_bluewaterprint.pdf,073_INV-2026-79630_bluewaterprint.pdf,muhammadeakub,d765b1b7075706a6e45803363d1889f06d2926ac8214bcbfebd69448b3ecfb23,RECEIVED 2026-10-02; 3 pages
2026-10-02T10:27:04,received,074_INV-2026-26805_northwindtx.pdf,074_INV-2026-26805_northwindtx.pdf,muhammadeakub,cb1a6d8a54d1a84d56440d5b8c10e556e305f26a1caefe32ca36addff57225b6,RECEIVED 2026-10-02; 1 pages
2026-10-02T10:27:04,received,075_90404-A_oakridgefc.pdf,075_90404-A_oakridgefc.pdf,muhammadeakub,dff8ca08a80322efe7829f6690a80fa7a81e0c8e3d3b1f46a74e9f1f5315691a,RECEIVED 2026-10-02; 4 pages
2026-10-02T10:27:04,received,076_81214_brightline.pdf,076_81214_brightline.pdf,muhammadeakub,9372846db22507235470bfec7ce4dcc7da0c1aa473de09901ca1746f6ad36ada,RECEIVED 2026-10-02; 1 pages
2026-10-02T10:27:04,received,077_INV-2026-30499_bluewaterprint.pdf,077_INV-2026-30499_bluewaterprint.pdf,muhammadeakub,475132a33a781a34513e3f03eb1fc7dc348e1a9395ed2159897446b3f48319c9,RECEIVED 2026-10-02; 1 pages
2026-10-02T10:27:04,received,078_INV053992_cascadecr.pdf,078_INV053992_cascadecr.pdf,muhammadeakub,737a15451f64a0f2419a0cc55f7a96e1f4436a479f0e3969f3362eb08d876985,RECEIVED 2026-10-02; 2 pages
2026-10-02T10:27:04,received,079_88677-A_pinecrestcater.pdf,079_88677-A_pinecrestcater.pdf,muhammadeakub,e244688854bec53b78fce231c6762f18581b432a384d5d81aecd6c477ea03eae,RECEIVED 2026-10-02; 2 pages
2026-10-02T10:27:04,received,080_INV086336_cascadecr.pdf,080_INV086336_cascadecr.pdf,muhammadeakub,36b37eeb4fd4b46e32c15b5f7e91b8d9ed569555a90b799ca3f0210b12b9396d,RECEIVED 2026-10-02; 1 pages
2026-10-02T10:27:04,received,081_25158_northwindtx.pdf,081_25158_northwindtx.pdf,muhammadeakub,3c3486dfe614c65eb5082ef2bd17bba2068c1bf860c23b3f1436b590c0558e3d,RECEIVED 2026-10-02; 2 pages
2026-10-02T10:27:04,received,082_INV-2026-73075_pinecrestcater.pdf,082_INV-2026-73075_pinecrestcater.pdf,muhammadeakub,36bd2618e992d3f2a428ea4df89cc7123102078ddac8cc6f8fb21a5de90228fb,RECEIVED 2026-10-02; 1 pages
2026-10-02T10:27:04,received,083_INV070944_meridiansec.pdf,083_INV070944_meridiansec.pdf,muhammadeakub,14195bb3e7a9535b186f1ea89b3aa8a878c7f473e417218ed00d549d02db84ed,RECEIVED 2026-10-02; 2 pages
2026-10-02T10:27:04,received,084_2222-A_cascadecr.pdf,084_2222-A_cascadecr.pdf,muhammadeakub,4ff5f3f2f32e372c0b1359c167eaf4a7d2d482ed6d58cd4fe88333e00e7404c5,RECEIVED 2026-10-02; 1 pages
2026-10-02T10:27:04,received,085_40708_harborcourier.pdf,085_40708_harborcourier.pdf,muhammadeakub,7d51a4d96ca27e55d6f9a58556181aae6afd771b55f354bb19d945e3c06ac0ff,RECEIVED 2026-10-02; 1 pages
2026-10-02T10:27:04,received,086_INV045775_harborcourier.pdf,086_INV045775_harborcourier.pdf,muhammadeakub,efb390813b68c106928c41938f4f3493b8537cafb1a3d6b759e840d81b1ca7b0,RECEIVED 2026-10-02; 1 pages
2026-10-02T10:27:04,received,087_76860_brightline.pdf,087_76860_brightline.pdf,muhammadeakub,c57fbf197cb5c42cd8e1ade6e296daae2421e54cf9b3fda29ee6d51c44540b4a,RECEIVED 2026-10-02; 4 pages
2026-10-02T10:27:04,received,088_INV-2026-50056_summitit.pdf,088_INV-2026-50056_summitit.pdf,muhammadeakub,6f7951af98ad27335e8ccc84dcdf9add6333c34dfbfa6c72ae0de319d6b1c95a,RECEIVED 2026-10-02; 1 pages
2026-10-02T10:27:04,received,089_INV067481_graniterecords.pdf,089_INV067481_graniterecords.pdf,muhammadeakub,af46f9c6e2a7a38088ad13b99c409ca4cf901d222224915893b3e324c5786ab5,RECEIVED 2026-10-02; 1 pages
2026-10-02T10:27:04,received,090_INV052384_oakridgefc.pdf,090_INV052384_oakridgefc.pdf,muhammadeakub,ea3a8a87b19b2adc08a8954b42afec9f5bc236cf60e033740af8eb179467e96d,RECEIVED 2026-10-02; 1 pages
2026-10-02T10:27:04,received,091_75034_brightline.pdf,091_75034_brightline.pdf,muhammadeakub,935588d190e5222a9fc78a8f0acd5d68991b1c57c249bc4b24b175519e9ea7e0,RECEIVED 2026-10-02; 1 pages
2026-10-02T10:27:04,received,092_90853_harborcourier.pdf,092_90853_harborcourier.pdf,muhammadeakub,1b01fec760955551e2cc3f2199031d7f23794b6b450e9071d14ac6a25edaf8b6,RECEIVED 2026-10-02; 1 pages
2026-10-02T10:27:04,received,093_17207-A_meridiansec.pdf,093_17207-A_meridiansec.pdf,muhammadeakub,de6d45ef3d7c8dde55eab86ca85ad402ca43369356dde547fc9e888ea96405dc,RECEIVED 2026-10-02; 1 pages
2026-10-02T10:27:04,received,094_INV051237_graniterecords.pdf,094_INV051237_graniterecords.pdf,muhammadeakub,ccc064f8ff6b84878d2b192a1d831796b2c1a82bfc22dfd389e83df23e8c1c53,RECEIVED 2026-10-02; 2 pages
2026-10-02T10:27:04,received,095_90667_meridiansec.pdf,095_90667_meridiansec.pdf,muhammadeakub,e7976bf063f2dfa935fc24dd959058d047a4b0fb619ee341b6833e9a704bbca9,RECEIVED 2026-10-02; 2 pages
2026-10-02T10:27:04,received,096_25375-A_brightline.pdf,096_25375-A_brightline.pdf,muhammadeakub,2ff740c09e355deb54ede69d833e71774512e73bb26069c78e225f12ded900b5,RECEIVED 2026-10-02; 1 pages
2026-10-02T10:27:04,received,097_INV-2026-56249_oakridgefc.pdf,097_INV-2026-56249_oakridgefc.pdf,muhammadeakub,ec8ec163e7c8a10d9002ef10da44426e20d7f3e7e69ae24fbbabe8f9c6d53b10,RECEIVED 2026-10-02; 1 pages
2026-10-02T10:27:04,received,098_84736_oakridgefc.pdf,098_84736_oakridgefc.pdf,muhammadeakub,31235d1184b0627724ccaa476add53cb6f70f9db2c4ad98dc784de2e26b3f834,RECEIVED 2026-10-02; 2 pages
2026-10-02T10:27:04,received,099_INV056764_northwindtx.pdf,099_INV056764_northwindtx.pdf,muhammadeakub,821a93ea26e162b0bc769edce8cdd32c7a5b6ee8b39d77ae773e8d19644cf94a,RECEIVED 2026-10-02; 2 pages
2026-10-02T10:27:04,received,100_53498_graniterecords.pdf,100_53498_graniterecords.pdf,muhammadeakub,a421a58939e64087396422d6472bcc28f2d2ffc0eb3ac3169d94f440a0bd0c49,RECEIVED 2026-10-02; 1 pages
2026-10-02T10:27:04,received,101_INV-2026-74163_northwindtx.pdf,101_INV-2026-74163_northwindtx.pdf,muhammadeakub,8a9025e7c7a0b5fd9e98aa8117aabc0cf161361ff0037ffcf6caead46aefcc81,RECEIVED 2026-10-02; 3 pages
2026-10-02T10:27:04,received,102_INV-2026-42124_pinecrestcater.pdf,102_INV-2026-42124_pinecrestcater.pdf,muhammadeakub,554ccedc072df12818ded1537e543f8606a2ba9bc094d6bfc843076c1499972b,RECEIVED 2026-10-02; 4 pages
2026-10-02T10:27:04,received,103_INV-2026-31296_pinecrestcater.pdf,103_INV-2026-31296_pinecrestcater.pdf,muhammadeakub,ccc296a6f3c4c20054f98c30f1ce2b023768ff570dbfbed23c20bf62e6b2d9a5,RECEIVED 2026-10-02; 4 pages
2026-10-02T10:27:04,received,104_INV-2026-15738_harborcourier.pdf,104_INV-2026-15738_harborcourier.pdf,muhammadeakub,6509b8aae8b6789261e165ba92db2e5079aee8b486e4c4a887d69ad879f85229,RECEIVED 2026-10-02; 2 pages
2026-10-02T10:27:04,received,105_INV-2026-70724_summitit.pdf,105_INV-2026-70724_summitit.pdf,muhammadeakub,6f2e0d1d9c6588981fde221b408d0bbea29a7554cc14c6e874e22836512b1221,RECEIVED 2026-10-02; 1 pages
2026-10-02T10:27:04,received,106_73968-A_summitit.pdf,106_73968-A_summitit.pdf,muhammadeakub,cc3318f54686ffd3ed813f054ee25afe61e615066cdf476f61363d69d02e734b,RECEIVED 2026-10-02; 2 pages
2026-10-02T10:27:04,received,107_56930-A_graniterecords.pdf,107_56930-A_graniterecords.pdf,muhammadeakub,a71569b16561c28621968dff697819307feb62e96946c18e0e9d9f7892b05931,RECEIVED 2026-10-02; 1 pages
2026-10-02T10:27:04,received,108_INV048537_meridiansec.pdf,108_INV048537_meridiansec.pdf,muhammadeakub,5f3e7afb9fa45f69d318016ef4ecb55b186100d730c9a48fe3fb2e18ec40cc31,RECEIVED 2026-10-02; 2 pages
2026-10-02T10:27:04,received,109_INV027983_oakridgefc.pdf,109_INV027983_oakridgefc.pdf,muhammadeakub,ee0a4d1a746ecec6d0d9dbe3b2fa372d175ee84bf0efd27f19c6bc13a8a2c4b6,RECEIVED 2026-10-02; 1 pages
2026-10-02T10:27:04,received,110_INV083440_bluewaterprint.pdf,110_INV083440_bluewaterprint.pdf,muhammadeakub,19afd97dc7243a0b88776c0f875af5d07296be08771e01207be6151ab26b211a,RECEIVED 2026-10-02; 2 pages
2026-10-02T10:27:04,received,111_85855_oakridgefc.pdf,111_85855_oakridgefc.pdf,muhammadeakub,6fcc5a6c7ba960cbe89ade8393e5b0043a3ac43b9e7cf4400011080a27e7ac25,RECEIVED 2026-10-02; 1 pages
2026-10-02T10:27:04,received,112_INV-2026-33658_meridiansec.pdf,112_INV-2026-33658_meridiansec.pdf,muhammadeakub,f0ab3e6a3927c18c8f1c04c4854ce7abddc1dd8b7004ff14bad55d8fee15b74f,RECEIVED 2026-10-02; 1 pages
2026-10-02T10:27:04,received,113_66194_pinecrestcater.pdf,113_66194_pinecrestcater.pdf,muhammadeakub,1da653a6e1988ed3c68ad50839f5fe0c718ff9eaffdc94fff9f089c18d394ec6,RECEIVED 2026-10-02; 1 pages
2026-10-02T10:27:04,received,114_INV-2026-78056_harborcourier.pdf,114_INV-2026-78056_harborcourier.pdf,muhammadeakub,88a3174b6dfb23868742e1d63e647dce0cc7f3364702b9dcc73eb5966fe1b491,RECEIVED 2026-10-02; 1 pages
2026-10-02T10:27:04,received,115_INV-2026-1307_brightline.pdf,115_INV-2026-1307_brightline.pdf,muhammadeakub,8fcba284de9a6001a44626a92b7e92dddb9edce25b99028d3ed3f5e24960c871,RECEIVED 2026-10-02; 2 pages
2026-10-02T10:27:04,received,116_69668_pinecrestcater.pdf,116_69668_pinecrestcater.pdf,muhammadeakub,1d1e533e1dcd0814a6017a7c3492e2888cfc4ac56a0bbe2e8838e99ffdb0944a,RECEIVED 2026-10-02; 1 pages
2026-10-02T10:27:04,received,117_3518-A_oakridgefc.pdf,117_3518-A_oakridgefc.pdf,muhammadeakub,0308cd3aa785966909b3e9d577b064010134700548d5fb46569e8b627c741e54,RECEIVED 2026-10-02; 1 pages
2026-10-02T10:27:04,received,118_INV048262_harborcourier.pdf,118_INV048262_harborcourier.pdf,muhammadeakub,822057c14e500b250552b5df3748e87e36e9b71f472d59d8cdb5f223c7d0477f,RECEIVED 2026-10-02; 1 pages
2026-10-02T10:27:04,received,119_91859-A_cascadecr.pdf,119_91859-A_cascadecr.pdf,muhammadeakub,f0a3caf51b4a07c41a0b31800bb143d615b13673840c82fe874406b79059a901,RECEIVED 2026-10-02; 1 pages
2026-10-02T10:27:04,received,120_58177-A_cascadecr.pdf,120_58177-A_cascadecr.pdf,muhammadeakub,dd94576e2f189fbd31f409bba301ed82942713fd167917d8785d8b2cfef342a6,RECEIVED 2026-10-02; 4 pages
2026-10-02T10:27:04,received,121_80681_graniterecords.pdf,121_80681_graniterecords.pdf,muhammadeakub,cbcc8e0816fba2d7da85f25bb6e6ee207e3613285ecb7d61f0e560270ef362e5,RECEIVED 2026-10-02; 2 pages
2026-10-02T10:27:04,received,122_INV-2026-6292_cascadecr.pdf,122_INV-2026-6292_cascadecr.pdf,muhammadeakub,72cef878ec4d3334499174a7e4af406bfd537d0c9fcddf4d3bdf20fb7e5b1637,RECEIVED 2026-10-02; 2 pages
2026-10-02T10:27:04,received,123_INV021895_summitit.pdf,123_INV021895_summitit.pdf,muhammadeakub,1194e213dc041b757263b5d8dc7c6786ebcd3fbb16c77e93d9aa312d60c9e2d3,RECEIVED 2026-10-02; 2 pages
2026-10-02T10:27:04,received,124_INV-2026-57167_northwindtx.pdf,124_INV-2026-57167_northwindtx.pdf,muhammadeakub,26d65d90bdd65321d4b3eceebcef357034963f7006e9ea38e706c8c1ae1e31e2,RECEIVED 2026-10-02; 1 pages
2026-10-02T10:27:04,received,125_INV-2026-39816_summitit.pdf,125_INV-2026-39816_summitit.pdf,muhammadeakub,0e379a7f0214aed894d6969d21dd338edb603958754429c93331f257d20faf91,RECEIVED 2026-10-02; 1 pages
2026-10-02T10:27:04,received,126_56446-A_harborcourier.pdf,126_56446-A_harborcourier.pdf,muhammadeakub,f3647391bc14c70da2a554baa27fe513cd272df09ec912ee9205e06ff5a1d0c4,RECEIVED 2026-10-02; 1 pages
2026-10-02T10:27:04,received,127_INV-2026-24993_cascadecr.pdf,127_INV-2026-24993_cascadecr.pdf,muhammadeakub,2c726675f1ca94ec45c97d8c6f3d6ef48946cba9483c9a7685dff28fce23d048,RECEIVED 2026-10-02; 2 pages
2026-10-02T10:27:04,received,128_39599-A_summitit.pdf,128_39599-A_summitit.pdf,muhammadeakub,57897952628383a6381514dc8cfe4a789fbb125d27495446b374295ec68ddbb7,RECEIVED 2026-10-02; 1 pages
2026-10-02T10:27:04,received,129_68529-A_graniterecords.pdf,129_68529-A_graniterecords.pdf,muhammadeakub,5d7916d330f741de3bea7b45cf94a48998d4d0487185c89110c6e36fe6e6b82f,RECEIVED 2026-10-02; 1 pages
2026-10-02T10:27:04,received,130_9816-A_brightline.pdf,130_9816-A_brightline.pdf,muhammadeakub,c4d8ce36b11fd99924b10c7176c7a9a01203080cfc16e05286459dd1f6a56e25,RECEIVED 2026-10-02; 2 pages
2026-10-02T10:27:04,received,131_80865-A_oakridgefc.pdf,131_80865-A_oakridgefc.pdf,muhammadeakub,9c79f99e18890b8500e9b862c02b4f498ef05200a25c39649812350588e415db,RECEIVED 2026-10-02; 1 pages
2026-10-02T10:27:04,received,132_57599_graniterecords.pdf,132_57599_graniterecords.pdf,muhammadeakub,5cd07c2c18b5bb939b89b64b4f652825beee47a2fc067c411d22a71fe297ef13,RECEIVED 2026-10-02; 1 pages
2026-10-02T10:27:04,received,133_INV091049_pinecrestcater.pdf,133_INV091049_pinecrestcater.pdf,muhammadeakub,9193fc3907fb4fa92f3b3cbbf92bdea590a497167b8f52257b8d7927a974fa6d,RECEIVED 2026-10-02; 1 pages
2026-10-02T10:27:05,received,134_38886_meridiansec.pdf,134_38886_meridiansec.pdf,muhammadeakub,7262f2ae347baf3209b3a9738873b368334c2866b51fd0fda33f20f86e179542,RECEIVED 2026-10-02; 1 pages
2026-10-02T10:27:05,received,135_INV-2026-57859_oakridgefc.pdf,135_INV-2026-57859_oakridgefc.pdf,muhammadeakub,f1450c32ec8f5d54615cafa6a95049f99b85c81fa255c7b84038d1abb33b9a70,RECEIVED 2026-10-02; 1 pages
2026-10-02T10:27:05,received,136_INV-2026-99167_pinecrestcater.pdf,136_INV-2026-99167_pinecrestcater.pdf,muhammadeakub,2553834e067ccbd47312402bd1b539108777a9f79861bbc8366b93fd33ce5145,RECEIVED 2026-10-02; 2 pages
2026-10-02T10:27:05,received,137_INV-2026-9636_oakridgefc.pdf,137_INV-2026-9636_oakridgefc.pdf,muhammadeakub,4b695ef10670b3f04144a7a346f50c9a539d0455fa28bd7c1b6b35ca3de10e8f,RECEIVED 2026-10-02; 2 pages
2026-10-02T10:27:05,received,138_42722_northwindtx.pdf,138_42722_northwindtx.pdf,muhammadeakub,a8c6ef2f468c1b404eb9108e95a9dcca4d6a84d02a6ec225893c4e58ce3c30a4,RECEIVED 2026-10-02; 1 pages
2026-10-02T10:27:05,received,139_67920_bluewaterprint.pdf,139_67920_bluewaterprint.pdf,muhammadeakub,f53dd2ef03f8df84445a8d9ecf6a5076a4b65293322f0db4a21c20054d1e8796,RECEIVED 2026-10-02; 2 pages
2026-10-02T10:27:05,received,140_72601_harborcourier.pdf,140_72601_harborcourier.pdf,muhammadeakub,241e89a39dc623540dc90a21746d5dae110a74b292abb5e25b7e8476d60a2985,RECEIVED 2026-10-02; 1 pages
2026-10-02T10:27:05,received,141_36504-A_harborcourier.pdf,141_36504-A_harborcourier.pdf,muhammadeakub,133d9067a8549f3a460bc3942f1480c6f56957295012a3ac7f3375b2a69b9789,RECEIVED 2026-10-02; 1 pages
2026-10-02T10:27:05,received,142_INV068090_pinecrestcater.pdf,142_INV068090_pinecrestcater.pdf,muhammadeakub,c337cdcc4726e09b65be620d0a8bde1066f13e67de22b39f9f29fef44e4dc617,RECEIVED 2026-10-02; 1 pages
2026-10-02T10:27:05,received,143_65338_harborcourier.pdf,143_65338_harborcourier.pdf,muhammadeakub,33933fcea50d55ead9683a095aded4f3721c7c718459ceed59c15198c67b861a,RECEIVED 2026-10-02; 1 pages
2026-10-02T10:27:05,received,144_INV048866_meridiansec.pdf,144_INV048866_meridiansec.pdf,muhammadeakub,8ec3e387f831ee117e3f93ae8802c9046295ffc6e6229e3852de1979ff7ba635,RECEIVED 2026-10-02; 1 pages
2026-10-02T10:27:05,received,145_13355-A_meridiansec.pdf,145_13355-A_meridiansec.pdf,muhammadeakub,5e0b7e3e1dbb0cc41e8a617bd448abef34a16b3f8034ccc8f59c81975f9b5424,RECEIVED 2026-10-02; 1 pages
2026-10-02T10:27:05,received,146_14563-A_harborcourier.pdf,146_14563-A_harborcourier.pdf,muhammadeakub,5091bc86c84942262cb143d324634646b68b3d3e7f9f8eb45d93de9891d9a8d5,RECEIVED 2026-10-02; 2 pages
2026-10-02T10:27:05,received,147_INV-2026-63922_bluewaterprint.pdf,147_INV-2026-63922_bluewaterprint.pdf,muhammadeakub,6333ad8bc9ac22e0cf252f9abfb5502f311418406304b730343066286c9380db,RECEIVED 2026-10-02; 1 pages
2026-10-02T10:27:05,received,148_03211_oakridgefc.pdf,148_03211_oakridgefc.pdf,muhammadeakub,c67db2e36d0154febd119702042b698a77ca1e3ac2a2ce65b79b08473f363889,RECEIVED 2026-10-02; 2 pages
2026-10-02T10:27:05,received,149_89284_northwindtx.pdf,149_89284_northwindtx.pdf,muhammadeakub,c17233769ee659b40663b73df8a39133a02abbedcce06fad24c1ead366acfd91,RECEIVED 2026-10-02; 2 pages
2026-10-02T10:27:05,received,150_35398_cascadecr.pdf,150_35398_cascadecr.pdf,muhammadeakub,e21dcf8e62c7f43e35d834bf5a56ce9aff70344221de5715c0fce66ac403109a,RECEIVED 2026-10-02; 1 pages
2026-10-02T10:27:05,received,151_INV094667_graniterecords.pdf,151_INV094667_graniterecords.pdf,muhammadeakub,411cfc663fbdf0cf550608d757f94c27d65ab8358c4e6375d3acb8cd67d40048,RECEIVED 2026-10-02; 1 pages
2026-10-02T10:27:05,received,152_85946-A_northwindtx.pdf,152_85946-A_northwindtx.pdf,muhammadeakub,6f2957871fcd7c7728aa6e1856d4c748500698f140017c14098377bc19bfce96,RECEIVED 2026-10-02; 1 pages
2026-10-02T10:27:05,receive-failed,153_83730_bluewaterprint.pdf,,muhammadeakub,,password-protected PDF; ask the sender for an unlocked copy
2026-10-02T10:27:05,received,154_INV-2026-13623_summitit.pdf,154_INV-2026-13623_summitit.pdf,muhammadeakub,56d354e16fbe47b67dbbf48e6d3906dcc8a66e8f3d8666fa51beec6907644391,RECEIVED 2026-10-02; 3 pages
2026-10-02T10:27:05,received,155_25414-A_harborcourier.pdf,155_25414-A_harborcourier.pdf,muhammadeakub,84793cd67f92d98adbbd620dbe3861059093448865711c338ff0cfd189691f1e,RECEIVED 2026-10-02; 2 pages
2026-10-02T10:27:05,received,156_76780_meridiansec.pdf,156_76780_meridiansec.pdf,muhammadeakub,bcb59e1feb64bd2b899aafacfaa4b1e1203a7a6bf81087283ed8ce0dc5f341df,RECEIVED 2026-10-02; 3 pages
2026-10-02T10:27:05,received,157_INV-2026-19980_cascadecr.pdf,157_INV-2026-19980_cascadecr.pdf,muhammadeakub,7b3c3b4f648b92dcec7102afb4d750a2f028a71f6d7bc199d1158acf3118e36a,RECEIVED 2026-10-02; 3 pages
2026-10-02T10:27:05,received,158_17314-A_oakridgefc.pdf,158_17314-A_oakridgefc.pdf,muhammadeakub,8df44b87d781ae96f540cbc990551e8b24892b082926219a189c2951c78143db,RECEIVED 2026-10-02; 4 pages
2026-10-02T10:27:05,received,159_INV062173_cascadecr.pdf,159_INV062173_cascadecr.pdf,muhammadeakub,7ce8647c53da213b1002fa7f5bb002c7a877468da68b3b0b082608ec40305e33,RECEIVED 2026-10-02; 1 pages
2026-10-02T10:27:05,received,160_INV-2026-57007_oakridgefc.pdf,160_INV-2026-57007_oakridgefc.pdf,muhammadeakub,b0723f8550fd75681f47ab86510bfd51d345d9b39ecf5f54c6b0f7d50c5f59fa,RECEIVED 2026-10-02; 1 pages
2026-10-02T10:27:05,received,161_17570_harborcourier.pdf,161_17570_harborcourier.pdf,muhammadeakub,d040476851a1c7faa0508077e0f871d62c1b26b58d8c48dfa9cec96ffb3a7ba4,RECEIVED 2026-10-02; 2 pages
2026-10-02T10:27:05,received,162_26344_northwindtx.pdf,162_26344_northwindtx.pdf,muhammadeakub,bd1374e7487f3179f1ff7cdd65a258f3a25e89dcdd87d8ae26af3bb53ce03709,RECEIVED 2026-10-02; 1 pages
2026-10-02T10:27:05,received,163_90331-A_northwindtx.pdf,163_90331-A_northwindtx.pdf,muhammadeakub,286f476d70fba15e50e2b29679476bed9827b43685c054309b762d86b31bd269,RECEIVED 2026-10-02; 2 pages
2026-10-02T10:27:05,receive-failed,164_INV027061_brightline.pdf,,muhammadeakub,,password-protected PDF; ask the sender for an unlocked copy
2026-10-02T10:27:05,received,165_INV063712_pinecrestcater.pdf,165_INV063712_pinecrestcater.pdf,muhammadeakub,89d3bee20ce8d079618825479d0c3d45f75d2e98eba11c98844494ea43f7feac,RECEIVED 2026-10-02; 2 pages
2026-10-02T10:27:05,received,166_20367_oakridgefc.pdf,166_20367_oakridgefc.pdf,muhammadeakub,d40c805621d2de23224b67c6eacb17254d07ad1ec794433cf1968fbc76cc3123,RECEIVED 2026-10-02; 1 pages
2026-10-02T10:27:05,received,167_19121_oakridgefc.pdf,167_19121_oakridgefc.pdf,muhammadeakub,34ceb296c79cc72e760d691f84353bf5537ab6864dba7f38bcbe749102f802a9,RECEIVED 2026-10-02; 2 pages
2026-10-02T10:27:05,received,168_INV-2026-21933_graniterecords.pdf,168_INV-2026-21933_graniterecords.pdf,muhammadeakub,763355d6f8ba0ac2b699bd50df34f59993781254bb11dc3df4620eae825d6456,RECEIVED 2026-10-02; 1 pages
2026-10-02T10:27:05,received,169_INV023663_graniterecords.pdf,169_INV023663_graniterecords.pdf,muhammadeakub,10eedad1fd307d9b09d698e65d26eb8c26f7495b7fa3d0bf5c33bbaeaa07698b,RECEIVED 2026-10-02; 1 pages
2026-10-02T10:27:05,received,170_17652_meridiansec.pdf,170_17652_meridiansec.pdf,muhammadeakub,788e1fef1adf920bbd52b399551202d573fcd630b6245cf17f9c0b85efab4ea9,RECEIVED 2026-10-02; 2 pages
2026-10-02T10:27:05,received,171_84509_cascadecr.pdf,171_84509_cascadecr.pdf,muhammadeakub,4b29d089170c893a63ec0c3d92a6750a0da6851d7d3d9851b6fe9b4011961391,RECEIVED 2026-10-02; 1 pages
2026-10-02T10:27:05,received,172_38939_northwindtx.pdf,172_38939_northwindtx.pdf,muhammadeakub,5a709671776063bd751e36fac3707b4c43e493a12e529d20b901610d3f65c8a3,RECEIVED 2026-10-02; 1 pages
2026-10-02T10:27:05,received,173_83744-A_cascadecr.pdf,173_83744-A_cascadecr.pdf,muhammadeakub,025fd5eeab50fccfb8f0a1bc54d4e562a16465947a28066939f65ad440543a72,RECEIVED 2026-10-02; 1 pages
2026-10-02T10:27:05,received,174_INV091064_brightline.pdf,174_INV091064_brightline.pdf,muhammadeakub,e234a5c9975da85e19dd6152e655bec327480b13f5356af0979d06ad27d3883e,RECEIVED 2026-10-02; 2 pages
2026-10-02T10:27:05,received,175_76648-A_bluewaterprint.pdf,175_76648-A_bluewaterprint.pdf,muhammadeakub,60916258d9e45936462395d9e6bc78db61edc0431dca7f39da2ab8df4701d87a,RECEIVED 2026-10-02; 1 pages
2026-10-02T10:27:05,received,176_12079_northwindtx.pdf,176_12079_northwindtx.pdf,muhammadeakub,5f0ec27fe1516fdd557642ede3d402742a4a6a1450d3feeca43a799fec58c1a1,RECEIVED 2026-10-02; 1 pages
2026-10-02T10:27:05,received,177_20006_cascadecr.pdf,177_20006_cascadecr.pdf,muhammadeakub,1a634d812d0e221b984f3c3e120a60d474b94364e577786fa8c7a69a399c3d5c,RECEIVED 2026-10-02; 3 pages
2026-10-02T10:27:05,receive-failed,178_INV029699_oakridgefc.pdf,,muhammadeakub,,password-protected PDF; ask the sender for an unlocked copy
2026-10-02T10:27:05,received,179_93128_summitit.pdf,179_93128_summitit.pdf,muhammadeakub,aa16f084c44aad5ab05b423fa7b587b54feaccdb67f2d7e944a997b2b39a0a9d,RECEIVED 2026-10-02; 1 pages
2026-10-02T10:27:05,received,180_INV057229_harborcourier.pdf,180_INV057229_harborcourier.pdf,muhammadeakub,fc7c1b7231d19583b93c183ce86c58ba4b6917c949e195b8f38749ec597cc535,RECEIVED 2026-10-02; 2 pages
2026-10-02T10:27:05,receive-failed,181_INV021519_harborcourier.pdf,,muhammadeakub,,password-protected PDF; ask the sender for an unlocked copy
2026-10-02T10:27:05,received,182_82779_harborcourier.pdf,182_82779_harborcourier.pdf,muhammadeakub,04c5ed56651537b6c2b9b8f0335122f7efd05856185282fc0dc9cc5f6261c6f8,RECEIVED 2026-10-02; 3 pages
2026-10-02T10:27:05,received,183_INV-2026-48880_meridiansec.pdf,183_INV-2026-48880_meridiansec.pdf,muhammadeakub,17fd37ca39f2f4fda7cf7a2f3830a52581d0acdb8e8e566b6d80ee3ae0624130,RECEIVED 2026-10-02; 2 pages
2026-10-02T10:27:05,received,184_41809-A_brightline.pdf,184_41809-A_brightline.pdf,muhammadeakub,38c4d6d8f8238b0302efab903d6cda496b8bfd18becd467d446d7d51a897bd29,RECEIVED 2026-10-02; 1 pages
2026-10-02T10:27:05,received,185_INV082045_graniterecords.pdf,185_INV082045_graniterecords.pdf,muhammadeakub,55d0cbb2af3014a9174423de6c6e3b4b1fc4a79feed6c345e156a6309f9f1608,RECEIVED 2026-10-02; 1 pages
2026-10-02T10:27:05,received,186_INV-2026-1175_pinecrestcater.pdf,186_INV-2026-1175_pinecrestcater.pdf,muhammadeakub,d5af7d181fdd6bd44d27494b43a23593d6ec991c3aa0a78467092ae85f6b6c0a,RECEIVED 2026-10-02; 3 pages
2026-10-02T10:27:05,received,187_12097_brightline.pdf,187_12097_brightline.pdf,muhammadeakub,fbdbf2fe9cb97a15a4b49c0d80b26db61f9faf434bfd050133312694a818e14a,RECEIVED 2026-10-02; 3 pages
2026-10-02T10:27:05,received,188_51189_brightline.pdf,188_51189_brightline.pdf,muhammadeakub,3b23b014555cec94e214327109195939c5ed020460dd85bd1d4c566c821fef15,RECEIVED 2026-10-02; 1 pages
2026-10-02T10:27:05,received,189_54796_harborcourier.pdf,189_54796_harborcourier.pdf,muhammadeakub,789079d0229c6ed345a4834c43ba7e340f52b85f816f80d0e3b3e56c38e9dbb7,RECEIVED 2026-10-02; 2 pages
2026-10-02T10:27:05,received,190_INV-2026-35842_northwindtx.pdf,190_INV-2026-35842_northwindtx.pdf,muhammadeakub,eed2edeae43c0909e54890c54dbe9ac842607a1b115ad0f3bd61f143cc411fdc,RECEIVED 2026-10-02; 4 pages
2026-10-02T10:27:05,received,191_87683_bluewaterprint.pdf,191_87683_bluewaterprint.pdf,muhammadeakub,c8d00445c164653c2dd5b7b17e077b4ba524e5b35c03e95ada6a0aab7f3490e9,RECEIVED 2026-10-02; 4 pages
2026-10-02T10:27:05,received,192_INV010127_summitit.pdf,192_INV010127_summitit.pdf,muhammadeakub,46e50a5ea17e52026012ea497fa6855f9c76a896fa2073794a625737c9d07bc0,RECEIVED 2026-10-02; 4 pages
2026-10-02T10:27:05,received,193_62447_meridiansec.pdf,193_62447_meridiansec.pdf,muhammadeakub,39d75aaaa0fb64ab34530152c48b1a900a71e3ec2cab9a9a5a1deb559fbce5c9,RECEIVED 2026-10-02; 1 pages
2026-10-02T10:27:05,received,194_INV-2026-90739_brightline.pdf,194_INV-2026-90739_brightline.pdf,muhammadeakub,a2a80d9e1ee6adaa07ed39777436882dc86461c4775a8b45ec230b75d0a57b47,RECEIVED 2026-10-02; 1 pages
2026-10-02T10:27:05,received,195_INV099929_northwindtx.pdf,195_INV099929_northwindtx.pdf,muhammadeakub,1113b38aa584c1ab199b54a679437b516f2cac66b5a3d90bd5660f36aa3db57b,RECEIVED 2026-10-02; 2 pages
2026-10-02T10:27:05,received,196_INV-2026-91101_pinecrestcater.pdf,196_INV-2026-91101_pinecrestcater.pdf,muhammadeakub,35b3e67106bb0bc487b15748ee833e35c5c8e6d02e80accd93ac1f597cf2b71f,RECEIVED 2026-10-02; 1 pages
2026-10-02T10:27:05,received,197_INV-2026-40845_harborcourier.pdf,197_INV-2026-40845_harborcourier.pdf,muhammadeakub,61b07bdb6083c3e51819958fe93e152c67cb9af9c0877b6fe5ea4fcad9858eb0,RECEIVED 2026-10-02; 2 pages
2026-10-02T10:27:05,received,198_INV-2026-71425_meridiansec.pdf,198_INV-2026-71425_meridiansec.pdf,muhammadeakub,e7ffed13db1770faeb64621123216da99c984e72a1307fb6b270d1d7e2875e94,RECEIVED 2026-10-02; 1 pages
2026-10-02T10:27:05,received,199_INV015698_oakridgefc.pdf,199_INV015698_oakridgefc.pdf,muhammadeakub,853d3ddfbc20bd2d323b57a999ffc767e14a32469475c81466bd09e78b9fe01e,RECEIVED 2026-10-02; 2 pages
2026-10-02T10:27:05,received,200_INV056808_graniterecords.pdf,200_INV056808_graniterecords.pdf,muhammadeakub,706eed4476eb3b61b18495bf7beae328247a619b47831913f2be28e17bee1845,RECEIVED 2026-10-02; 3 pages
2026-10-02T10:35:03,approved,001_24836-A_brightline.pdf,001_24836-A_brightline.pdf,muhammadeakub,8e930f3a3551b34276b5f188ec4e2440984f09787bcf35d23a3a158f743feb86,seal on last page(s) of 1
2026-10-02T10:35:03,approved,002_INV049972_northwindtx.pdf,002_INV049972_northwindtx.pdf,muhammadeakub,e89d7409d2026229725e45311aa15343766158ad71c65e0e68c0c53bcbae2319,seal on last page(s) of 1
2026-10-02T10:35:03,approved,003_97092-A_bluewaterprint.pdf,003_97092-A_bluewaterprint.pdf,muhammadeakub,36e264e4dfe3611776105798b44c0e095e5421b6962ed94a18fe09f342b0d724,seal on last page(s) of 2
2026-10-02T10:35:03,approved,004_70950-A_cascadecr.pdf,004_70950-A_cascadecr.pdf,muhammadeakub,71e7681e2837ab6c7cdeb4a20d60e59ed077e3d23b1f88cdaf7c0f4922f1db1b,seal on last page(s) of 2
2026-10-02T10:35:03,approved,005_32411-A_cascadecr.pdf,005_32411-A_cascadecr.pdf,muhammadeakub,123a1792409abd59851216af3dc5782616b8f08ac62238408bbd9769a6e429a0,seal on last page(s) of 2
2026-10-02T10:35:03,approved,006_86823_meridiansec.pdf,006_86823_meridiansec.pdf,muhammadeakub,c86eb537842e235331b9eb440fc77927df0ba7d95094bf68eca5e4b6c6b9b07c,seal on last page(s) of 1
2026-10-02T10:35:03,approved,007_4654-A_bluewaterprint.pdf,007_4654-A_bluewaterprint.pdf,muhammadeakub,2e799b6b8995974a40b17be8abc2db2699f2576487b80ba016f5738fc6954635,seal on last page(s) of 2
2026-10-02T10:35:03,approved,008_92839_pinecrestcater.pdf,008_92839_pinecrestcater.pdf,muhammadeakub,3c5eebc4a1c2ab5626928d76e7696eaf2b30381dca49474ad195378ed3a25b2f,seal on last page(s) of 2
2026-10-02T10:35:03,approved,009_INV036164_bluewaterprint.pdf,009_INV036164_bluewaterprint.pdf,muhammadeakub,8839962a0fdda4f831170ab1a4354bdda880ace86ca97b43ede09c048a7a5284,seal on last page(s) of 1
2026-10-02T10:35:03,approved,010_70020-A_meridiansec.pdf,010_70020-A_meridiansec.pdf,muhammadeakub,f8e4baef8a69de7373ce85d79c5fba49a9c2c7d78f2b9efee63cf6783ef4e0fc,seal on last page(s) of 2
2026-10-02T10:35:03,approved,011_INV-2026-51897_northwindtx.pdf,011_INV-2026-51897_northwindtx.pdf,muhammadeakub,972f51555312a1dadc6a6a96d870644286a1532626036a81110bda73a8a1142c,seal on last page(s) of 1
2026-10-02T10:35:03,approved,012_54425_pinecrestcater.pdf,012_54425_pinecrestcater.pdf,muhammadeakub,fdf1acab28394291d29e6657a4ed67526d1f86c690e8c1a1d7613cf44a7f050e,seal on last page(s) of 1
2026-10-02T10:35:03,approved,013_INV-2026-98316_harborcourier.pdf,013_INV-2026-98316_harborcourier.pdf,muhammadeakub,9abf69d6877acbdd3fe3d598b85bffb7dad83f3a93622c455f35a1ac97c05e33,seal on last page(s) of 1
2026-10-02T10:35:03,approved,014_64906_oakridgefc.pdf,014_64906_oakridgefc.pdf,muhammadeakub,df21549e6c63f89f7a2a3aeb52c1b4d959ae476656741a87a70f408da7822413,seal on last page(s) of 1
2026-10-02T10:35:03,approved,015_INV-2026-77458_cascadecr.pdf,015_INV-2026-77458_cascadecr.pdf,muhammadeakub,387dbd14cd81932311cb33847bbd7647dd0d41814cd6a7cc2d6729cce7643802,seal on last page(s) of 3
2026-10-02T10:35:03,approved,016_43307_bluewaterprint.pdf,016_43307_bluewaterprint.pdf,muhammadeakub,3f434924eab147d5cc0a94c141d088da73c92392b89c37a09ddb55c444d1ce4b,seal on last page(s) of 1
2026-10-02T10:35:03,approved,017_73681_brightline.pdf,017_73681_brightline.pdf,muhammadeakub,8a41ed456296990756cf07f95660f0979f940332f114ebbb1c7a852ff10d7c76,seal on last page(s) of 3
2026-10-02T10:35:03,approved,018_INV-2026-84206_meridiansec.pdf,018_INV-2026-84206_meridiansec.pdf,muhammadeakub,616ab0d731d85a8075c40de512dfbecfea890ff4a5a187c74e03e2ee3ca912dd,seal on last page(s) of 1
2026-10-02T10:35:03,approved,019_31623_harborcourier.pdf,019_31623_harborcourier.pdf,muhammadeakub,660909d3c311151d30c8de2d2ff0abdf467161f7a598024a2411ccf318afbc07,seal on last page(s) of 1
2026-10-02T10:35:03,approved,020_INV-2026-32152_northwindtx.pdf,020_INV-2026-32152_northwindtx.pdf,muhammadeakub,9b45f5b548c303bd79b1b0f45ab749d5d610786b17a7583b7ddf02ef8f56f832,seal on last page(s) of 2
2026-10-02T10:35:03,approved,021_33409-A_summitit.pdf,021_33409-A_summitit.pdf,muhammadeakub,2793c467cae4dc00fe1633820213094f11fad1f92f8f5b01b38c618805401c58,seal on last page(s) of 4
2026-10-02T10:35:03,approved,022_INV-2026-84177_brightline.pdf,022_INV-2026-84177_brightline.pdf,muhammadeakub,05a5b0864ef90ec527b168582ad29ce83a334ea05b63d1244db4a4434df5155e,seal on last page(s) of 1
2026-10-02T10:35:03,approved,023_86916_oakridgefc.pdf,023_86916_oakridgefc.pdf,muhammadeakub,6e017db26fd95d0033f59b0af430d07e03fa47522fab260f611c8c2fbe7719cf,seal on last page(s) of 1
2026-10-02T10:35:03,approved,024_INV-2026-25673_northwindtx.pdf,024_INV-2026-25673_northwindtx.pdf,muhammadeakub,b90b73adba3fe7e4ca74a187aebf40ab8cb49af472f20dfbd1cd5738a05e5a65,seal on last page(s) of 2
2026-10-02T10:35:03,approved,025_INV-2026-13821_summitit.pdf,025_INV-2026-13821_summitit.pdf,muhammadeakub,ebd8842895d3d791c454188aa1779657be84bd1d7d9542a9fa65abb24eda8bd4,seal on last page(s) of 3
2026-10-02T10:35:03,approved,026_93261_northwindtx.pdf,026_93261_northwindtx.pdf,muhammadeakub,f9d16f74da1df1124c24cce9e89f6e372794e8cfe9d60529823d0f637e25c241,seal on last page(s) of 2
2026-10-02T10:35:03,approved,027_1223-A_pinecrestcater.pdf,027_1223-A_pinecrestcater.pdf,muhammadeakub,7a1935a828782c4ca10a28a85b08cbdd730fe0508ecda0a89efeb2cece60870a,seal on last page(s) of 1
2026-10-02T10:35:03,approved,028_07714_graniterecords.pdf,028_07714_graniterecords.pdf,muhammadeakub,5fe35a8b1a0e6a78fe90e97bd0ded61268a3e9366997bc9ae8a4466982d50143,seal on last page(s) of 4
2026-10-02T10:35:03,approved,029_INV-2026-95674_graniterecords.pdf,029_INV-2026-95674_graniterecords.pdf,muhammadeakub,14d03c5209f8e28594f52ad6d6e095ce7ac0db52b4133528ddec22b0cd4f69e4,seal on last page(s) of 1
2026-10-02T10:35:03,approved,030_26708-A_brightline.pdf,030_26708-A_brightline.pdf,muhammadeakub,ec70008003a4465375e70c233fd1f03a66b398b52b742efb52ba866487934ab7,seal on last page(s) of 1
2026-10-02T10:35:03,approved,031_86873-A_brightline.pdf,031_86873-A_brightline.pdf,muhammadeakub,f289b660f88ebb40dc11eaef98386caf59dfd283641e889df0147aca2b7dd7ff,seal on last page(s) of 2
2026-10-02T10:35:03,approved,032_75539_meridiansec.pdf,032_75539_meridiansec.pdf,muhammadeakub,ba0bbeeda5e70b4d79b3c8c1d6bfc1f459ac0e66f9ece2a4adcc78c696f679a0,seal on last page(s) of 1
2026-10-02T10:35:03,approved,033_INV095933_oakridgefc.pdf,033_INV095933_oakridgefc.pdf,muhammadeakub,1ba314573fa36110088eabc99f94085f1b72e0cf4be4acc3fc0e6ad58ddf79d6,seal on last page(s) of 1
2026-10-02T10:35:03,approved,034_INV-2026-75079_meridiansec.pdf,034_INV-2026-75079_meridiansec.pdf,muhammadeakub,b6b49c5fd6462c6c17596b78a42b48e28f6b033898243106c91833c439ec316f,seal on last page(s) of 2
2026-10-02T10:35:03,approved,035_INV092286_meridiansec.pdf,035_INV092286_meridiansec.pdf,muhammadeakub,a78b309e8ac8a2443f847200712dbefa2f81fd0bd05d08c9a511bd5cf659ba81,seal on last page(s) of 1
2026-10-02T10:35:03,approved,036_INV092686_pinecrestcater.pdf,036_INV092686_pinecrestcater.pdf,muhammadeakub,1507417d4d5aca2c01c35fe8af0241f8f4e3e1543fc4a83e4f4b42a253c83b8e,seal on last page(s) of 1
2026-10-02T10:35:03,approved,037_37987_brightline.pdf,037_37987_brightline.pdf,muhammadeakub,9af8eee75b163a259ccbb77cd8cd27e3d9815dddcaee4f1e9d7001f1de26a0bb,seal on last page(s) of 1
2026-10-02T10:35:03,approved,038_INV040961_summitit.pdf,038_INV040961_summitit.pdf,muhammadeakub,5621e21905d581f8798e912181c45d70edd8e7353ba6da41819cce7c0aacc1c7,seal on last page(s) of 2
2026-10-02T10:35:03,approved,039_INV-2026-83702_meridiansec.pdf,039_INV-2026-83702_meridiansec.pdf,muhammadeakub,3f72283fa19d9fe7e8196180dbcd8e78fd941ade9c0a0db7241b1b0de94317a4,seal on last page(s) of 1
2026-10-02T10:35:03,approved,040_65426_oakridgefc.pdf,040_65426_oakridgefc.pdf,muhammadeakub,367308ccb3d109af264623d5dcdb4e5fb85134da600004de2388b137cb5a3a72,seal on last page(s) of 2
2026-10-02T10:35:03,approved,041_12209-A_meridiansec.pdf,041_12209-A_meridiansec.pdf,muhammadeakub,ea084f09d34d2949f2b651b1989e6c21ef64c4986204378e6dc9dc1d957ccb03,seal on last page(s) of 3
2026-10-02T10:35:03,approved,042_14748-A_graniterecords.pdf,042_14748-A_graniterecords.pdf,muhammadeakub,5e53db30ad91d5c3435e6d99c22cdcdc0d820a80cb790e444c7f84cb4ebaf4e8,seal on last page(s) of 2
2026-10-02T10:35:03,approved,043_INV-2026-67724_pinecrestcater.pdf,043_INV-2026-67724_pinecrestcater.pdf,muhammadeakub,c829fe0ea8ab7e99fbf4adf1861927616b269bd845074fffcb4d6bd6821a050a,seal on last page(s) of 1
2026-10-02T10:35:03,approved,044_18237_harborcourier.pdf,044_18237_harborcourier.pdf,muhammadeakub,523b0e19be94e3b577b8ed6ff867b9ea663081ec11123943f81fca5e190e2ef7,seal on last page(s) of 2
2026-10-02T10:35:03,approved,045_INV-2026-99003_oakridgefc.pdf,045_INV-2026-99003_oakridgefc.pdf,muhammadeakub,98d58c7ac4fc3e4c5df9a65c9e213bef0a4e3350e7e9f5609fea8e7cc2b7727d,seal on last page(s) of 1
2026-10-02T10:35:03,approved,046_INV-2026-97477_summitit.pdf,046_INV-2026-97477_summitit.pdf,muhammadeakub,0ec1280f830096336ad3d989330713e199450a3e5e5d682473a35dcb8c6e8070,seal on last page(s) of 2
2026-10-02T10:35:03,approved,047_70724_cascadecr.pdf,047_70724_cascadecr.pdf,muhammadeakub,4c5cb41f369ee9c5f49480918696ee6a9183d73b5c44e1701d4f6a8cbab105ea,seal on last page(s) of 2
2026-10-02T10:35:03,approved,048_INV029304_graniterecords.pdf,048_INV029304_graniterecords.pdf,muhammadeakub,87b8b9ab78a0bffe790d7c48cfc70cc578ef1061f14ff7cea822c1f1c120d89a,seal on last page(s) of 2
2026-10-02T10:35:03,approved,049_85659_graniterecords.pdf,049_85659_graniterecords.pdf,muhammadeakub,adbd368cb4f1bbcad2bf40336f4621adcf295f4ae0361abda0c2ec882aaaf65e,seal on last page(s) of 3
2026-10-02T10:35:03,approved,050_INV-2026-97866_meridiansec.pdf,050_INV-2026-97866_meridiansec.pdf,muhammadeakub,419161da649c81be179edfebe2d4a9090f98eb4efc3c59651177b98f1dd3612f,seal on last page(s) of 2
2026-10-02T10:35:03,approved,051_INV-2026-3014_brightline.pdf,051_INV-2026-3014_brightline.pdf,muhammadeakub,372d1d5c75733b22c5e9173b7ada46ebb0f81fe6ebbfbe18c35a218d5fd3a6be,seal on last page(s) of 2
2026-10-02T10:35:03,approved,052_INV028878_harborcourier.pdf,052_INV028878_harborcourier.pdf,muhammadeakub,8a6ef00c0b9481d9e668b4a1d9f73552cd13aa27cf8a70b3a21e3f43c6e14aea,seal on last page(s) of 1
2026-10-02T10:35:03,approved,053_INV045923_harborcourier.pdf,053_INV045923_harborcourier.pdf,muhammadeakub,519422da953265685c61ca7a566792e71cb16897628f149e4e589f8dfaad6267,seal on last page(s) of 1
2026-10-02T10:35:03,approved,054_INV037429_pinecrestcater.pdf,054_INV037429_pinecrestcater.pdf,muhammadeakub,192b41240b2ac19835a4599171526609f6502c599916092d2beb0d9312d007bd,seal on last page(s) of 2
2026-10-02T10:35:03,approved,055_INV049941_northwindtx.pdf,055_INV049941_northwindtx.pdf,muhammadeakub,3981ce04c296a4c42cd12cfb2f976d1c808d96b4697fdafd3f494468643e6ab9,seal on last page(s) of 1
2026-10-02T10:35:03,approved,056_INV027590_oakridgefc.pdf,056_INV027590_oakridgefc.pdf,muhammadeakub,5a121c62f1ff11e4623797e4cfe12dfc6c4a6113d27d2cdec50ca2156630ae9b,seal on last page(s) of 3
2026-10-02T10:35:03,approved,057_76644-A_harborcourier.pdf,057_76644-A_harborcourier.pdf,muhammadeakub,c7439bb3e3241a222e7c5f89fe15309bd6670be6f17dc4c3a44b676e9668089b,seal on last page(s) of 1
2026-10-02T10:35:03,approved,058_45721_cascadecr.pdf,058_45721_cascadecr.pdf,muhammadeakub,4259a7623ca7528c74e5c5babc6869f21b6476a3559b8629de155880d3a1e769,seal on last page(s) of 1
2026-10-02T10:35:03,approved,059_INV058184_graniterecords.pdf,059_INV058184_graniterecords.pdf,muhammadeakub,3514679c907aad5fe17f723d59adb0a89656c7cef6019540d4a72eaaf108d46f,seal on last page(s) of 2
2026-10-02T10:35:03,approved,060_76869-A_harborcourier.pdf,060_76869-A_harborcourier.pdf,muhammadeakub,64adb429368d7c84c4d47bd2ff548eac22a03cd00418b6e2dcebef687fc39c8f,seal on last page(s) of 1
2026-10-02T10:35:03,approved,061_INV-2026-90352_meridiansec.pdf,061_INV-2026-90352_meridiansec.pdf,muhammadeakub,fe91e6c99a73a342c2ee220bb9407a7f78037a7d02e445be82e7587cdef76793,seal on last page(s) of 1
2026-10-02T10:35:03,approved,062_71956-A_brightline.pdf,062_71956-A_brightline.pdf,muhammadeakub,0ceca788737c0955e751312a6d4d00b21d3d3e753404e3d90c820e8b0c7ff2c8,seal on last page(s) of 1
2026-10-02T10:35:03,approved,063_86418_summitit.pdf,063_86418_summitit.pdf,muhammadeakub,26283d1ac34b0a42b81c11c51303e45e095b013369a28afde53c7060f7d42d82,seal on last page(s) of 2
2026-10-02T10:35:03,approved,064_24947_graniterecords.pdf,064_24947_graniterecords.pdf,muhammadeakub,2b5f5c9b06cb7ff783ffb6c1cd98bdce59bbf3750482dba952fc7b272d0617cf,seal on last page(s) of 2
2026-10-02T10:35:03,approved,065_08803_pinecrestcater.pdf,065_08803_pinecrestcater.pdf,muhammadeakub,fcbf22326a48e84e9b1ffae9b037e293f2506d1ab09963145216fb6f08c385f6,seal on last page(s) of 3
2026-10-02T10:35:03,approved,066_INV-2026-16330_meridiansec.pdf,066_INV-2026-16330_meridiansec.pdf,muhammadeakub,cdee3b96aa6fb7ba1cdc0643012293a4e442609358d63bbe00414d8090514072,seal on last page(s) of 2
2026-10-02T10:35:03,approved,067_47521_meridiansec.pdf,067_47521_meridiansec.pdf,muhammadeakub,9c8dca4e2aaa5efa14e6a81965a6b4d5d5e4c620f37d3fccf63de53a520402d5,seal on last page(s) of 1
2026-10-02T10:35:03,approved,068_10168_cascadecr.pdf,068_10168_cascadecr.pdf,muhammadeakub,32dbf01802105111d0c6fab4933683bed96ae6321373cb6754d000381ead9463,seal on last page(s) of 2
2026-10-02T10:35:03,approved,069_INV-2026-91802_cascadecr.pdf,069_INV-2026-91802_cascadecr.pdf,muhammadeakub,287fda0d6fa0000528099d069799d0d0e716a5abe1ef24c19c0f0456cc47e085,seal on last page(s) of 1
2026-10-02T10:35:03,approved,070_09884_pinecrestcater.pdf,070_09884_pinecrestcater.pdf,muhammadeakub,a4fe5dceb6d7475f5fb1e658ce2008e13efd4bf9ceb7ff8c96f3d0b70715e391,seal on last page(s) of 1
2026-10-02T10:35:03,approved,071_51623-A_pinecrestcater.pdf,071_51623-A_pinecrestcater.pdf,muhammadeakub,d07396b067ab6caf49b41777ccc0c68a657dbbd809062000e9ffe422931f1a56,seal on last page(s) of 3
2026-10-02T10:35:03,approved,072_55120-A_cascadecr.pdf,072_55120-A_cascadecr.pdf,muhammadeakub,ddd796c67b4ae49e55e39359b80c2558064c6a8b27d45187022353470069ea14,seal on last page(s) of 2
2026-10-02T10:35:03,approved,073_INV-2026-79630_bluewaterprint.pdf,073_INV-2026-79630_bluewaterprint.pdf,muhammadeakub,aaacb4176d9a5a135d9622447b8fbbf3d9842d48ab60baeba14867b9cf2bf1d9,seal on last page(s) of 3
2026-10-02T10:35:03,approved,074_INV-2026-26805_northwindtx.pdf,074_INV-2026-26805_northwindtx.pdf,muhammadeakub,ce6a6ff57a3696c8a1d841ed6c25977385f1046c4f4aa9dcffa449b41f9374ff,seal on last page(s) of 1
2026-10-02T10:35:03,approved,075_90404-A_oakridgefc.pdf,075_90404-A_oakridgefc.pdf,muhammadeakub,1cc90eafcf7d049fffb5e6b6b4051fd557cf797ee8f3f050040948cfcd6f9bd6,seal on last page(s) of 4
2026-10-02T10:35:03,approved,076_81214_brightline.pdf,076_81214_brightline.pdf,muhammadeakub,adbaf4abc86a0aec2b267792107ecdb7f639ef12e23eaa97387ecc7ebd9d78f0,seal on last page(s) of 1
2026-10-02T10:35:03,approved,077_INV-2026-30499_bluewaterprint.pdf,077_INV-2026-30499_bluewaterprint.pdf,muhammadeakub,c43215bbbe58ab267ec07be490e93103ca01623974e5da6d9a12d88b211a3210,seal on last page(s) of 1
2026-10-02T10:35:03,approved,078_INV053992_cascadecr.pdf,078_INV053992_cascadecr.pdf,muhammadeakub,b9ad7b12289a04ee02b0d033b9fcfededaa46298d24fb1561393892347850f8c,seal on last page(s) of 2
2026-10-02T10:35:03,approved,079_88677-A_pinecrestcater.pdf,079_88677-A_pinecrestcater.pdf,muhammadeakub,a451756585dfbe2a9f31d3f214dcc52e40170037bbd7059726044b0823355137,seal on last page(s) of 2
2026-10-02T10:35:03,approved,080_INV086336_cascadecr.pdf,080_INV086336_cascadecr.pdf,muhammadeakub,9632f483d7a0b73e504334966e8ced06d60853daaca84f1942e9ffa8ebb3c35b,seal on last page(s) of 1
2026-10-02T10:35:03,approved,081_25158_northwindtx.pdf,081_25158_northwindtx.pdf,muhammadeakub,ca327d91f13682b2178c3c30af8671a48793235bede0ee7efd820c6d7f686f2f,seal on last page(s) of 2
2026-10-02T10:35:03,approved,082_INV-2026-73075_pinecrestcater.pdf,082_INV-2026-73075_pinecrestcater.pdf,muhammadeakub,52a89f49c659ec99161aa88753a361b92e2f1af024d1d099ab16fd91986056c5,seal on last page(s) of 1
2026-10-02T10:35:03,approved,083_INV070944_meridiansec.pdf,083_INV070944_meridiansec.pdf,muhammadeakub,c5ab5f69d7d05022aeee01d95ec412a20e0edccae6398d00349247b907e30f3a,seal on last page(s) of 2
2026-10-02T10:35:03,approved,084_2222-A_cascadecr.pdf,084_2222-A_cascadecr.pdf,muhammadeakub,da10cbb0323bf2b195d2a57303c25ab3b0b7c6f5b9397c6af0893760cc745731,seal on last page(s) of 1
2026-10-02T10:35:03,approved,085_40708_harborcourier.pdf,085_40708_harborcourier.pdf,muhammadeakub,6ede220986d5d758f28e39278c6bfcdf6d513fae552c9a6ec2e2f9cf1c3997b9,seal on last page(s) of 1
2026-10-02T10:35:03,approved,086_INV045775_harborcourier.pdf,086_INV045775_harborcourier.pdf,muhammadeakub,43458d25eef55fc0392da9da0fbebf1f8a9a5c1fd8415f5fee3baf4ced48ecec,seal on last page(s) of 1
2026-10-02T10:35:03,approved,087_76860_brightline.pdf,087_76860_brightline.pdf,muhammadeakub,9bad3347351534ff169706bbc0a4bc34d5e28c06db871d0149dfcae7007c9a97,seal on last page(s) of 4
2026-10-02T10:35:03,approved,088_INV-2026-50056_summitit.pdf,088_INV-2026-50056_summitit.pdf,muhammadeakub,0fd9abc65d84fabdc9b8e8436dbab9f150cdf828481f8e8721ac5c079fb78f0c,seal on last page(s) of 1
2026-10-02T10:35:03,approved,089_INV067481_graniterecords.pdf,089_INV067481_graniterecords.pdf,muhammadeakub,74f44eb5e6e3953e262a57cf6bd571088461a39068f8453face3a97960d1ffd2,seal on last page(s) of 1
2026-10-02T10:35:03,approved,090_INV052384_oakridgefc.pdf,090_INV052384_oakridgefc.pdf,muhammadeakub,ba5b42a764795f3818d11728b424d9516d06346f56c204a9e6ac7c1b1a747640,seal on last page(s) of 1
2026-10-02T10:35:03,approved,091_75034_brightline.pdf,091_75034_brightline.pdf,muhammadeakub,04bd366f19996b2760cfc5561c7d37e7bec4641e624927ffdbc77a248d9cc149,seal on last page(s) of 1
2026-10-02T10:35:03,approved,092_90853_harborcourier.pdf,092_90853_harborcourier.pdf,muhammadeakub,61c06bac79463d1773bbaf0c0557896eb60973f8f63fb0f2369f70910a9f1985,seal on last page(s) of 1
2026-10-02T10:35:03,approved,093_17207-A_meridiansec.pdf,093_17207-A_meridiansec.pdf,muhammadeakub,f001ce6d7cf74eb27534b66eeb9cff9ab7bcb6d7fb31db21c917969e9a512a7c,seal on last page(s) of 1
2026-10-02T10:35:03,approved,094_INV051237_graniterecords.pdf,094_INV051237_graniterecords.pdf,muhammadeakub,8b71c9e894514061448ec784f4e05cc3a43394b912fd668a50e362ad6c8dc298,seal on last page(s) of 2
2026-10-02T10:35:03,approved,095_90667_meridiansec.pdf,095_90667_meridiansec.pdf,muhammadeakub,7ff228f7e015e58d6162dab466ef502dc11ac811266e159cf73dd49585ca117f,seal on last page(s) of 2
2026-10-02T10:35:03,approved,096_25375-A_brightline.pdf,096_25375-A_brightline.pdf,muhammadeakub,209f6622d3c3b7e38946ac898ab95a91fea880412b7a25d186a784f80306bcb3,seal on last page(s) of 1
2026-10-02T10:35:03,approved,097_INV-2026-56249_oakridgefc.pdf,097_INV-2026-56249_oakridgefc.pdf,muhammadeakub,62ab7146fc0d22c318d48a78837d07bbff064c77d4342186b5c9884d102021b2,seal on last page(s) of 1
2026-10-02T10:35:03,approved,098_84736_oakridgefc.pdf,098_84736_oakridgefc.pdf,muhammadeakub,12c84277b804c229264b97fd36773f61fae12990df94714a530feb3c6a380c44,seal on last page(s) of 2
2026-10-02T10:35:03,approved,099_INV056764_northwindtx.pdf,099_INV056764_northwindtx.pdf,muhammadeakub,5f19d6f1c9c9314eeaec67d878c3691917439b5d9234b1a3ac3d45981afa09bb,seal on last page(s) of 2
2026-10-02T10:35:03,approved,100_53498_graniterecords.pdf,100_53498_graniterecords.pdf,muhammadeakub,1764e85a19a374384200533dbf08fc1d8c535790c36ef4b2e31c1d8b3f942de0,seal on last page(s) of 1
2026-10-02T10:35:03,approved,101_INV-2026-74163_northwindtx.pdf,101_INV-2026-74163_northwindtx.pdf,muhammadeakub,1b5ae0ec0b908127fab28b2ed6c218dbb6fb9d2f63f35af1d0c79f4d4842a840,seal on last page(s) of 3
2026-10-02T10:35:03,approved,102_INV-2026-42124_pinecrestcater.pdf,102_INV-2026-42124_pinecrestcater.pdf,muhammadeakub,d656797b517e22d8351d24ff600fdb23cd527e14f636383e2595a2a38a91fa77,seal on last page(s) of 4
2026-10-02T10:35:03,approved,103_INV-2026-31296_pinecrestcater.pdf,103_INV-2026-31296_pinecrestcater.pdf,muhammadeakub,3b615172d2f28ee332d00ea909e1502c8d73e06d52314091f8382bfda1273f2e,seal on last page(s) of 4
2026-10-02T10:35:03,approved,104_INV-2026-15738_harborcourier.pdf,104_INV-2026-15738_harborcourier.pdf,muhammadeakub,fda17dafef69ef247bd424353ee2f046afd58e6f9c78a14a8c3819a6d25ca567,seal on last page(s) of 2
2026-10-02T10:35:03,approved,105_INV-2026-70724_summitit.pdf,105_INV-2026-70724_summitit.pdf,muhammadeakub,e256fa7cda0bce8c52e6a4f68472868a20656e73bf628260dd03562825ac231a,seal on last page(s) of 1
2026-10-02T10:35:03,approved,106_73968-A_summitit.pdf,106_73968-A_summitit.pdf,muhammadeakub,9fac7aa8787daf33a7dd4a09ed01a7ddf8ee3cf63b1bec5abea5b401d4d75ca3,seal on last page(s) of 2
2026-10-02T10:35:03,approved,107_56930-A_graniterecords.pdf,107_56930-A_graniterecords.pdf,muhammadeakub,33155a559377fc51472d5d20851e145466beb9c5fda7264fa208defaf09f11aa,seal on last page(s) of 1
2026-10-02T10:35:03,approved,108_INV048537_meridiansec.pdf,108_INV048537_meridiansec.pdf,muhammadeakub,6df253b1144d924f16833b1eb7af89d6f64801d28518ba3f539b277724bc5ed2,seal on last page(s) of 2
2026-10-02T10:35:03,approved,109_INV027983_oakridgefc.pdf,109_INV027983_oakridgefc.pdf,muhammadeakub,d2c7267403ae3bceeb93f812164ac9b9bfeebdf4b2ea932f64142cd1e11b1dac,seal on last page(s) of 1
2026-10-02T10:35:03,approved,110_INV083440_bluewaterprint.pdf,110_INV083440_bluewaterprint.pdf,muhammadeakub,853ec57c0cd8166309c62ff1981e402acde26b64625cb2e25d97bbb36b15d759,seal on last page(s) of 2
2026-10-02T10:35:03,approved,111_85855_oakridgefc.pdf,111_85855_oakridgefc.pdf,muhammadeakub,17ae7a36d379d56a5f4e336dc5201c58227cbbb91420631fac2cb27828a95229,seal on last page(s) of 1
2026-10-02T10:35:03,approved,112_INV-2026-33658_meridiansec.pdf,112_INV-2026-33658_meridiansec.pdf,muhammadeakub,7222fb606e72c2b720522593a12c9c36b864d326085a5282e5745aea8ff87b4c,seal on last page(s) of 1
2026-10-02T10:35:03,approved,113_66194_pinecrestcater.pdf,113_66194_pinecrestcater.pdf,muhammadeakub,ca6b200e8639771c8ca2031a5b420f03d70736906b2506604d14b42be589c154,seal on last page(s) of 1
2026-10-02T10:35:03,approved,114_INV-2026-78056_harborcourier.pdf,114_INV-2026-78056_harborcourier.pdf,muhammadeakub,bb63c738f66dbadabaf0f51ee57d0d2c89529c1db73d69041ac6cdec6c66b133,seal on last page(s) of 1
2026-10-02T10:35:03,approved,115_INV-2026-1307_brightline.pdf,115_INV-2026-1307_brightline.pdf,muhammadeakub,7a257086d66cb33f860802a2b6d69811e9d15d1bb5afb4db39097b1af7edaf60,seal on last page(s) of 2
2026-10-02T10:35:03,approved,116_69668_pinecrestcater.pdf,116_69668_pinecrestcater.pdf,muhammadeakub,0b49bc8773c214bcbd6c6190dc5c5abaebae33509e30cd87289bb6cf443a80d8,seal on last page(s) of 1
2026-10-02T10:35:04,approved,117_3518-A_oakridgefc.pdf,117_3518-A_oakridgefc.pdf,muhammadeakub,f497d7ed5c476beec0a56fc54c6f5035fe1fa5fb369e537e1f9c9f7b11160437,seal on last page(s) of 1
2026-10-02T10:35:04,approved,118_INV048262_harborcourier.pdf,118_INV048262_harborcourier.pdf,muhammadeakub,9d60ea97480f61fe25a63dee2caa7889cb33b05ab146422ae57b295cf7b0275c,seal on last page(s) of 1
2026-10-02T10:35:04,approved,119_91859-A_cascadecr.pdf,119_91859-A_cascadecr.pdf,muhammadeakub,3763af7cc3728ed169671260cabdcbe09d3d4a3d736e2165202558de5a59d751,seal on last page(s) of 1
2026-10-02T10:35:04,approved,120_58177-A_cascadecr.pdf,120_58177-A_cascadecr.pdf,muhammadeakub,484740f680b6e2a5c0faa8e5516ed19dfbe34406020c07d0499e330a4eddf18b,seal on last page(s) of 4
2026-10-02T10:35:04,approved,121_80681_graniterecords.pdf,121_80681_graniterecords.pdf,muhammadeakub,66e50ca5380ebb44a4655b15fbb62e144af00432ff0634431e9bd9d5fc4ab829,seal on last page(s) of 2
2026-10-02T10:35:04,approved,122_INV-2026-6292_cascadecr.pdf,122_INV-2026-6292_cascadecr.pdf,muhammadeakub,78a240498086b2f48fe29f1af61f632cf71059536044d0382385544fa610ca22,seal on last page(s) of 2
2026-10-02T10:35:04,approved,123_INV021895_summitit.pdf,123_INV021895_summitit.pdf,muhammadeakub,0f80430ca4db94d8de721632f105c3b955385a2126c3ad41286a675250dee719,seal on last page(s) of 2
2026-10-02T10:35:04,approved,124_INV-2026-57167_northwindtx.pdf,124_INV-2026-57167_northwindtx.pdf,muhammadeakub,cd0ed99c782ef9633e75f00b4c54ea4bfaec03fa30385263ed4ded827e3e3cec,seal on last page(s) of 1
2026-10-02T10:35:04,approved,125_INV-2026-39816_summitit.pdf,125_INV-2026-39816_summitit.pdf,muhammadeakub,6a18b2e5bd04d7a46cc8400579f6677f7e2c3d699326b23d1db38bd857b682e3,seal on last page(s) of 1
2026-10-02T10:35:04,approved,126_56446-A_harborcourier.pdf,126_56446-A_harborcourier.pdf,muhammadeakub,56e41fa7db03c8efdbcefff7634a56bcd1637654cc6173d83c0a520d1d68709c,seal on last page(s) of 1
2026-10-02T10:35:04,approved,127_INV-2026-24993_cascadecr.pdf,127_INV-2026-24993_cascadecr.pdf,muhammadeakub,3ec04ddd54474df2508dfedf322b85a75a3a9ef16873cf53aae8b45cf5e46958,seal on last page(s) of 2
2026-10-02T10:35:04,approved,128_39599-A_summitit.pdf,128_39599-A_summitit.pdf,muhammadeakub,d83d598b52326c20bc1e29e30a48b3bfeac9b2e4d992ec39dc980b85db1deb35,seal on last page(s) of 1
2026-10-02T10:35:04,approved,129_68529-A_graniterecords.pdf,129_68529-A_graniterecords.pdf,muhammadeakub,3ddd6aa3eb5631b883685ab6c31d17adcf20abc009f5043fec1e06061895ebb4,seal on last page(s) of 1
2026-10-02T10:35:04,approved,130_9816-A_brightline.pdf,130_9816-A_brightline.pdf,muhammadeakub,985e03e895098d204af2c12a13054465285d5797a030a279a721c3f6f24a3d78,seal on last page(s) of 2
2026-10-02T10:35:04,approved,131_80865-A_oakridgefc.pdf,131_80865-A_oakridgefc.pdf,muhammadeakub,d2580fa0d2355e5f57162d7ee2d3a1e0a126b4d7355d4815bd175b2c376737e4,seal on last page(s) of 1
2026-10-02T10:35:04,approved,132_57599_graniterecords.pdf,132_57599_graniterecords.pdf,muhammadeakub,1ab799b6fab495e4474654d9cde57ba1625e6c0ac640df066b4d5e3f83b46c0b,seal on last page(s) of 1
2026-10-02T10:35:04,approved,133_INV091049_pinecrestcater.pdf,133_INV091049_pinecrestcater.pdf,muhammadeakub,107fc3fa8355cccea76adb5425bf80be61cc9ffeb5a257f6b1a06821ce5f0923,seal on last page(s) of 1
2026-10-02T10:35:04,approved,134_38886_meridiansec.pdf,134_38886_meridiansec.pdf,muhammadeakub,2f6cb5c2af35fd7b80ad32f3bdaf7d1f298904178156fb25f2c3dd36d4751819,seal on last page(s) of 1
2026-10-02T10:35:04,approved,135_INV-2026-57859_oakridgefc.pdf,135_INV-2026-57859_oakridgefc.pdf,muhammadeakub,f2226d40d583ade6f7fed16172aff783ec6571f02ef63279d2732e4cff81cfe8,seal on last page(s) of 1
2026-10-02T10:35:04,approved,136_INV-2026-99167_pinecrestcater.pdf,136_INV-2026-99167_pinecrestcater.pdf,muhammadeakub,b2a92e280a3db7de5d1793f3d6ba331c2dab46c79b3a3b0eb2ff1ba8e45fecc6,seal on last page(s) of 2
2026-10-02T10:35:04,approved,137_INV-2026-9636_oakridgefc.pdf,137_INV-2026-9636_oakridgefc.pdf,muhammadeakub,80661e8d6113e3eb96b8f309fe86fd912ffdd79b042355c4d4effc4ff85b496e,seal on last page(s) of 2
2026-10-02T10:35:04,approved,138_42722_northwindtx.pdf,138_42722_northwindtx.pdf,muhammadeakub,eea45fadc0da7c4939ace4d1df48b0244f3e9fdffa74d56ab1e67c35ad7224d1,seal on last page(s) of 1
2026-10-02T10:35:04,approved,139_67920_bluewaterprint.pdf,139_67920_bluewaterprint.pdf,muhammadeakub,ca15f41b2d13381fdfdd2ad2c1f47b2aeaa1be21f70f57bb33ac8c4bfd395ae2,seal on last page(s) of 2
2026-10-02T10:35:04,approved,140_72601_harborcourier.pdf,140_72601_harborcourier.pdf,muhammadeakub,72e743010ae164544e107bee8b662b7bbda2ce43ef481396f21fc2e4f7e7dbbc,seal on last page(s) of 1
2026-10-02T10:35:04,approved,141_36504-A_harborcourier.pdf,141_36504-A_harborcourier.pdf,muhammadeakub,e060b5ac821eaee992796a18f71b52f7740f2f3da42e4783225cd1565c9ee0ec,seal on last page(s) of 1
2026-10-02T10:35:04,approved,142_INV068090_pinecrestcater.pdf,142_INV068090_pinecrestcater.pdf,muhammadeakub,ec7234194b3886ebd7321f89c58a9d4fa10c280413c9adcb6d0a3e147a438e0c,seal on last page(s) of 1
2026-10-02T10:35:04,approved,143_65338_harborcourier.pdf,143_65338_harborcourier.pdf,muhammadeakub,d0621a57e07c92fc73605f4bcaf40297cee19a0fca74ec8ccc5973a90faea998,seal on last page(s) of 1
2026-10-02T10:35:04,approved,144_INV048866_meridiansec.pdf,144_INV048866_meridiansec.pdf,muhammadeakub,671eaf0fe82b468f4871bc02389a07e050e9f4ec8d3e74583e49bbac3d9778b1,seal on last page(s) of 1
2026-10-02T10:35:04,approved,145_13355-A_meridiansec.pdf,145_13355-A_meridiansec.pdf,muhammadeakub,2634cc7b3d14da152b12bcd04aba745f155fba179de07c222248189a86401677,seal on last page(s) of 1
2026-10-02T10:35:04,approved,146_14563-A_harborcourier.pdf,146_14563-A_harborcourier.pdf,muhammadeakub,66f135a5b7f28f0300ddb971c41e8ae7630193fc238032872db058c6eea46bf4,seal on last page(s) of 2
2026-10-02T10:35:04,approved,147_INV-2026-63922_bluewaterprint.pdf,147_INV-2026-63922_bluewaterprint.pdf,muhammadeakub,8c398aa8d52217405400864c1e75dd8a92bb75d664fa47c2ec1e2ad4c4b7cfae,seal on last page(s) of 1
2026-10-02T10:35:04,approved,148_03211_oakridgefc.pdf,148_03211_oakridgefc.pdf,muhammadeakub,cc9cf16c4f508b1494bbdfdd70eb16c561bbbc0f8b3f136f5be30ed8127b5688,seal on last page(s) of 2
2026-10-02T10:35:04,approved,149_89284_northwindtx.pdf,149_89284_northwindtx.pdf,muhammadeakub,3dff2f55c6dee6181b89f07c6ec56a08b5c18bf58d26f17614046718ac5a5103,seal on last page(s) of 2
2026-10-02T10:35:04,approved,150_35398_cascadecr.pdf,150_35398_cascadecr.pdf,muhammadeakub,ac0946cdff3b4372602199ff7e4c051e2709849624c941ccbc3f59f155b18351,seal on last page(s) of 1
2026-10-02T10:35:04,approved,151_INV094667_graniterecords.pdf,151_INV094667_graniterecords.pdf,muhammadeakub,22ce5a4da1d291bd6f281fedc40abda114bfc79552187e9670c8d1ac06c6d0c2,seal on last page(s) of 1
2026-10-02T10:35:04,approved,152_85946-A_northwindtx.pdf,152_85946-A_northwindtx.pdf,muhammadeakub,7986b0447973e661b3800bc62e9f6b0d92b5cb6b950ebbb78609742bfdecaf85,seal on last page(s) of 1
2026-10-02T10:35:04,approved,154_INV-2026-13623_summitit.pdf,154_INV-2026-13623_summitit.pdf,muhammadeakub,678c59b17487829e9879d2b6024fd24d5cf173fdb8e0e56d1938c230013dcf24,seal on last page(s) of 3
2026-10-02T10:35:04,approved,155_25414-A_harborcourier.pdf,155_25414-A_harborcourier.pdf,muhammadeakub,e4289236b8abb9a0d71a0bbc7cb0e0eac3f2cac5ed826a3f79c563b7e9395656,seal on last page(s) of 2
2026-10-02T10:35:04,approved,156_76780_meridiansec.pdf,156_76780_meridiansec.pdf,muhammadeakub,93969b5ca16ff8d260bd7ea6617e7a92b827979ad615cdb736dc937f4c162e4d,seal on last page(s) of 3
2026-10-02T10:35:04,approved,157_INV-2026-19980_cascadecr.pdf,157_INV-2026-19980_cascadecr.pdf,muhammadeakub,bdd102d42a13996f601001192b81b3686f8b008f41bec0b74a51eafa578b828b,seal on last page(s) of 3
2026-10-02T10:35:04,approved,158_17314-A_oakridgefc.pdf,158_17314-A_oakridgefc.pdf,muhammadeakub,72232ddc086d14e4d26f34596741eaab1488ed3280ac954c61b0da1fa134b06f,seal on last page(s) of 4
2026-10-02T10:35:04,approved,159_INV062173_cascadecr.pdf,159_INV062173_cascadecr.pdf,muhammadeakub,09515740fa73cde2d47f3e615248df9eda612b3f15d5ad2d33d42b651fab4fff,seal on last page(s) of 1
2026-10-02T10:35:04,approved,160_INV-2026-57007_oakridgefc.pdf,160_INV-2026-57007_oakridgefc.pdf,muhammadeakub,5bfb4ddebb86ac6a3475a62ba0531ef645dfd30e6396688b8557c1e89f67d28e,seal on last page(s) of 1
2026-10-02T10:35:04,approved,161_17570_harborcourier.pdf,161_17570_harborcourier.pdf,muhammadeakub,dac60edd4f357226a869f6a9b87f6d1b42f50e2a608ad43c6ae6f1cbdebf2ceb,seal on last page(s) of 2
2026-10-02T10:35:04,approved,162_26344_northwindtx.pdf,162_26344_northwindtx.pdf,muhammadeakub,4c6bb656717cccbee3c3bfafa701f8eb58e835f222345c4f90451a8ed5101dc4,seal on last page(s) of 1
2026-10-02T10:35:04,approved,163_90331-A_northwindtx.pdf,163_90331-A_northwindtx.pdf,muhammadeakub,8e4fd8e91a0c6f75c96b5664a7117bbd0b6a62080e0884effcd5dbb437fb0b12,seal on last page(s) of 2
2026-10-02T10:35:04,approved,165_INV063712_pinecrestcater.pdf,165_INV063712_pinecrestcater.pdf,muhammadeakub,0f5793ddb2fc7b63de05a830bec19c9767e1c52a68733cab8f59bd614e48b63d,seal on last page(s) of 2
2026-10-02T10:35:04,approved,166_20367_oakridgefc.pdf,166_20367_oakridgefc.pdf,muhammadeakub,cb59a2d20c57377e1eb933c172881d21601ecc1367f2a28eb83e74bf1190e3ce,seal on last page(s) of 1
2026-10-02T10:35:04,approved,167_19121_oakridgefc.pdf,167_19121_oakridgefc.pdf,muhammadeakub,2c799f5fa157e2a01968ede364e437bb1b7603f158d9bda4fed164393d5ef2b6,seal on last page(s) of 2
2026-10-02T10:35:04,approved,168_INV-2026-21933_graniterecords.pdf,168_INV-2026-21933_graniterecords.pdf,muhammadeakub,9f6a45cf16f0b811414238e9c0c03d40d4e63856e94c6701978d43e6f4a7d5f5,seal on last page(s) of 1
2026-10-02T10:35:04,approved,169_INV023663_graniterecords.pdf,169_INV023663_graniterecords.pdf,muhammadeakub,00f4706e2eaddfc7874271b379e03decdcae5473128ba1d199d62847743e54ed,seal on last page(s) of 1
2026-10-02T10:35:04,approved,170_17652_meridiansec.pdf,170_17652_meridiansec.pdf,muhammadeakub,2a552c49d38609707c0f3968bd95be6ca5ed080325d3fa516020d762f690d596,seal on last page(s) of 2
2026-10-02T10:35:04,approved,171_84509_cascadecr.pdf,171_84509_cascadecr.pdf,muhammadeakub,57763ab85a36d08337036c876f190014bebd0fc32e051660d107ce377a1d6eba,seal on last page(s) of 1
2026-10-02T10:35:04,approved,172_38939_northwindtx.pdf,172_38939_northwindtx.pdf,muhammadeakub,948481cf268caa345e80947d9c7de570b177822fe9fb5759bfcb1239ad45299f,seal on last page(s) of 1
2026-10-02T10:35:04,approved,173_83744-A_cascadecr.pdf,173_83744-A_cascadecr.pdf,muhammadeakub,bffd7afd0e0d4d54255756fac8d0f8d58a2ef7852eb81c466daf556374466f4f,seal on last page(s) of 1
2026-10-02T10:35:04,approved,174_INV091064_brightline.pdf,174_INV091064_brightline.pdf,muhammadeakub,123ea22a32e00648762f788a7852f9264948cfa2e2065be653770fca35917cd8,seal on last page(s) of 2
2026-10-02T10:35:04,approved,175_76648-A_bluewaterprint.pdf,175_76648-A_bluewaterprint.pdf,muhammadeakub,254c2efbad6b4e4b040960c9fc50be18e4770ea56b27ce575bf5e6e3b487a396,seal on last page(s) of 1
2026-10-02T10:35:04,approved,176_12079_northwindtx.pdf,176_12079_northwindtx.pdf,muhammadeakub,dcec7165990c9152776102de562f1d04a085311a2899583cee9ba317367db81a,seal on last page(s) of 1
2026-10-02T10:35:04,approved,177_20006_cascadecr.pdf,177_20006_cascadecr.pdf,muhammadeakub,01aaeaad70464106eedeb865a316060d9d0db3cfd0da8658d47af0bb0a0d5f76,seal on last page(s) of 3
2026-10-02T10:35:04,approved,179_93128_summitit.pdf,179_93128_summitit.pdf,muhammadeakub,1a1bc85f04353304ad6fbbfbf2b4c5bca5f1f63f14a2322058eb558d1d6c4f3a,seal on last page(s) of 1
2026-10-02T10:35:04,approved,180_INV057229_harborcourier.pdf,180_INV057229_harborcourier.pdf,muhammadeakub,928adaeae24964eb386ed1bdc7c527e4bedddbf8ecb5b63f397808edef44cc78,seal on last page(s) of 2
2026-10-02T10:35:04,approved,182_82779_harborcourier.pdf,182_82779_harborcourier.pdf,muhammadeakub,d8c679d700209da2a65429eb5d3d73f135995a7dac58a7aeb93dc0112bb5b591,seal on last page(s) of 3
2026-10-02T10:35:04,approved,183_INV-2026-48880_meridiansec.pdf,183_INV-2026-48880_meridiansec.pdf,muhammadeakub,381970811daa6ad149dc14c136bf6fa5f3f1bb774f1be37c180efb3976d7b183,seal on last page(s) of 2
2026-10-02T10:35:04,approved,184_41809-A_brightline.pdf,184_41809-A_brightline.pdf,muhammadeakub,62722b6d3c722f7452c86867a132106ffa791e1ec72681122a680e340be1807a,seal on last page(s) of 1
2026-10-02T10:35:04,approved,185_INV082045_graniterecords.pdf,185_INV082045_graniterecords.pdf,muhammadeakub,9c5230bc14d2574d063133754216ee9f3e05725ce853a4f6da41411d4c1bdf01,seal on last page(s) of 1
2026-10-02T10:35:04,approved,186_INV-2026-1175_pinecrestcater.pdf,186_INV-2026-1175_pinecrestcater.pdf,muhammadeakub,aeb5fcfe4eec582f59f987b332a5bcf1256cf3a7c03b902803b13ef2573b7474,seal on last page(s) of 3
2026-10-02T10:35:04,approved,187_12097_brightline.pdf,187_12097_brightline.pdf,muhammadeakub,b3aafc244d43dd7bff6d6775e756a12266c5e9e8dc3876dbcbc04bc504b7a599,seal on last page(s) of 3
2026-10-02T10:35:04,approved,188_51189_brightline.pdf,188_51189_brightline.pdf,muhammadeakub,37bd98f02abfe566cfc8a483af3032164a9a86aa4e0fb6bec22bbf56e78e9b43,seal on last page(s) of 1
2026-10-02T10:35:04,approved,189_54796_harborcourier.pdf,189_54796_harborcourier.pdf,muhammadeakub,d32e7a034bd777a981df743fdafc8e8c87048af058395302dcffa0a048881c4b,seal on last page(s) of 2
2026-10-02T10:35:04,approved,190_INV-2026-35842_northwindtx.pdf,190_INV-2026-35842_northwindtx.pdf,muhammadeakub,fef8deaf9682f0ba903151fe967951a343a0f50987c32386adbe592e23746a26,seal on last page(s) of 4
2026-10-02T10:35:04,approved,191_87683_bluewaterprint.pdf,191_87683_bluewaterprint.pdf,muhammadeakub,a42e2c615d4c4e0d6d62a9ca81812a1b04cd59c3b4d9575c9941aae3866c1b0b,seal on last page(s) of 4
2026-10-02T10:35:04,approved,192_INV010127_summitit.pdf,192_INV010127_summitit.pdf,muhammadeakub,fb94e0027a49cc68280f6edb908137873368bbf31116610f5fe12272212afeae,seal on last page(s) of 4
2026-10-02T10:35:04,approved,193_62447_meridiansec.pdf,193_62447_meridiansec.pdf,muhammadeakub,d5715cbd01d9f6dc2bfe47719707a3a1d21982f1dd25cdef34be1726ce9f3c15,seal on last page(s) of 1
2026-10-02T10:35:04,approved,194_INV-2026-90739_brightline.pdf,194_INV-2026-90739_brightline.pdf,muhammadeakub,ee50075ac841872a8c20695bfd8af6b23067482551de7f4ed5f19021b10e43ed,seal on last page(s) of 1
2026-10-02T10:35:04,approved,195_INV099929_northwindtx.pdf,195_INV099929_northwindtx.pdf,muhammadeakub,c2f736635ad4b96727aa065c2709729d779eae7476e7aab86dc02aad9a7d0a71,seal on last page(s) of 2
2026-10-02T10:35:04,approved,196_INV-2026-91101_pinecrestcater.pdf,196_INV-2026-91101_pinecrestcater.pdf,muhammadeakub,7f6c9a8c6207eb3b22a19a526cb35ceb6c34f8e0921cff483fe74ae7ae782142,seal on last page(s) of 1
2026-10-02T10:35:04,approved,197_INV-2026-40845_harborcourier.pdf,197_INV-2026-40845_harborcourier.pdf,muhammadeakub,35f91897e40b7e1f88a07804c8f403a1cf88e3ef5c26cb9e97a785586f048191,seal on last page(s) of 2
2026-10-02T10:35:04,approved,198_INV-2026-71425_meridiansec.pdf,198_INV-2026-71425_meridiansec.pdf,muhammadeakub,48ac0bba8e69dee237c749b463404a665ebbebec8ba335643f097237c0373647,seal on last page(s) of 1
2026-10-02T10:35:04,approved,199_INV015698_oakridgefc.pdf,199_INV015698_oakridgefc.pdf,muhammadeakub,9138d63c4f070175acfa754cf823239a8b3cc1f4750cd5a228cf0ddf88aead89,seal on last page(s) of 2
2026-10-02T10:35:04,approved,200_INV056808_graniterecords.pdf,200_INV056808_graniterecords.pdf,muhammadeakub,0328baab5b158f38029abad8492546cda6dbf07d499ed891ec7c820232a9c473,seal on last page(s) of 3
2026-10-02T10:41:57,received,001_24836-A_brightline.pdf,001_24836-A_brightline.pdf,muhammadeakub,20667beedfe1242ac0ab8f4c7347fc9355815478a631532ae951685e0d4c8886,RECEIVED 2026-10-02; 1 pages
2026-10-02T10:41:57,received,002_INV049972_northwindtx.pdf,002_INV049972_northwindtx.pdf,muhammadeakub,7a7c5efb23bc4c04209033b552b1ffc7b0e7c73e481df777eba7a774962c1730,RECEIVED 2026-10-02; 1 pages
2026-10-02T10:41:57,received,003_97092-A_bluewaterprint.pdf,003_97092-A_bluewaterprint.pdf,muhammadeakub,1c350aebb103e19f479b6c585ab7066caa22cb6e01783e46ae30bd2c87727acb,RECEIVED 2026-10-02; 2 pages
2026-10-02T10:41:57,received,004_70950-A_cascadecr.pdf,004_70950-A_cascadecr.pdf,muhammadeakub,94552e0aec42f2172b7d1ad9f239e719ecc42cc713a5cab7f8a53cd3a85d1f1d,RECEIVED 2026-10-02; 2 pages
2026-10-02T10:41:57,received,005_32411-A_cascadecr.pdf,005_32411-A_cascadecr.pdf,muhammadeakub,18c162891cb886d5a34e05ae36bc91863cad32db74eea438a50d5909db5a2a33,RECEIVED 2026-10-02; 2 pages
2026-10-02T10:41:57,received,006_86823_meridiansec.pdf,006_86823_meridiansec.pdf,muhammadeakub,235039834981f1abfbae024c6afd41ffef23e4dbc9e8f7d4f9da69401e2b3fc6,RECEIVED 2026-10-02; 1 pages
2026-10-02T10:41:57,received,007_4654-A_bluewaterprint.pdf,007_4654-A_bluewaterprint.pdf,muhammadeakub,d3423bb0810e8bd89ce95b1701ea8eed32169bae2ee01c6bb93eafd09554401e,RECEIVED 2026-10-02; 2 pages
2026-10-02T10:41:57,received,008_92839_pinecrestcater.pdf,008_92839_pinecrestcater.pdf,muhammadeakub,6c21e53f33b685fbb47f051332e567b0cee9dcb10f3f7a1d9df6d7b6709c46b6,RECEIVED 2026-10-02; 2 pages
2026-10-02T10:41:57,received,009_INV036164_bluewaterprint.pdf,009_INV036164_bluewaterprint.pdf,muhammadeakub,85d182607d06382859e92ecc69d565c9e2c915f65a5100a9b4e18d85250f1d38,RECEIVED 2026-10-02; 1 pages
2026-10-02T10:41:57,received,010_70020-A_meridiansec.pdf,010_70020-A_meridiansec.pdf,muhammadeakub,b2b9d4ce708b8e330f35fa4cb293cf4000ed650293bd51e7bb977cd6d6f586ac,RECEIVED 2026-10-02; 2 pages
2026-10-02T10:41:57,received,011_INV-2026-51897_northwindtx.pdf,011_INV-2026-51897_northwindtx.pdf,muhammadeakub,4abe03c368866303ee79064240f5b2f967fa8047deb1a75960c8efffc39f384c,RECEIVED 2026-10-02; 1 pages
2026-10-02T10:41:57,received,012_54425_pinecrestcater.pdf,012_54425_pinecrestcater.pdf,muhammadeakub,b2dd93d198d4955a7094f46e9af177431df6b17cb0a5c6ccfe11c5d2fa9a0e05,RECEIVED 2026-10-02; 1 pages
2026-10-02T10:41:57,received,013_INV-2026-98316_harborcourier.pdf,013_INV-2026-98316_harborcourier.pdf,muhammadeakub,d84ab0d7e430903542b7cbf3810b20cab7fab89dde2c92bde944bb2a7142c58c,RECEIVED 2026-10-02; 1 pages
2026-10-02T10:41:57,received,014_64906_oakridgefc.pdf,014_64906_oakridgefc.pdf,muhammadeakub,3437734005b11e919f528e8eef3bd13f310900fb8f2a27d4e2ba99cedd91644d,RECEIVED 2026-10-02; 1 pages
2026-10-02T10:41:57,received,015_INV-2026-77458_cascadecr.pdf,015_INV-2026-77458_cascadecr.pdf,muhammadeakub,c43412ae836e84957976c62ee902628da580dd4d9f2ea78170df5acfbe07acae,RECEIVED 2026-10-02; 3 pages
2026-10-02T10:41:57,received,016_43307_bluewaterprint.pdf,016_43307_bluewaterprint.pdf,muhammadeakub,b9ff157f6052831a083e1062a72e09e085efd295fb0be1211e9d4b396e295bf7,RECEIVED 2026-10-02; 1 pages
2026-10-02T10:41:57,received,017_73681_brightline.pdf,017_73681_brightline.pdf,muhammadeakub,88ca7bca8edade3f12af4f04987233834089f403547375ed286f8e25b0abf7c1,RECEIVED 2026-10-02; 3 pages
2026-10-02T10:41:57,received,018_INV-2026-84206_meridiansec.pdf,018_INV-2026-84206_meridiansec.pdf,muhammadeakub,7c49055b13a0c3b06c47cf108f7bec3d4ac2cb7a931f4dfd935a44e11c7d068b,RECEIVED 2026-10-02; 1 pages
2026-10-02T10:41:57,received,019_31623_harborcourier.pdf,019_31623_harborcourier.pdf,muhammadeakub,63bdb2a07d868451e17bd55336d05c204e36c522589e43e55ce9d2e154802b06,RECEIVED 2026-10-02; 1 pages
2026-10-02T10:41:57,received,020_INV-2026-32152_northwindtx.pdf,020_INV-2026-32152_northwindtx.pdf,muhammadeakub,850d8301530566a17de7c258107227805e0bc92685b9f241dcc369b91291e5f7,RECEIVED 2026-10-02; 2 pages
2026-10-02T10:41:57,received,021_33409-A_summitit.pdf,021_33409-A_summitit.pdf,muhammadeakub,a39c2784f557457b18774340f63da801b6f84f2af085b7eb6a7fdb85d354dc50,RECEIVED 2026-10-02; 4 pages
2026-10-02T10:41:57,received,022_INV-2026-84177_brightline.pdf,022_INV-2026-84177_brightline.pdf,muhammadeakub,3688128a776c001787e29984477866b15e369dc113d4cd83de511b7230f82c4e,RECEIVED 2026-10-02; 1 pages
2026-10-02T10:41:57,received,023_86916_oakridgefc.pdf,023_86916_oakridgefc.pdf,muhammadeakub,209c96a16daeffb9c54a4ae2b288b7cb4f5d7426132c185b983e36b081ccdf47,RECEIVED 2026-10-02; 1 pages
2026-10-02T10:41:57,received,024_INV-2026-25673_northwindtx.pdf,024_INV-2026-25673_northwindtx.pdf,muhammadeakub,9b58b67126995b1689da5acc5204c9770afd6f6d95a5ad64281792c3aeb676c8,RECEIVED 2026-10-02; 2 pages
2026-10-02T10:41:57,received,025_INV-2026-13821_summitit.pdf,025_INV-2026-13821_summitit.pdf,muhammadeakub,140fe65ce4416e84aeb9d817410df2658ededf64b7b328caa7d436c8345bc0fd,RECEIVED 2026-10-02; 3 pages
2026-10-02T10:41:57,received,026_93261_northwindtx.pdf,026_93261_northwindtx.pdf,muhammadeakub,27c3db8a655a4112d06387c2bf51272d1d0bc103b6c5bc5bcd077e47b0bb76ae,RECEIVED 2026-10-02; 2 pages
2026-10-02T10:41:57,received,027_1223-A_pinecrestcater.pdf,027_1223-A_pinecrestcater.pdf,muhammadeakub,b4e89927bd3c5ba0b2ffbd92c35ecb1c78d9f7262ea955990fdff9e0fc9fc891,RECEIVED 2026-10-02; 1 pages
2026-10-02T10:41:57,received,028_07714_graniterecords.pdf,028_07714_graniterecords.pdf,muhammadeakub,bfd6dc84b6d6b25e777b8c45c8eb5b05a02b55c455704a71e52e71f2ce0155c7,RECEIVED 2026-10-02; 4 pages
2026-10-02T10:41:57,received,029_INV-2026-95674_graniterecords.pdf,029_INV-2026-95674_graniterecords.pdf,muhammadeakub,5d743461b6a0bf5983f0a4a0b736188cffb80c33809a2c2bac5178f0f88880f5,RECEIVED 2026-10-02; 1 pages
2026-10-02T10:41:57,received,030_26708-A_brightline.pdf,030_26708-A_brightline.pdf,muhammadeakub,4364cf69c33cbd23de49f8acf0e88e250ec35e585e1e7d8856e780dcdccffa0f,RECEIVED 2026-10-02; 1 pages
2026-10-02T10:41:57,received,031_86873-A_brightline.pdf,031_86873-A_brightline.pdf,muhammadeakub,874a7979ac2c384f4f1629eaf80b6e74b40ba37f0ff0cca78d1710781c877859,RECEIVED 2026-10-02; 2 pages
2026-10-02T10:41:57,received,032_75539_meridiansec.pdf,032_75539_meridiansec.pdf,muhammadeakub,f85c2975e3619a66c764832f32ead6b81e39da46de22bc08c1af48c6936cd458,RECEIVED 2026-10-02; 1 pages
2026-10-02T10:41:57,received,033_INV095933_oakridgefc.pdf,033_INV095933_oakridgefc.pdf,muhammadeakub,a04b620d5af7e7c314e2e93876fb80b9213cbbbad20eaf08200281cb10b17589,RECEIVED 2026-10-02; 1 pages
2026-10-02T10:41:57,received,034_INV-2026-75079_meridiansec.pdf,034_INV-2026-75079_meridiansec.pdf,muhammadeakub,13135d6519523b2c901693c21e215abec54cf77a55a32cd545e30e7746c330d9,RECEIVED 2026-10-02; 2 pages
2026-10-02T10:41:57,received,035_INV092286_meridiansec.pdf,035_INV092286_meridiansec.pdf,muhammadeakub,c917496a6788d188892ed2a20d7173b18a0f1b3bf476bf25485b2a94b8cbb9eb,RECEIVED 2026-10-02; 1 pages
2026-10-02T10:41:57,received,036_INV092686_pinecrestcater.pdf,036_INV092686_pinecrestcater.pdf,muhammadeakub,ecfa1b547e751cca023c7ddee47813b10f2a9847140a79c393ad8d5f40516395,RECEIVED 2026-10-02; 1 pages
2026-10-02T10:41:57,received,037_37987_brightline.pdf,037_37987_brightline.pdf,muhammadeakub,0ba30971e2f9373063eea4199f8ab15ec4dc9b107c4940405385eac86314bbae,RECEIVED 2026-10-02; 1 pages
2026-10-02T10:41:57,received,038_INV040961_summitit.pdf,038_INV040961_summitit.pdf,muhammadeakub,ba3b7abef46a7076a0e3d7b031cbefa80904086e9553c3c426559867ab90a6db,RECEIVED 2026-10-02; 2 pages
2026-10-02T10:41:57,received,039_INV-2026-83702_meridiansec.pdf,039_INV-2026-83702_meridiansec.pdf,muhammadeakub,e1ac1715825e9574f686e828002f75a767b16d08ea6be561917d49dd40de5b9f,RECEIVED 2026-10-02; 1 pages
2026-10-02T10:41:57,received,040_65426_oakridgefc.pdf,040_65426_oakridgefc.pdf,muhammadeakub,1c0c5b0242f81a4b243d341f5abea40b36209a853a578d49dc567ea9fea904d3,RECEIVED 2026-10-02; 2 pages
2026-10-02T10:41:57,received,041_12209-A_meridiansec.pdf,041_12209-A_meridiansec.pdf,muhammadeakub,bf8d86df2a988387167bcaa7ea0ff38476a3013e52f125e1926c5e131a917eda,RECEIVED 2026-10-02; 3 pages
2026-10-02T10:41:57,received,042_14748-A_graniterecords.pdf,042_14748-A_graniterecords.pdf,muhammadeakub,635872194be1b7c3cde22633d21a5c5ad128f456c63f609e2086963bd4f2b9b5,RECEIVED 2026-10-02; 2 pages
2026-10-02T10:41:57,received,043_INV-2026-67724_pinecrestcater.pdf,043_INV-2026-67724_pinecrestcater.pdf,muhammadeakub,76bf89b216b98e761b61c3b33e85e7d65b05ef4bc6eea892e03fd3c7c5799387,RECEIVED 2026-10-02; 1 pages
2026-10-02T10:41:57,received,044_18237_harborcourier.pdf,044_18237_harborcourier.pdf,muhammadeakub,4584a37e0909836748d6c9f34f7f2f3845e8079e5f76989e3c5ca755f78efb4a,RECEIVED 2026-10-02; 2 pages
2026-10-02T10:41:57,received,045_INV-2026-99003_oakridgefc.pdf,045_INV-2026-99003_oakridgefc.pdf,muhammadeakub,cc1569a0fe40c1e1079b33854e7c31a4bedda73184a62eab4494ba29b738beee,RECEIVED 2026-10-02; 1 pages
2026-10-02T10:41:57,received,046_INV-2026-97477_summitit.pdf,046_INV-2026-97477_summitit.pdf,muhammadeakub,291ee7661b90a678622610887822749e9a73cafc82edcaf48790d79c3e60562b,RECEIVED 2026-10-02; 2 pages
2026-10-02T10:41:57,received,047_70724_cascadecr.pdf,047_70724_cascadecr.pdf,muhammadeakub,1ae72675271a0e2afc8ad386db6ca6051cec172601a0eb3c22e9ca946560115f,RECEIVED 2026-10-02; 2 pages
2026-10-02T10:41:57,received,048_INV029304_graniterecords.pdf,048_INV029304_graniterecords.pdf,muhammadeakub,10c4c4c583cf36b4fc640be0b9b014431ef62cbf26345abb3c26e857798fdf0e,RECEIVED 2026-10-02; 2 pages
2026-10-02T10:41:57,received,049_85659_graniterecords.pdf,049_85659_graniterecords.pdf,muhammadeakub,d17c50d16d249a5bd2ff9fe95f8ca36d784c38c34ba71959509227e1f3434496,RECEIVED 2026-10-02; 3 pages
2026-10-02T10:41:57,received,050_INV-2026-97866_meridiansec.pdf,050_INV-2026-97866_meridiansec.pdf,muhammadeakub,ec7c17361d3bc35fcf021bea0217536226844ce4c1dfd447c6d34616d59c0d17,RECEIVED 2026-10-02; 2 pages
2026-10-02T10:41:57,received,051_INV-2026-3014_brightline.pdf,051_INV-2026-3014_brightline.pdf,muhammadeakub,5b1528f0ef4243e3722cc9b5243de1dd575739bde27f95ba653920794b2d07bf,RECEIVED 2026-10-02; 2 pages
2026-10-02T10:41:57,received,052_INV028878_harborcourier.pdf,052_INV028878_harborcourier.pdf,muhammadeakub,f6f128f802e1b5768896f76adb7ffe886d06ac709df635f9fc1581f88ac64387,RECEIVED 2026-10-02; 1 pages
2026-10-02T10:41:57,received,053_INV045923_harborcourier.pdf,053_INV045923_harborcourier.pdf,muhammadeakub,ffb1ca9cbda6c6ef15861e957de5ee23796fd5081bff955564de78e4e50a892c,RECEIVED 2026-10-02; 1 pages
2026-10-02T10:41:57,received,054_INV037429_pinecrestcater.pdf,054_INV037429_pinecrestcater.pdf,muhammadeakub,b2d229884aaee41cf565f36b1253725cb0c198b9e7eebf3073a49eb82d8f9c40,RECEIVED 2026-10-02; 2 pages
2026-10-02T10:41:57,received,055_INV049941_northwindtx.pdf,055_INV049941_northwindtx.pdf,muhammadeakub,4aaf3d744dc7c47b02e3b6f60a3fac940a027fed4dee60084a554fa05cd898ea,RECEIVED 2026-10-02; 1 pages
2026-10-02T10:41:57,received,056_INV027590_oakridgefc.pdf,056_INV027590_oakridgefc.pdf,muhammadeakub,a9766dccbe14b8954cf3f1439ebfb017960aeb41c850828331f9db956bc2410a,RECEIVED 2026-10-02; 3 pages
2026-10-02T10:41:57,received,057_76644-A_harborcourier.pdf,057_76644-A_harborcourier.pdf,muhammadeakub,c24d8ade550f782ce035a8235ab91474422caa82efa0861187a9b4380365352b,RECEIVED 2026-10-02; 1 pages
2026-10-02T10:41:57,received,058_45721_cascadecr.pdf,058_45721_cascadecr.pdf,muhammadeakub,f3f352ff89d3a2211d6057ab868004d6c00b419d8502c7aaa79bf32db69006ea,RECEIVED 2026-10-02; 1 pages
2026-10-02T10:41:57,received,059_INV058184_graniterecords.pdf,059_INV058184_graniterecords.pdf,muhammadeakub,fa277cabfc7c63dc407b04aad7b50e857bc2b3a4a8cc69c5f0141fd891ed12a8,RECEIVED 2026-10-02; 2 pages
2026-10-02T10:41:57,received,060_76869-A_harborcourier.pdf,060_76869-A_harborcourier.pdf,muhammadeakub,48b1cf094afca217ac82152e1feab814362f4a8dd1f66b1eb6d4598024f5b4e9,RECEIVED 2026-10-02; 1 pages
2026-10-02T10:41:57,received,061_INV-2026-90352_meridiansec.pdf,061_INV-2026-90352_meridiansec.pdf,muhammadeakub,adb5e3ceda5d0c617ffee3bc30912c8615c2206f622b558d3243021b5ef6ddb6,RECEIVED 2026-10-02; 1 pages
2026-10-02T10:41:57,received,062_71956-A_brightline.pdf,062_71956-A_brightline.pdf,muhammadeakub,be77997234424e6106799914fe9caff16a40888c2bddb137685f618812421034,RECEIVED 2026-10-02; 1 pages
2026-10-02T10:41:57,received,063_86418_summitit.pdf,063_86418_summitit.pdf,muhammadeakub,9dfabe5a93ca9039e7415c6555510e7bc4d3d931256d9007e26a40c34cfda0fb,RECEIVED 2026-10-02; 2 pages
2026-10-02T10:41:57,received,064_24947_graniterecords.pdf,064_24947_graniterecords.pdf,muhammadeakub,66942c0fc2d24dcecf57188310b11e53c8a31d87aab276568de9eb0be33173f0,RECEIVED 2026-10-02; 2 pages
2026-10-02T10:41:57,received,065_08803_pinecrestcater.pdf,065_08803_pinecrestcater.pdf,muhammadeakub,1a8169f36e11cd62256f74d734047236aa845ce3e9527c5045ebdb608fc02a21,RECEIVED 2026-10-02; 3 pages
2026-10-02T10:41:57,received,066_INV-2026-16330_meridiansec.pdf,066_INV-2026-16330_meridiansec.pdf,muhammadeakub,933da53e670bc339fef3cf3039b9317ebd39ad47c7937ea52520a466cadfaff2,RECEIVED 2026-10-02; 2 pages
2026-10-02T10:41:57,received,067_47521_meridiansec.pdf,067_47521_meridiansec.pdf,muhammadeakub,62db9e05eed0092c79bc8636145c012781bf8a30ecc5a389fc14c1bc66198d35,RECEIVED 2026-10-02; 1 pages
2026-10-02T10:41:57,received,068_10168_cascadecr.pdf,068_10168_cascadecr.pdf,muhammadeakub,a728b6e3603c42fd95d13d98240419240438d13e5043cfd7bfd06b5f5191451f,RECEIVED 2026-10-02; 2 pages
2026-10-02T10:41:57,received,069_INV-2026-91802_cascadecr.pdf,069_INV-2026-91802_cascadecr.pdf,muhammadeakub,00ff8a47edbc66a0bc9ef2290802ab67ed2098a50b600a8378c40a93e670921f,RECEIVED 2026-10-02; 1 pages
2026-10-02T10:41:57,received,070_09884_pinecrestcater.pdf,070_09884_pinecrestcater.pdf,muhammadeakub,44e7ef9d3b866185447f074cb253446f617c7f6cdc8f6d7c73f78117e7f0be99,RECEIVED 2026-10-02; 1 pages
2026-10-02T10:41:57,received,071_51623-A_pinecrestcater.pdf,071_51623-A_pinecrestcater.pdf,muhammadeakub,68e19efbe6b3701626fc2aff0cd0c0cd9b908c8ee9bdcd2f9a9a877b379d518c,RECEIVED 2026-10-02; 3 pages
2026-10-02T10:41:57,received,072_55120-A_cascadecr.pdf,072_55120-A_cascadecr.pdf,muhammadeakub,5904f4ab1f54298ce4a0a94423b00e9622863bb7f182eeb6410baa9c8ede9711,RECEIVED 2026-10-02; 2 pages
2026-10-02T10:41:57,received,073_INV-2026-79630_bluewaterprint.pdf,073_INV-2026-79630_bluewaterprint.pdf,muhammadeakub,d765b1b7075706a6e45803363d1889f06d2926ac8214bcbfebd69448b3ecfb23,RECEIVED 2026-10-02; 3 pages
2026-10-02T10:41:57,received,074_INV-2026-26805_northwindtx.pdf,074_INV-2026-26805_northwindtx.pdf,muhammadeakub,cb1a6d8a54d1a84d56440d5b8c10e556e305f26a1caefe32ca36addff57225b6,RECEIVED 2026-10-02; 1 pages
2026-10-02T10:41:57,received,075_90404-A_oakridgefc.pdf,075_90404-A_oakridgefc.pdf,muhammadeakub,dff8ca08a80322efe7829f6690a80fa7a81e0c8e3d3b1f46a74e9f1f5315691a,RECEIVED 2026-10-02; 4 pages
2026-10-02T10:41:57,received,076_81214_brightline.pdf,076_81214_brightline.pdf,muhammadeakub,9372846db22507235470bfec7ce4dcc7da0c1aa473de09901ca1746f6ad36ada,RECEIVED 2026-10-02; 1 pages
2026-10-02T10:41:57,received,077_INV-2026-30499_bluewaterprint.pdf,077_INV-2026-30499_bluewaterprint.pdf,muhammadeakub,475132a33a781a34513e3f03eb1fc7dc348e1a9395ed2159897446b3f48319c9,RECEIVED 2026-10-02; 1 pages
2026-10-02T10:41:57,received,078_INV053992_cascadecr.pdf,078_INV053992_cascadecr.pdf,muhammadeakub,737a15451f64a0f2419a0cc55f7a96e1f4436a479f0e3969f3362eb08d876985,RECEIVED 2026-10-02; 2 pages
2026-10-02T10:41:57,received,079_88677-A_pinecrestcater.pdf,079_88677-A_pinecrestcater.pdf,muhammadeakub,e244688854bec53b78fce231c6762f18581b432a384d5d81aecd6c477ea03eae,RECEIVED 2026-10-02; 2 pages
2026-10-02T10:41:57,received,080_INV086336_cascadecr.pdf,080_INV086336_cascadecr.pdf,muhammadeakub,36b37eeb4fd4b46e32c15b5f7e91b8d9ed569555a90b799ca3f0210b12b9396d,RECEIVED 2026-10-02; 1 pages
2026-10-02T10:41:57,received,081_25158_northwindtx.pdf,081_25158_northwindtx.pdf,muhammadeakub,3c3486dfe614c65eb5082ef2bd17bba2068c1bf860c23b3f1436b590c0558e3d,RECEIVED 2026-10-02; 2 pages
2026-10-02T10:41:57,received,082_INV-2026-73075_pinecrestcater.pdf,082_INV-2026-73075_pinecrestcater.pdf,muhammadeakub,36bd2618e992d3f2a428ea4df89cc7123102078ddac8cc6f8fb21a5de90228fb,RECEIVED 2026-10-02; 1 pages
2026-10-02T10:41:57,received,083_INV070944_meridiansec.pdf,083_INV070944_meridiansec.pdf,muhammadeakub,14195bb3e7a9535b186f1ea89b3aa8a878c7f473e417218ed00d549d02db84ed,RECEIVED 2026-10-02; 2 pages
2026-10-02T10:41:57,received,084_2222-A_cascadecr.pdf,084_2222-A_cascadecr.pdf,muhammadeakub,4ff5f3f2f32e372c0b1359c167eaf4a7d2d482ed6d58cd4fe88333e00e7404c5,RECEIVED 2026-10-02; 1 pages
2026-10-02T10:41:57,received,085_40708_harborcourier.pdf,085_40708_harborcourier.pdf,muhammadeakub,7d51a4d96ca27e55d6f9a58556181aae6afd771b55f354bb19d945e3c06ac0ff,RECEIVED 2026-10-02; 1 pages
2026-10-02T10:41:57,received,086_INV045775_harborcourier.pdf,086_INV045775_harborcourier.pdf,muhammadeakub,efb390813b68c106928c41938f4f3493b8537cafb1a3d6b759e840d81b1ca7b0,RECEIVED 2026-10-02; 1 pages
2026-10-02T10:41:57,received,087_76860_brightline.pdf,087_76860_brightline.pdf,muhammadeakub,c57fbf197cb5c42cd8e1ade6e296daae2421e54cf9b3fda29ee6d51c44540b4a,RECEIVED 2026-10-02; 4 pages
2026-10-02T10:41:57,received,088_INV-2026-50056_summitit.pdf,088_INV-2026-50056_summitit.pdf,muhammadeakub,6f7951af98ad27335e8ccc84dcdf9add6333c34dfbfa6c72ae0de319d6b1c95a,RECEIVED 2026-10-02; 1 pages
2026-10-02T10:41:57,received,089_INV067481_graniterecords.pdf,089_INV067481_graniterecords.pdf,muhammadeakub,af46f9c6e2a7a38088ad13b99c409ca4cf901d222224915893b3e324c5786ab5,RECEIVED 2026-10-02; 1 pages
2026-10-02T10:41:57,received,090_INV052384_oakridgefc.pdf,090_INV052384_oakridgefc.pdf,muhammadeakub,ea3a8a87b19b2adc08a8954b42afec9f5bc236cf60e033740af8eb179467e96d,RECEIVED 2026-10-02; 1 pages
2026-10-02T10:41:57,received,091_75034_brightline.pdf,091_75034_brightline.pdf,muhammadeakub,935588d190e5222a9fc78a8f0acd5d68991b1c57c249bc4b24b175519e9ea7e0,RECEIVED 2026-10-02; 1 pages
2026-10-02T10:41:57,received,092_90853_harborcourier.pdf,092_90853_harborcourier.pdf,muhammadeakub,1b01fec760955551e2cc3f2199031d7f23794b6b450e9071d14ac6a25edaf8b6,RECEIVED 2026-10-02; 1 pages
2026-10-02T10:41:57,received,093_17207-A_meridiansec.pdf,093_17207-A_meridiansec.pdf,muhammadeakub,de6d45ef3d7c8dde55eab86ca85ad402ca43369356dde547fc9e888ea96405dc,RECEIVED 2026-10-02; 1 pages
2026-10-02T10:41:57,received,094_INV051237_graniterecords.pdf,094_INV051237_graniterecords.pdf,muhammadeakub,ccc064f8ff6b84878d2b192a1d831796b2c1a82bfc22dfd389e83df23e8c1c53,RECEIVED 2026-10-02; 2 pages
2026-10-02T10:41:57,received,095_90667_meridiansec.pdf,095_90667_meridiansec.pdf,muhammadeakub,e7976bf063f2dfa935fc24dd959058d047a4b0fb619ee341b6833e9a704bbca9,RECEIVED 2026-10-02; 2 pages
2026-10-02T10:41:57,received,096_25375-A_brightline.pdf,096_25375-A_brightline.pdf,muhammadeakub,2ff740c09e355deb54ede69d833e71774512e73bb26069c78e225f12ded900b5,RECEIVED 2026-10-02; 1 pages
2026-10-02T10:41:57,received,097_INV-2026-56249_oakridgefc.pdf,097_INV-2026-56249_oakridgefc.pdf,muhammadeakub,ec8ec163e7c8a10d9002ef10da44426e20d7f3e7e69ae24fbbabe8f9c6d53b10,RECEIVED 2026-10-02; 1 pages
2026-10-02T10:41:57,received,098_84736_oakridgefc.pdf,098_84736_oakridgefc.pdf,muhammadeakub,31235d1184b0627724ccaa476add53cb6f70f9db2c4ad98dc784de2e26b3f834,RECEIVED 2026-10-02; 2 pages
2026-10-02T10:41:57,received,099_INV056764_northwindtx.pdf,099_INV056764_northwindtx.pdf,muhammadeakub,821a93ea26e162b0bc769edce8cdd32c7a5b6ee8b39d77ae773e8d19644cf94a,RECEIVED 2026-10-02; 2 pages
2026-10-02T10:41:57,received,100_53498_graniterecords.pdf,100_53498_graniterecords.pdf,muhammadeakub,a421a58939e64087396422d6472bcc28f2d2ffc0eb3ac3169d94f440a0bd0c49,RECEIVED 2026-10-02; 1 pages
2026-10-02T10:41:57,received,101_INV-2026-74163_northwindtx.pdf,101_INV-2026-74163_northwindtx.pdf,muhammadeakub,8a9025e7c7a0b5fd9e98aa8117aabc0cf161361ff0037ffcf6caead46aefcc81,RECEIVED 2026-10-02; 3 pages
2026-10-02T10:41:57,received,102_INV-2026-42124_pinecrestcater.pdf,102_INV-2026-42124_pinecrestcater.pdf,muhammadeakub,554ccedc072df12818ded1537e543f8606a2ba9bc094d6bfc843076c1499972b,RECEIVED 2026-10-02; 4 pages
2026-10-02T10:41:57,received,103_INV-2026-31296_pinecrestcater.pdf,103_INV-2026-31296_pinecrestcater.pdf,muhammadeakub,ccc296a6f3c4c20054f98c30f1ce2b023768ff570dbfbed23c20bf62e6b2d9a5,RECEIVED 2026-10-02; 4 pages
2026-10-02T10:41:57,received,104_INV-2026-15738_harborcourier.pdf,104_INV-2026-15738_harborcourier.pdf,muhammadeakub,6509b8aae8b6789261e165ba92db2e5079aee8b486e4c4a887d69ad879f85229,RECEIVED 2026-10-02; 2 pages
2026-10-02T10:41:58,received,105_INV-2026-70724_summitit.pdf,105_INV-2026-70724_summitit.pdf,muhammadeakub,6f2e0d1d9c6588981fde221b408d0bbea29a7554cc14c6e874e22836512b1221,RECEIVED 2026-10-02; 1 pages
2026-10-02T10:41:58,received,106_73968-A_summitit.pdf,106_73968-A_summitit.pdf,muhammadeakub,cc3318f54686ffd3ed813f054ee25afe61e615066cdf476f61363d69d02e734b,RECEIVED 2026-10-02; 2 pages
2026-10-02T10:41:58,received,107_56930-A_graniterecords.pdf,107_56930-A_graniterecords.pdf,muhammadeakub,a71569b16561c28621968dff697819307feb62e96946c18e0e9d9f7892b05931,RECEIVED 2026-10-02; 1 pages
2026-10-02T10:41:58,received,108_INV048537_meridiansec.pdf,108_INV048537_meridiansec.pdf,muhammadeakub,5f3e7afb9fa45f69d318016ef4ecb55b186100d730c9a48fe3fb2e18ec40cc31,RECEIVED 2026-10-02; 2 pages
2026-10-02T10:41:58,received,109_INV027983_oakridgefc.pdf,109_INV027983_oakridgefc.pdf,muhammadeakub,ee0a4d1a746ecec6d0d9dbe3b2fa372d175ee84bf0efd27f19c6bc13a8a2c4b6,RECEIVED 2026-10-02; 1 pages
2026-10-02T10:41:58,received,110_INV083440_bluewaterprint.pdf,110_INV083440_bluewaterprint.pdf,muhammadeakub,19afd97dc7243a0b88776c0f875af5d07296be08771e01207be6151ab26b211a,RECEIVED 2026-10-02; 2 pages
2026-10-02T10:41:58,received,111_85855_oakridgefc.pdf,111_85855_oakridgefc.pdf,muhammadeakub,6fcc5a6c7ba960cbe89ade8393e5b0043a3ac43b9e7cf4400011080a27e7ac25,RECEIVED 2026-10-02; 1 pages
2026-10-02T10:41:58,received,112_INV-2026-33658_meridiansec.pdf,112_INV-2026-33658_meridiansec.pdf,muhammadeakub,f0ab3e6a3927c18c8f1c04c4854ce7abddc1dd8b7004ff14bad55d8fee15b74f,RECEIVED 2026-10-02; 1 pages
2026-10-02T10:41:58,received,113_66194_pinecrestcater.pdf,113_66194_pinecrestcater.pdf,muhammadeakub,1da653a6e1988ed3c68ad50839f5fe0c718ff9eaffdc94fff9f089c18d394ec6,RECEIVED 2026-10-02; 1 pages
2026-10-02T10:41:58,received,114_INV-2026-78056_harborcourier.pdf,114_INV-2026-78056_harborcourier.pdf,muhammadeakub,88a3174b6dfb23868742e1d63e647dce0cc7f3364702b9dcc73eb5966fe1b491,RECEIVED 2026-10-02; 1 pages
2026-10-02T10:41:58,received,115_INV-2026-1307_brightline.pdf,115_INV-2026-1307_brightline.pdf,muhammadeakub,8fcba284de9a6001a44626a92b7e92dddb9edce25b99028d3ed3f5e24960c871,RECEIVED 2026-10-02; 2 pages
2026-10-02T10:41:58,received,116_69668_pinecrestcater.pdf,116_69668_pinecrestcater.pdf,muhammadeakub,1d1e533e1dcd0814a6017a7c3492e2888cfc4ac56a0bbe2e8838e99ffdb0944a,RECEIVED 2026-10-02; 1 pages
2026-10-02T10:41:58,received,117_3518-A_oakridgefc.pdf,117_3518-A_oakridgefc.pdf,muhammadeakub,0308cd3aa785966909b3e9d577b064010134700548d5fb46569e8b627c741e54,RECEIVED 2026-10-02; 1 pages
2026-10-02T10:41:58,received,118_INV048262_harborcourier.pdf,118_INV048262_harborcourier.pdf,muhammadeakub,822057c14e500b250552b5df3748e87e36e9b71f472d59d8cdb5f223c7d0477f,RECEIVED 2026-10-02; 1 pages
2026-10-02T10:41:58,received,119_91859-A_cascadecr.pdf,119_91859-A_cascadecr.pdf,muhammadeakub,f0a3caf51b4a07c41a0b31800bb143d615b13673840c82fe874406b79059a901,RECEIVED 2026-10-02; 1 pages
2026-10-02T10:41:58,received,120_58177-A_cascadecr.pdf,120_58177-A_cascadecr.pdf,muhammadeakub,dd94576e2f189fbd31f409bba301ed82942713fd167917d8785d8b2cfef342a6,RECEIVED 2026-10-02; 4 pages
2026-10-02T10:41:58,received,121_80681_graniterecords.pdf,121_80681_graniterecords.pdf,muhammadeakub,cbcc8e0816fba2d7da85f25bb6e6ee207e3613285ecb7d61f0e560270ef362e5,RECEIVED 2026-10-02; 2 pages
2026-10-02T10:41:58,received,122_INV-2026-6292_cascadecr.pdf,122_INV-2026-6292_cascadecr.pdf,muhammadeakub,72cef878ec4d3334499174a7e4af406bfd537d0c9fcddf4d3bdf20fb7e5b1637,RECEIVED 2026-10-02; 2 pages
2026-10-02T10:41:58,received,123_INV021895_summitit.pdf,123_INV021895_summitit.pdf,muhammadeakub,1194e213dc041b757263b5d8dc7c6786ebcd3fbb16c77e93d9aa312d60c9e2d3,RECEIVED 2026-10-02; 2 pages
2026-10-02T10:41:58,received,124_INV-2026-57167_northwindtx.pdf,124_INV-2026-57167_northwindtx.pdf,muhammadeakub,26d65d90bdd65321d4b3eceebcef357034963f7006e9ea38e706c8c1ae1e31e2,RECEIVED 2026-10-02; 1 pages
2026-10-02T10:41:58,received,125_INV-2026-39816_summitit.pdf,125_INV-2026-39816_summitit.pdf,muhammadeakub,0e379a7f0214aed894d6969d21dd338edb603958754429c93331f257d20faf91,RECEIVED 2026-10-02; 1 pages
2026-10-02T10:41:58,received,126_56446-A_harborcourier.pdf,126_56446-A_harborcourier.pdf,muhammadeakub,f3647391bc14c70da2a554baa27fe513cd272df09ec912ee9205e06ff5a1d0c4,RECEIVED 2026-10-02; 1 pages
2026-10-02T10:41:58,received,127_INV-2026-24993_cascadecr.pdf,127_INV-2026-24993_cascadecr.pdf,muhammadeakub,2c726675f1ca94ec45c97d8c6f3d6ef48946cba9483c9a7685dff28fce23d048,RECEIVED 2026-10-02; 2 pages
2026-10-02T10:41:58,received,128_39599-A_summitit.pdf,128_39599-A_summitit.pdf,muhammadeakub,57897952628383a6381514dc8cfe4a789fbb125d27495446b374295ec68ddbb7,RECEIVED 2026-10-02; 1 pages
2026-10-02T10:41:58,received,129_68529-A_graniterecords.pdf,129_68529-A_graniterecords.pdf,muhammadeakub,5d7916d330f741de3bea7b45cf94a48998d4d0487185c89110c6e36fe6e6b82f,RECEIVED 2026-10-02; 1 pages
2026-10-02T10:41:58,received,130_9816-A_brightline.pdf,130_9816-A_brightline.pdf,muhammadeakub,c4d8ce36b11fd99924b10c7176c7a9a01203080cfc16e05286459dd1f6a56e25,RECEIVED 2026-10-02; 2 pages
2026-10-02T10:41:58,received,131_80865-A_oakridgefc.pdf,131_80865-A_oakridgefc.pdf,muhammadeakub,9c79f99e18890b8500e9b862c02b4f498ef05200a25c39649812350588e415db,RECEIVED 2026-10-02; 1 pages
2026-10-02T10:41:58,received,132_57599_graniterecords.pdf,132_57599_graniterecords.pdf,muhammadeakub,5cd07c2c18b5bb939b89b64b4f652825beee47a2fc067c411d22a71fe297ef13,RECEIVED 2026-10-02; 1 pages
2026-10-02T10:41:58,received,133_INV091049_pinecrestcater.pdf,133_INV091049_pinecrestcater.pdf,muhammadeakub,9193fc3907fb4fa92f3b3cbbf92bdea590a497167b8f52257b8d7927a974fa6d,RECEIVED 2026-10-02; 1 pages
2026-10-02T10:41:58,received,134_38886_meridiansec.pdf,134_38886_meridiansec.pdf,muhammadeakub,7262f2ae347baf3209b3a9738873b368334c2866b51fd0fda33f20f86e179542,RECEIVED 2026-10-02; 1 pages
2026-10-02T10:41:58,received,135_INV-2026-57859_oakridgefc.pdf,135_INV-2026-57859_oakridgefc.pdf,muhammadeakub,f1450c32ec8f5d54615cafa6a95049f99b85c81fa255c7b84038d1abb33b9a70,RECEIVED 2026-10-02; 1 pages
2026-10-02T10:41:58,received,136_INV-2026-99167_pinecrestcater.pdf,136_INV-2026-99167_pinecrestcater.pdf,muhammadeakub,2553834e067ccbd47312402bd1b539108777a9f79861bbc8366b93fd33ce5145,RECEIVED 2026-10-02; 2 pages
2026-10-02T10:41:58,received,137_INV-2026-9636_oakridgefc.pdf,137_INV-2026-9636_oakridgefc.pdf,muhammadeakub,4b695ef10670b3f04144a7a346f50c9a539d0455fa28bd7c1b6b35ca3de10e8f,RECEIVED 2026-10-02; 2 pages
2026-10-02T10:41:58,received,138_42722_northwindtx.pdf,138_42722_northwindtx.pdf,muhammadeakub,a8c6ef2f468c1b404eb9108e95a9dcca4d6a84d02a6ec225893c4e58ce3c30a4,RECEIVED 2026-10-02; 1 pages
2026-10-02T10:41:58,received,139_67920_bluewaterprint.pdf,139_67920_bluewaterprint.pdf,muhammadeakub,f53dd2ef03f8df84445a8d9ecf6a5076a4b65293322f0db4a21c20054d1e8796,RECEIVED 2026-10-02; 2 pages
2026-10-02T10:41:58,received,140_72601_harborcourier.pdf,140_72601_harborcourier.pdf,muhammadeakub,241e89a39dc623540dc90a21746d5dae110a74b292abb5e25b7e8476d60a2985,RECEIVED 2026-10-02; 1 pages
2026-10-02T10:41:58,received,141_36504-A_harborcourier.pdf,141_36504-A_harborcourier.pdf,muhammadeakub,133d9067a8549f3a460bc3942f1480c6f56957295012a3ac7f3375b2a69b9789,RECEIVED 2026-10-02; 1 pages
2026-10-02T10:41:58,received,142_INV068090_pinecrestcater.pdf,142_INV068090_pinecrestcater.pdf,muhammadeakub,c337cdcc4726e09b65be620d0a8bde1066f13e67de22b39f9f29fef44e4dc617,RECEIVED 2026-10-02; 1 pages
2026-10-02T10:41:58,received,143_65338_harborcourier.pdf,143_65338_harborcourier.pdf,muhammadeakub,33933fcea50d55ead9683a095aded4f3721c7c718459ceed59c15198c67b861a,RECEIVED 2026-10-02; 1 pages
2026-10-02T10:41:58,received,144_INV048866_meridiansec.pdf,144_INV048866_meridiansec.pdf,muhammadeakub,8ec3e387f831ee117e3f93ae8802c9046295ffc6e6229e3852de1979ff7ba635,RECEIVED 2026-10-02; 1 pages
2026-10-02T10:41:58,received,145_13355-A_meridiansec.pdf,145_13355-A_meridiansec.pdf,muhammadeakub,5e0b7e3e1dbb0cc41e8a617bd448abef34a16b3f8034ccc8f59c81975f9b5424,RECEIVED 2026-10-02; 1 pages
2026-10-02T10:41:58,received,146_14563-A_harborcourier.pdf,146_14563-A_harborcourier.pdf,muhammadeakub,5091bc86c84942262cb143d324634646b68b3d3e7f9f8eb45d93de9891d9a8d5,RECEIVED 2026-10-02; 2 pages
2026-10-02T10:41:58,received,147_INV-2026-63922_bluewaterprint.pdf,147_INV-2026-63922_bluewaterprint.pdf,muhammadeakub,6333ad8bc9ac22e0cf252f9abfb5502f311418406304b730343066286c9380db,RECEIVED 2026-10-02; 1 pages
2026-10-02T10:41:58,received,148_03211_oakridgefc.pdf,148_03211_oakridgefc.pdf,muhammadeakub,c67db2e36d0154febd119702042b698a77ca1e3ac2a2ce65b79b08473f363889,RECEIVED 2026-10-02; 2 pages
2026-10-02T10:41:58,received,149_89284_northwindtx.pdf,149_89284_northwindtx.pdf,muhammadeakub,c17233769ee659b40663b73df8a39133a02abbedcce06fad24c1ead366acfd91,RECEIVED 2026-10-02; 2 pages
2026-10-02T10:41:58,received,150_35398_cascadecr.pdf,150_35398_cascadecr.pdf,muhammadeakub,e21dcf8e62c7f43e35d834bf5a56ce9aff70344221de5715c0fce66ac403109a,RECEIVED 2026-10-02; 1 pages
2026-10-02T10:41:58,received,151_INV094667_graniterecords.pdf,151_INV094667_graniterecords.pdf,muhammadeakub,411cfc663fbdf0cf550608d757f94c27d65ab8358c4e6375d3acb8cd67d40048,RECEIVED 2026-10-02; 1 pages
2026-10-02T10:41:58,received,152_85946-A_northwindtx.pdf,152_85946-A_northwindtx.pdf,muhammadeakub,6f2957871fcd7c7728aa6e1856d4c748500698f140017c14098377bc19bfce96,RECEIVED 2026-10-02; 1 pages
2026-10-02T10:41:58,receive-failed,153_83730_bluewaterprint.pdf,,muhammadeakub,,password-protected PDF; ask the sender for an unlocked copy
2026-10-02T10:41:58,received,154_INV-2026-13623_summitit.pdf,154_INV-2026-13623_summitit.pdf,muhammadeakub,56d354e16fbe47b67dbbf48e6d3906dcc8a66e8f3d8666fa51beec6907644391,RECEIVED 2026-10-02; 3 pages
2026-10-02T10:41:58,received,155_25414-A_harborcourier.pdf,155_25414-A_harborcourier.pdf,muhammadeakub,84793cd67f92d98adbbd620dbe3861059093448865711c338ff0cfd189691f1e,RECEIVED 2026-10-02; 2 pages
2026-10-02T10:41:58,received,156_76780_meridiansec.pdf,156_76780_meridiansec.pdf,muhammadeakub,bcb59e1feb64bd2b899aafacfaa4b1e1203a7a6bf81087283ed8ce0dc5f341df,RECEIVED 2026-10-02; 3 pages
2026-10-02T10:41:58,received,157_INV-2026-19980_cascadecr.pdf,157_INV-2026-19980_cascadecr.pdf,muhammadeakub,7b3c3b4f648b92dcec7102afb4d750a2f028a71f6d7bc199d1158acf3118e36a,RECEIVED 2026-10-02; 3 pages
2026-10-02T10:41:58,received,158_17314-A_oakridgefc.pdf,158_17314-A_oakridgefc.pdf,muhammadeakub,8df44b87d781ae96f540cbc990551e8b24892b082926219a189c2951c78143db,RECEIVED 2026-10-02; 4 pages
2026-10-02T10:41:58,received,159_INV062173_cascadecr.pdf,159_INV062173_cascadecr.pdf,muhammadeakub,7ce8647c53da213b1002fa7f5bb002c7a877468da68b3b0b082608ec40305e33,RECEIVED 2026-10-02; 1 pages
2026-10-02T10:41:58,received,160_INV-2026-57007_oakridgefc.pdf,160_INV-2026-57007_oakridgefc.pdf,muhammadeakub,b0723f8550fd75681f47ab86510bfd51d345d9b39ecf5f54c6b0f7d50c5f59fa,RECEIVED 2026-10-02; 1 pages
2026-10-02T10:41:58,received,161_17570_harborcourier.pdf,161_17570_harborcourier.pdf,muhammadeakub,d040476851a1c7faa0508077e0f871d62c1b26b58d8c48dfa9cec96ffb3a7ba4,RECEIVED 2026-10-02; 2 pages
2026-10-02T10:41:58,received,162_26344_northwindtx.pdf,162_26344_northwindtx.pdf,muhammadeakub,bd1374e7487f3179f1ff7cdd65a258f3a25e89dcdd87d8ae26af3bb53ce03709,RECEIVED 2026-10-02; 1 pages
2026-10-02T10:41:58,received,163_90331-A_northwindtx.pdf,163_90331-A_northwindtx.pdf,muhammadeakub,286f476d70fba15e50e2b29679476bed9827b43685c054309b762d86b31bd269,RECEIVED 2026-10-02; 2 pages
2026-10-02T10:41:58,receive-failed,164_INV027061_brightline.pdf,,muhammadeakub,,password-protected PDF; ask the sender for an unlocked copy
2026-10-02T10:41:58,received,165_INV063712_pinecrestcater.pdf,165_INV063712_pinecrestcater.pdf,muhammadeakub,89d3bee20ce8d079618825479d0c3d45f75d2e98eba11c98844494ea43f7feac,RECEIVED 2026-10-02; 2 pages
2026-10-02T10:41:58,received,166_20367_oakridgefc.pdf,166_20367_oakridgefc.pdf,muhammadeakub,d40c805621d2de23224b67c6eacb17254d07ad1ec794433cf1968fbc76cc3123,RECEIVED 2026-10-02; 1 pages
2026-10-02T10:41:58,received,167_19121_oakridgefc.pdf,167_19121_oakridgefc.pdf,muhammadeakub,34ceb296c79cc72e760d691f84353bf5537ab6864dba7f38bcbe749102f802a9,RECEIVED 2026-10-02; 2 pages
2026-10-02T10:41:58,received,168_INV-2026-21933_graniterecords.pdf,168_INV-2026-21933_graniterecords.pdf,muhammadeakub,763355d6f8ba0ac2b699bd50df34f59993781254bb11dc3df4620eae825d6456,RECEIVED 2026-10-02; 1 pages
2026-10-02T10:41:58,received,169_INV023663_graniterecords.pdf,169_INV023663_graniterecords.pdf,muhammadeakub,10eedad1fd307d9b09d698e65d26eb8c26f7495b7fa3d0bf5c33bbaeaa07698b,RECEIVED 2026-10-02; 1 pages
2026-10-02T10:41:58,received,170_17652_meridiansec.pdf,170_17652_meridiansec.pdf,muhammadeakub,788e1fef1adf920bbd52b399551202d573fcd630b6245cf17f9c0b85efab4ea9,RECEIVED 2026-10-02; 2 pages
2026-10-02T10:41:58,received,171_84509_cascadecr.pdf,171_84509_cascadecr.pdf,muhammadeakub,4b29d089170c893a63ec0c3d92a6750a0da6851d7d3d9851b6fe9b4011961391,RECEIVED 2026-10-02; 1 pages
2026-10-02T10:41:58,received,172_38939_northwindtx.pdf,172_38939_northwindtx.pdf,muhammadeakub,5a709671776063bd751e36fac3707b4c43e493a12e529d20b901610d3f65c8a3,RECEIVED 2026-10-02; 1 pages
2026-10-02T10:41:58,received,173_83744-A_cascadecr.pdf,173_83744-A_cascadecr.pdf,muhammadeakub,025fd5eeab50fccfb8f0a1bc54d4e562a16465947a28066939f65ad440543a72,RECEIVED 2026-10-02; 1 pages
2026-10-02T10:41:58,received,174_INV091064_brightline.pdf,174_INV091064_brightline.pdf,muhammadeakub,e234a5c9975da85e19dd6152e655bec327480b13f5356af0979d06ad27d3883e,RECEIVED 2026-10-02; 2 pages
2026-10-02T10:41:58,received,175_76648-A_bluewaterprint.pdf,175_76648-A_bluewaterprint.pdf,muhammadeakub,60916258d9e45936462395d9e6bc78db61edc0431dca7f39da2ab8df4701d87a,RECEIVED 2026-10-02; 1 pages
2026-10-02T10:41:58,received,176_12079_northwindtx.pdf,176_12079_northwindtx.pdf,muhammadeakub,5f0ec27fe1516fdd557642ede3d402742a4a6a1450d3feeca43a799fec58c1a1,RECEIVED 2026-10-02; 1 pages
2026-10-02T10:41:58,received,177_20006_cascadecr.pdf,177_20006_cascadecr.pdf,muhammadeakub,1a634d812d0e221b984f3c3e120a60d474b94364e577786fa8c7a69a399c3d5c,RECEIVED 2026-10-02; 3 pages
2026-10-02T10:41:58,receive-failed,178_INV029699_oakridgefc.pdf,,muhammadeakub,,password-protected PDF; ask the sender for an unlocked copy
2026-10-02T10:41:58,received,179_93128_summitit.pdf,179_93128_summitit.pdf,muhammadeakub,aa16f084c44aad5ab05b423fa7b587b54feaccdb67f2d7e944a997b2b39a0a9d,RECEIVED 2026-10-02; 1 pages
2026-10-02T10:41:58,received,180_INV057229_harborcourier.pdf,180_INV057229_harborcourier.pdf,muhammadeakub,fc7c1b7231d19583b93c183ce86c58ba4b6917c949e195b8f38749ec597cc535,RECEIVED 2026-10-02; 2 pages
2026-10-02T10:41:58,receive-failed,181_INV021519_harborcourier.pdf,,muhammadeakub,,password-protected PDF; ask the sender for an unlocked copy
2026-10-02T10:41:58,received,182_82779_harborcourier.pdf,182_82779_harborcourier.pdf,muhammadeakub,04c5ed56651537b6c2b9b8f0335122f7efd05856185282fc0dc9cc5f6261c6f8,RECEIVED 2026-10-02; 3 pages
2026-10-02T10:41:58,received,183_INV-2026-48880_meridiansec.pdf,183_INV-2026-48880_meridiansec.pdf,muhammadeakub,17fd37ca39f2f4fda7cf7a2f3830a52581d0acdb8e8e566b6d80ee3ae0624130,RECEIVED 2026-10-02; 2 pages
2026-10-02T10:41:58,received,184_41809-A_brightline.pdf,184_41809-A_brightline.pdf,muhammadeakub,38c4d6d8f8238b0302efab903d6cda496b8bfd18becd467d446d7d51a897bd29,RECEIVED 2026-10-02; 1 pages
2026-10-02T10:41:58,received,185_INV082045_graniterecords.pdf,185_INV082045_graniterecords.pdf,muhammadeakub,55d0cbb2af3014a9174423de6c6e3b4b1fc4a79feed6c345e156a6309f9f1608,RECEIVED 2026-10-02; 1 pages
2026-10-02T10:41:58,received,186_INV-2026-1175_pinecrestcater.pdf,186_INV-2026-1175_pinecrestcater.pdf,muhammadeakub,d5af7d181fdd6bd44d27494b43a23593d6ec991c3aa0a78467092ae85f6b6c0a,RECEIVED 2026-10-02; 3 pages
2026-10-02T10:41:58,received,187_12097_brightline.pdf,187_12097_brightline.pdf,muhammadeakub,fbdbf2fe9cb97a15a4b49c0d80b26db61f9faf434bfd050133312694a818e14a,RECEIVED 2026-10-02; 3 pages
2026-10-02T10:41:58,received,188_51189_brightline.pdf,188_51189_brightline.pdf,muhammadeakub,3b23b014555cec94e214327109195939c5ed020460dd85bd1d4c566c821fef15,RECEIVED 2026-10-02; 1 pages
2026-10-02T10:41:58,received,189_54796_harborcourier.pdf,189_54796_harborcourier.pdf,muhammadeakub,789079d0229c6ed345a4834c43ba7e340f52b85f816f80d0e3b3e56c38e9dbb7,RECEIVED 2026-10-02; 2 pages
2026-10-02T10:41:58,received,190_INV-2026-35842_northwindtx.pdf,190_INV-2026-35842_northwindtx.pdf,muhammadeakub,eed2edeae43c0909e54890c54dbe9ac842607a1b115ad0f3bd61f143cc411fdc,RECEIVED 2026-10-02; 4 pages
2026-10-02T10:41:58,received,191_87683_bluewaterprint.pdf,191_87683_bluewaterprint.pdf,muhammadeakub,c8d00445c164653c2dd5b7b17e077b4ba524e5b35c03e95ada6a0aab7f3490e9,RECEIVED 2026-10-02; 4 pages
2026-10-02T10:41:58,received,192_INV010127_summitit.pdf,192_INV010127_summitit.pdf,muhammadeakub,46e50a5ea17e52026012ea497fa6855f9c76a896fa2073794a625737c9d07bc0,RECEIVED 2026-10-02; 4 pages
2026-10-02T10:41:58,received,193_62447_meridiansec.pdf,193_62447_meridiansec.pdf,muhammadeakub,39d75aaaa0fb64ab34530152c48b1a900a71e3ec2cab9a9a5a1deb559fbce5c9,RECEIVED 2026-10-02; 1 pages
2026-10-02T10:41:58,received,194_INV-2026-90739_brightline.pdf,194_INV-2026-90739_brightline.pdf,muhammadeakub,a2a80d9e1ee6adaa07ed39777436882dc86461c4775a8b45ec230b75d0a57b47,RECEIVED 2026-10-02; 1 pages
2026-10-02T10:41:58,received,195_INV099929_northwindtx.pdf,195_INV099929_northwindtx.pdf,muhammadeakub,1113b38aa584c1ab199b54a679437b516f2cac66b5a3d90bd5660f36aa3db57b,RECEIVED 2026-10-02; 2 pages
2026-10-02T10:41:58,received,196_INV-2026-91101_pinecrestcater.pdf,196_INV-2026-91101_pinecrestcater.pdf,muhammadeakub,35b3e67106bb0bc487b15748ee833e35c5c8e6d02e80accd93ac1f597cf2b71f,RECEIVED 2026-10-02; 1 pages
2026-10-02T10:41:58,received,197_INV-2026-40845_harborcourier.pdf,197_INV-2026-40845_harborcourier.pdf,muhammadeakub,61b07bdb6083c3e51819958fe93e152c67cb9af9c0877b6fe5ea4fcad9858eb0,RECEIVED 2026-10-02; 2 pages
2026-10-02T10:41:58,received,198_INV-2026-71425_meridiansec.pdf,198_INV-2026-71425_meridiansec.pdf,muhammadeakub,e7ffed13db1770faeb64621123216da99c984e72a1307fb6b270d1d7e2875e94,RECEIVED 2026-10-02; 1 pages
2026-10-02T10:41:58,received,199_INV015698_oakridgefc.pdf,199_INV015698_oakridgefc.pdf,muhammadeakub,853d3ddfbc20bd2d323b57a999ffc767e14a32469475c81466bd09e78b9fe01e,RECEIVED 2026-10-02; 2 pages
2026-10-02T10:41:58,received,200_INV056808_graniterecords.pdf,200_INV056808_graniterecords.pdf,muhammadeakub,706eed4476eb3b61b18495bf7beae328247a619b47831913f2be28e17bee1845,RECEIVED 2026-10-02; 3 pages
2026-10-02T10:42:39,approved,001_24836-A_brightline.pdf,001_24836-A_brightline.pdf,muhammadeakub,8e930f3a3551b34276b5f188ec4e2440984f09787bcf35d23a3a158f743feb86,seal on last page(s) of 1
2026-10-02T10:42:39,approved,002_INV049972_northwindtx.pdf,002_INV049972_northwindtx.pdf,muhammadeakub,e89d7409d2026229725e45311aa15343766158ad71c65e0e68c0c53bcbae2319,seal on last page(s) of 1
2026-10-02T10:42:39,approved,003_97092-A_bluewaterprint.pdf,003_97092-A_bluewaterprint.pdf,muhammadeakub,36e264e4dfe3611776105798b44c0e095e5421b6962ed94a18fe09f342b0d724,seal on last page(s) of 2
2026-10-02T10:42:39,approved,004_70950-A_cascadecr.pdf,004_70950-A_cascadecr.pdf,muhammadeakub,71e7681e2837ab6c7cdeb4a20d60e59ed077e3d23b1f88cdaf7c0f4922f1db1b,seal on last page(s) of 2
2026-10-02T10:42:39,approved,005_32411-A_cascadecr.pdf,005_32411-A_cascadecr.pdf,muhammadeakub,123a1792409abd59851216af3dc5782616b8f08ac62238408bbd9769a6e429a0,seal on last page(s) of 2
2026-10-02T10:42:39,approved,006_86823_meridiansec.pdf,006_86823_meridiansec.pdf,muhammadeakub,c86eb537842e235331b9eb440fc77927df0ba7d95094bf68eca5e4b6c6b9b07c,seal on last page(s) of 1
2026-10-02T10:42:39,approved,007_4654-A_bluewaterprint.pdf,007_4654-A_bluewaterprint.pdf,muhammadeakub,2e799b6b8995974a40b17be8abc2db2699f2576487b80ba016f5738fc6954635,seal on last page(s) of 2
2026-10-02T10:42:39,approved,008_92839_pinecrestcater.pdf,008_92839_pinecrestcater.pdf,muhammadeakub,3c5eebc4a1c2ab5626928d76e7696eaf2b30381dca49474ad195378ed3a25b2f,seal on last page(s) of 2
2026-10-02T10:42:39,approved,009_INV036164_bluewaterprint.pdf,009_INV036164_bluewaterprint.pdf,muhammadeakub,8839962a0fdda4f831170ab1a4354bdda880ace86ca97b43ede09c048a7a5284,seal on last page(s) of 1
2026-10-02T10:42:39,approved,010_70020-A_meridiansec.pdf,010_70020-A_meridiansec.pdf,muhammadeakub,f8e4baef8a69de7373ce85d79c5fba49a9c2c7d78f2b9efee63cf6783ef4e0fc,seal on last page(s) of 2
2026-10-02T10:42:39,approved,011_INV-2026-51897_northwindtx.pdf,011_INV-2026-51897_northwindtx.pdf,muhammadeakub,972f51555312a1dadc6a6a96d870644286a1532626036a81110bda73a8a1142c,seal on last page(s) of 1
2026-10-02T10:42:39,approved,012_54425_pinecrestcater.pdf,012_54425_pinecrestcater.pdf,muhammadeakub,fdf1acab28394291d29e6657a4ed67526d1f86c690e8c1a1d7613cf44a7f050e,seal on last page(s) of 1
2026-10-02T10:42:39,approved,013_INV-2026-98316_harborcourier.pdf,013_INV-2026-98316_harborcourier.pdf,muhammadeakub,9abf69d6877acbdd3fe3d598b85bffb7dad83f3a93622c455f35a1ac97c05e33,seal on last page(s) of 1
2026-10-02T10:42:39,approved,014_64906_oakridgefc.pdf,014_64906_oakridgefc.pdf,muhammadeakub,df21549e6c63f89f7a2a3aeb52c1b4d959ae476656741a87a70f408da7822413,seal on last page(s) of 1
2026-10-02T10:42:39,approved,015_INV-2026-77458_cascadecr.pdf,015_INV-2026-77458_cascadecr.pdf,muhammadeakub,387dbd14cd81932311cb33847bbd7647dd0d41814cd6a7cc2d6729cce7643802,seal on last page(s) of 3
2026-10-02T10:42:39,approved,016_43307_bluewaterprint.pdf,016_43307_bluewaterprint.pdf,muhammadeakub,3f434924eab147d5cc0a94c141d088da73c92392b89c37a09ddb55c444d1ce4b,seal on last page(s) of 1
2026-10-02T10:42:39,approved,017_73681_brightline.pdf,017_73681_brightline.pdf,muhammadeakub,8a41ed456296990756cf07f95660f0979f940332f114ebbb1c7a852ff10d7c76,seal on last page(s) of 3
2026-10-02T10:42:39,approved,018_INV-2026-84206_meridiansec.pdf,018_INV-2026-84206_meridiansec.pdf,muhammadeakub,616ab0d731d85a8075c40de512dfbecfea890ff4a5a187c74e03e2ee3ca912dd,seal on last page(s) of 1
2026-10-02T10:42:39,approved,019_31623_harborcourier.pdf,019_31623_harborcourier.pdf,muhammadeakub,660909d3c311151d30c8de2d2ff0abdf467161f7a598024a2411ccf318afbc07,seal on last page(s) of 1
2026-10-02T10:42:39,approved,020_INV-2026-32152_northwindtx.pdf,020_INV-2026-32152_northwindtx.pdf,muhammadeakub,9b45f5b548c303bd79b1b0f45ab749d5d610786b17a7583b7ddf02ef8f56f832,seal on last page(s) of 2
2026-10-02T10:42:39,approved,021_33409-A_summitit.pdf,021_33409-A_summitit.pdf,muhammadeakub,2793c467cae4dc00fe1633820213094f11fad1f92f8f5b01b38c618805401c58,seal on last page(s) of 4
2026-10-02T10:42:39,approved,022_INV-2026-84177_brightline.pdf,022_INV-2026-84177_brightline.pdf,muhammadeakub,05a5b0864ef90ec527b168582ad29ce83a334ea05b63d1244db4a4434df5155e,seal on last page(s) of 1
2026-10-02T10:42:39,approved,023_86916_oakridgefc.pdf,023_86916_oakridgefc.pdf,muhammadeakub,6e017db26fd95d0033f59b0af430d07e03fa47522fab260f611c8c2fbe7719cf,seal on last page(s) of 1
2026-10-02T10:42:39,approved,024_INV-2026-25673_northwindtx.pdf,024_INV-2026-25673_northwindtx.pdf,muhammadeakub,b90b73adba3fe7e4ca74a187aebf40ab8cb49af472f20dfbd1cd5738a05e5a65,seal on last page(s) of 2
2026-10-02T10:42:39,approved,025_INV-2026-13821_summitit.pdf,025_INV-2026-13821_summitit.pdf,muhammadeakub,ebd8842895d3d791c454188aa1779657be84bd1d7d9542a9fa65abb24eda8bd4,seal on last page(s) of 3
2026-10-02T10:42:39,approved,026_93261_northwindtx.pdf,026_93261_northwindtx.pdf,muhammadeakub,f9d16f74da1df1124c24cce9e89f6e372794e8cfe9d60529823d0f637e25c241,seal on last page(s) of 2
2026-10-02T10:42:39,approved,027_1223-A_pinecrestcater.pdf,027_1223-A_pinecrestcater.pdf,muhammadeakub,7a1935a828782c4ca10a28a85b08cbdd730fe0508ecda0a89efeb2cece60870a,seal on last page(s) of 1
2026-10-02T10:42:39,approved,028_07714_graniterecords.pdf,028_07714_graniterecords.pdf,muhammadeakub,5fe35a8b1a0e6a78fe90e97bd0ded61268a3e9366997bc9ae8a4466982d50143,seal on last page(s) of 4
2026-10-02T10:42:39,approved,029_INV-2026-95674_graniterecords.pdf,029_INV-2026-95674_graniterecords.pdf,muhammadeakub,14d03c5209f8e28594f52ad6d6e095ce7ac0db52b4133528ddec22b0cd4f69e4,seal on last page(s) of 1
2026-10-02T10:42:39,approved,030_26708-A_brightline.pdf,030_26708-A_brightline.pdf,muhammadeakub,ec70008003a4465375e70c233fd1f03a66b398b52b742efb52ba866487934ab7,seal on last page(s) of 1
2026-10-02T10:42:39,approved,031_86873-A_brightline.pdf,031_86873-A_brightline.pdf,muhammadeakub,f289b660f88ebb40dc11eaef98386caf59dfd283641e889df0147aca2b7dd7ff,seal on last page(s) of 2
2026-10-02T10:42:39,approved,032_75539_meridiansec.pdf,032_75539_meridiansec.pdf,muhammadeakub,ba0bbeeda5e70b4d79b3c8c1d6bfc1f459ac0e66f9ece2a4adcc78c696f679a0,seal on last page(s) of 1
2026-10-02T10:42:39,approved,033_INV095933_oakridgefc.pdf,033_INV095933_oakridgefc.pdf,muhammadeakub,1ba314573fa36110088eabc99f94085f1b72e0cf4be4acc3fc0e6ad58ddf79d6,seal on last page(s) of 1
2026-10-02T10:42:39,approved,034_INV-2026-75079_meridiansec.pdf,034_INV-2026-75079_meridiansec.pdf,muhammadeakub,b6b49c5fd6462c6c17596b78a42b48e28f6b033898243106c91833c439ec316f,seal on last page(s) of 2
2026-10-02T10:42:39,approved,035_INV092286_meridiansec.pdf,035_INV092286_meridiansec.pdf,muhammadeakub,a78b309e8ac8a2443f847200712dbefa2f81fd0bd05d08c9a511bd5cf659ba81,seal on last page(s) of 1
2026-10-02T10:42:39,approved,036_INV092686_pinecrestcater.pdf,036_INV092686_pinecrestcater.pdf,muhammadeakub,1507417d4d5aca2c01c35fe8af0241f8f4e3e1543fc4a83e4f4b42a253c83b8e,seal on last page(s) of 1
2026-10-02T10:42:39,approved,037_37987_brightline.pdf,037_37987_brightline.pdf,muhammadeakub,9af8eee75b163a259ccbb77cd8cd27e3d9815dddcaee4f1e9d7001f1de26a0bb,seal on last page(s) of 1
2026-10-02T10:42:39,approved,038_INV040961_summitit.pdf,038_INV040961_summitit.pdf,muhammadeakub,5621e21905d581f8798e912181c45d70edd8e7353ba6da41819cce7c0aacc1c7,seal on last page(s) of 2
2026-10-02T10:42:39,approved,039_INV-2026-83702_meridiansec.pdf,039_INV-2026-83702_meridiansec.pdf,muhammadeakub,3f72283fa19d9fe7e8196180dbcd8e78fd941ade9c0a0db7241b1b0de94317a4,seal on last page(s) of 1
2026-10-02T10:42:39,approved,040_65426_oakridgefc.pdf,040_65426_oakridgefc.pdf,muhammadeakub,367308ccb3d109af264623d5dcdb4e5fb85134da600004de2388b137cb5a3a72,seal on last page(s) of 2
2026-10-02T10:42:39,approved,041_12209-A_meridiansec.pdf,041_12209-A_meridiansec.pdf,muhammadeakub,ea084f09d34d2949f2b651b1989e6c21ef64c4986204378e6dc9dc1d957ccb03,seal on last page(s) of 3
2026-10-02T10:42:39,approved,042_14748-A_graniterecords.pdf,042_14748-A_graniterecords.pdf,muhammadeakub,5e53db30ad91d5c3435e6d99c22cdcdc0d820a80cb790e444c7f84cb4ebaf4e8,seal on last page(s) of 2
2026-10-02T10:42:39,approved,043_INV-2026-67724_pinecrestcater.pdf,043_INV-2026-67724_pinecrestcater.pdf,muhammadeakub,c829fe0ea8ab7e99fbf4adf1861927616b269bd845074fffcb4d6bd6821a050a,seal on last page(s) of 1
2026-10-02T10:42:39,approved,044_18237_harborcourier.pdf,044_18237_harborcourier.pdf,muhammadeakub,523b0e19be94e3b577b8ed6ff867b9ea663081ec11123943f81fca5e190e2ef7,seal on last page(s) of 2
2026-10-02T10:42:39,approved,045_INV-2026-99003_oakridgefc.pdf,045_INV-2026-99003_oakridgefc.pdf,muhammadeakub,98d58c7ac4fc3e4c5df9a65c9e213bef0a4e3350e7e9f5609fea8e7cc2b7727d,seal on last page(s) of 1
2026-10-02T10:42:39,approved,046_INV-2026-97477_summitit.pdf,046_INV-2026-97477_summitit.pdf,muhammadeakub,0ec1280f830096336ad3d989330713e199450a3e5e5d682473a35dcb8c6e8070,seal on last page(s) of 2
2026-10-02T10:42:39,approved,047_70724_cascadecr.pdf,047_70724_cascadecr.pdf,muhammadeakub,4c5cb41f369ee9c5f49480918696ee6a9183d73b5c44e1701d4f6a8cbab105ea,seal on last page(s) of 2
2026-10-02T10:42:39,approved,048_INV029304_graniterecords.pdf,048_INV029304_graniterecords.pdf,muhammadeakub,87b8b9ab78a0bffe790d7c48cfc70cc578ef1061f14ff7cea822c1f1c120d89a,seal on last page(s) of 2
2026-10-02T10:42:39,approved,049_85659_graniterecords.pdf,049_85659_graniterecords.pdf,muhammadeakub,adbd368cb4f1bbcad2bf40336f4621adcf295f4ae0361abda0c2ec882aaaf65e,seal on last page(s) of 3
2026-10-02T10:42:39,approved,050_INV-2026-97866_meridiansec.pdf,050_INV-2026-97866_meridiansec.pdf,muhammadeakub,419161da649c81be179edfebe2d4a9090f98eb4efc3c59651177b98f1dd3612f,seal on last page(s) of 2
2026-10-02T10:42:39,approved,051_INV-2026-3014_brightline.pdf,051_INV-2026-3014_brightline.pdf,muhammadeakub,372d1d5c75733b22c5e9173b7ada46ebb0f81fe6ebbfbe18c35a218d5fd3a6be,seal on last page(s) of 2
2026-10-02T10:42:39,approved,052_INV028878_harborcourier.pdf,052_INV028878_harborcourier.pdf,muhammadeakub,8a6ef00c0b9481d9e668b4a1d9f73552cd13aa27cf8a70b3a21e3f43c6e14aea,seal on last page(s) of 1
2026-10-02T10:42:39,approved,053_INV045923_harborcourier.pdf,053_INV045923_harborcourier.pdf,muhammadeakub,519422da953265685c61ca7a566792e71cb16897628f149e4e589f8dfaad6267,seal on last page(s) of 1
2026-10-02T10:42:39,approved,054_INV037429_pinecrestcater.pdf,054_INV037429_pinecrestcater.pdf,muhammadeakub,192b41240b2ac19835a4599171526609f6502c599916092d2beb0d9312d007bd,seal on last page(s) of 2
2026-10-02T10:42:39,approved,055_INV049941_northwindtx.pdf,055_INV049941_northwindtx.pdf,muhammadeakub,3981ce04c296a4c42cd12cfb2f976d1c808d96b4697fdafd3f494468643e6ab9,seal on last page(s) of 1
2026-10-02T10:42:39,approved,056_INV027590_oakridgefc.pdf,056_INV027590_oakridgefc.pdf,muhammadeakub,5a121c62f1ff11e4623797e4cfe12dfc6c4a6113d27d2cdec50ca2156630ae9b,seal on last page(s) of 3
2026-10-02T10:42:39,approved,057_76644-A_harborcourier.pdf,057_76644-A_harborcourier.pdf,muhammadeakub,c7439bb3e3241a222e7c5f89fe15309bd6670be6f17dc4c3a44b676e9668089b,seal on last page(s) of 1
2026-10-02T10:42:39,approved,058_45721_cascadecr.pdf,058_45721_cascadecr.pdf,muhammadeakub,4259a7623ca7528c74e5c5babc6869f21b6476a3559b8629de155880d3a1e769,seal on last page(s) of 1
2026-10-02T10:42:40,approved,059_INV058184_graniterecords.pdf,059_INV058184_graniterecords.pdf,muhammadeakub,3514679c907aad5fe17f723d59adb0a89656c7cef6019540d4a72eaaf108d46f,seal on last page(s) of 2
2026-10-02T10:42:40,approved,060_76869-A_harborcourier.pdf,060_76869-A_harborcourier.pdf,muhammadeakub,64adb429368d7c84c4d47bd2ff548eac22a03cd00418b6e2dcebef687fc39c8f,seal on last page(s) of 1
2026-10-02T10:42:40,approved,061_INV-2026-90352_meridiansec.pdf,061_INV-2026-90352_meridiansec.pdf,muhammadeakub,fe91e6c99a73a342c2ee220bb9407a7f78037a7d02e445be82e7587cdef76793,seal on last page(s) of 1
2026-10-02T10:42:40,approved,062_71956-A_brightline.pdf,062_71956-A_brightline.pdf,muhammadeakub,0ceca788737c0955e751312a6d4d00b21d3d3e753404e3d90c820e8b0c7ff2c8,seal on last page(s) of 1
2026-10-02T10:42:40,approved,063_86418_summitit.pdf,063_86418_summitit.pdf,muhammadeakub,26283d1ac34b0a42b81c11c51303e45e095b013369a28afde53c7060f7d42d82,seal on last page(s) of 2
2026-10-02T10:42:40,approved,064_24947_graniterecords.pdf,064_24947_graniterecords.pdf,muhammadeakub,2b5f5c9b06cb7ff783ffb6c1cd98bdce59bbf3750482dba952fc7b272d0617cf,seal on last page(s) of 2
2026-10-02T10:42:40,approved,065_08803_pinecrestcater.pdf,065_08803_pinecrestcater.pdf,muhammadeakub,fcbf22326a48e84e9b1ffae9b037e293f2506d1ab09963145216fb6f08c385f6,seal on last page(s) of 3
2026-10-02T10:42:40,approved,066_INV-2026-16330_meridiansec.pdf,066_INV-2026-16330_meridiansec.pdf,muhammadeakub,cdee3b96aa6fb7ba1cdc0643012293a4e442609358d63bbe00414d8090514072,seal on last page(s) of 2
2026-10-02T10:42:40,approved,067_47521_meridiansec.pdf,067_47521_meridiansec.pdf,muhammadeakub,9c8dca4e2aaa5efa14e6a81965a6b4d5d5e4c620f37d3fccf63de53a520402d5,seal on last page(s) of 1
2026-10-02T10:42:40,approved,068_10168_cascadecr.pdf,068_10168_cascadecr.pdf,muhammadeakub,32dbf01802105111d0c6fab4933683bed96ae6321373cb6754d000381ead9463,seal on last page(s) of 2
2026-10-02T10:42:40,approved,069_INV-2026-91802_cascadecr.pdf,069_INV-2026-91802_cascadecr.pdf,muhammadeakub,287fda0d6fa0000528099d069799d0d0e716a5abe1ef24c19c0f0456cc47e085,seal on last page(s) of 1
2026-10-02T10:42:40,approved,070_09884_pinecrestcater.pdf,070_09884_pinecrestcater.pdf,muhammadeakub,a4fe5dceb6d7475f5fb1e658ce2008e13efd4bf9ceb7ff8c96f3d0b70715e391,seal on last page(s) of 1
2026-10-02T10:42:40,approved,071_51623-A_pinecrestcater.pdf,071_51623-A_pinecrestcater.pdf,muhammadeakub,d07396b067ab6caf49b41777ccc0c68a657dbbd809062000e9ffe422931f1a56,seal on last page(s) of 3
2026-10-02T10:42:40,approved,072_55120-A_cascadecr.pdf,072_55120-A_cascadecr.pdf,muhammadeakub,ddd796c67b4ae49e55e39359b80c2558064c6a8b27d45187022353470069ea14,seal on last page(s) of 2
2026-10-02T10:42:40,approved,073_INV-2026-79630_bluewaterprint.pdf,073_INV-2026-79630_bluewaterprint.pdf,muhammadeakub,aaacb4176d9a5a135d9622447b8fbbf3d9842d48ab60baeba14867b9cf2bf1d9,seal on last page(s) of 3
2026-10-02T10:42:40,approved,074_INV-2026-26805_northwindtx.pdf,074_INV-2026-26805_northwindtx.pdf,muhammadeakub,ce6a6ff57a3696c8a1d841ed6c25977385f1046c4f4aa9dcffa449b41f9374ff,seal on last page(s) of 1
2026-10-02T10:42:40,approved,075_90404-A_oakridgefc.pdf,075_90404-A_oakridgefc.pdf,muhammadeakub,1cc90eafcf7d049fffb5e6b6b4051fd557cf797ee8f3f050040948cfcd6f9bd6,seal on last page(s) of 4
2026-10-02T10:42:40,approved,076_81214_brightline.pdf,076_81214_brightline.pdf,muhammadeakub,adbaf4abc86a0aec2b267792107ecdb7f639ef12e23eaa97387ecc7ebd9d78f0,seal on last page(s) of 1
2026-10-02T10:42:40,approved,077_INV-2026-30499_bluewaterprint.pdf,077_INV-2026-30499_bluewaterprint.pdf,muhammadeakub,c43215bbbe58ab267ec07be490e93103ca01623974e5da6d9a12d88b211a3210,seal on last page(s) of 1
2026-10-02T10:42:40,approved,078_INV053992_cascadecr.pdf,078_INV053992_cascadecr.pdf,muhammadeakub,b9ad7b12289a04ee02b0d033b9fcfededaa46298d24fb1561393892347850f8c,seal on last page(s) of 2
2026-10-02T10:42:40,approved,079_88677-A_pinecrestcater.pdf,079_88677-A_pinecrestcater.pdf,muhammadeakub,a451756585dfbe2a9f31d3f214dcc52e40170037bbd7059726044b0823355137,seal on last page(s) of 2
2026-10-02T10:42:40,approved,080_INV086336_cascadecr.pdf,080_INV086336_cascadecr.pdf,muhammadeakub,9632f483d7a0b73e504334966e8ced06d60853daaca84f1942e9ffa8ebb3c35b,seal on last page(s) of 1
2026-10-02T10:42:40,approved,081_25158_northwindtx.pdf,081_25158_northwindtx.pdf,muhammadeakub,ca327d91f13682b2178c3c30af8671a48793235bede0ee7efd820c6d7f686f2f,seal on last page(s) of 2
2026-10-02T10:42:40,approved,082_INV-2026-73075_pinecrestcater.pdf,082_INV-2026-73075_pinecrestcater.pdf,muhammadeakub,52a89f49c659ec99161aa88753a361b92e2f1af024d1d099ab16fd91986056c5,seal on last page(s) of 1
2026-10-02T10:42:40,approved,083_INV070944_meridiansec.pdf,083_INV070944_meridiansec.pdf,muhammadeakub,c5ab5f69d7d05022aeee01d95ec412a20e0edccae6398d00349247b907e30f3a,seal on last page(s) of 2
2026-10-02T10:42:40,approved,084_2222-A_cascadecr.pdf,084_2222-A_cascadecr.pdf,muhammadeakub,da10cbb0323bf2b195d2a57303c25ab3b0b7c6f5b9397c6af0893760cc745731,seal on last page(s) of 1
2026-10-02T10:42:40,approved,085_40708_harborcourier.pdf,085_40708_harborcourier.pdf,muhammadeakub,6ede220986d5d758f28e39278c6bfcdf6d513fae552c9a6ec2e2f9cf1c3997b9,seal on last page(s) of 1
2026-10-02T10:42:40,approved,086_INV045775_harborcourier.pdf,086_INV045775_harborcourier.pdf,muhammadeakub,43458d25eef55fc0392da9da0fbebf1f8a9a5c1fd8415f5fee3baf4ced48ecec,seal on last page(s) of 1
2026-10-02T10:42:40,approved,087_76860_brightline.pdf,087_76860_brightline.pdf,muhammadeakub,9bad3347351534ff169706bbc0a4bc34d5e28c06db871d0149dfcae7007c9a97,seal on last page(s) of 4
2026-10-02T10:42:40,approved,088_INV-2026-50056_summitit.pdf,088_INV-2026-50056_summitit.pdf,muhammadeakub,0fd9abc65d84fabdc9b8e8436dbab9f150cdf828481f8e8721ac5c079fb78f0c,seal on last page(s) of 1
2026-10-02T10:42:40,approved,089_INV067481_graniterecords.pdf,089_INV067481_graniterecords.pdf,muhammadeakub,74f44eb5e6e3953e262a57cf6bd571088461a39068f8453face3a97960d1ffd2,seal on last page(s) of 1
2026-10-02T10:42:40,approved,090_INV052384_oakridgefc.pdf,090_INV052384_oakridgefc.pdf,muhammadeakub,ba5b42a764795f3818d11728b424d9516d06346f56c204a9e6ac7c1b1a747640,seal on last page(s) of 1
2026-10-02T10:42:40,approved,091_75034_brightline.pdf,091_75034_brightline.pdf,muhammadeakub,04bd366f19996b2760cfc5561c7d37e7bec4641e624927ffdbc77a248d9cc149,seal on last page(s) of 1
2026-10-02T10:42:40,approved,092_90853_harborcourier.pdf,092_90853_harborcourier.pdf,muhammadeakub,61c06bac79463d1773bbaf0c0557896eb60973f8f63fb0f2369f70910a9f1985,seal on last page(s) of 1
2026-10-02T10:42:40,approved,093_17207-A_meridiansec.pdf,093_17207-A_meridiansec.pdf,muhammadeakub,f001ce6d7cf74eb27534b66eeb9cff9ab7bcb6d7fb31db21c917969e9a512a7c,seal on last page(s) of 1
2026-10-02T10:42:40,approved,094_INV051237_graniterecords.pdf,094_INV051237_graniterecords.pdf,muhammadeakub,8b71c9e894514061448ec784f4e05cc3a43394b912fd668a50e362ad6c8dc298,seal on last page(s) of 2
2026-10-02T10:42:40,approved,095_90667_meridiansec.pdf,095_90667_meridiansec.pdf,muhammadeakub,7ff228f7e015e58d6162dab466ef502dc11ac811266e159cf73dd49585ca117f,seal on last page(s) of 2
2026-10-02T10:42:40,approved,096_25375-A_brightline.pdf,096_25375-A_brightline.pdf,muhammadeakub,209f6622d3c3b7e38946ac898ab95a91fea880412b7a25d186a784f80306bcb3,seal on last page(s) of 1
2026-10-02T10:42:40,approved,097_INV-2026-56249_oakridgefc.pdf,097_INV-2026-56249_oakridgefc.pdf,muhammadeakub,62ab7146fc0d22c318d48a78837d07bbff064c77d4342186b5c9884d102021b2,seal on last page(s) of 1
2026-10-02T10:42:40,approved,098_84736_oakridgefc.pdf,098_84736_oakridgefc.pdf,muhammadeakub,12c84277b804c229264b97fd36773f61fae12990df94714a530feb3c6a380c44,seal on last page(s) of 2
2026-10-02T10:42:40,approved,099_INV056764_northwindtx.pdf,099_INV056764_northwindtx.pdf,muhammadeakub,5f19d6f1c9c9314eeaec67d878c3691917439b5d9234b1a3ac3d45981afa09bb,seal on last page(s) of 2
2026-10-02T10:42:40,approved,100_53498_graniterecords.pdf,100_53498_graniterecords.pdf,muhammadeakub,1764e85a19a374384200533dbf08fc1d8c535790c36ef4b2e31c1d8b3f942de0,seal on last page(s) of 1
2026-10-02T10:42:40,approved,101_INV-2026-74163_northwindtx.pdf,101_INV-2026-74163_northwindtx.pdf,muhammadeakub,1b5ae0ec0b908127fab28b2ed6c218dbb6fb9d2f63f35af1d0c79f4d4842a840,seal on last page(s) of 3
2026-10-02T10:42:40,approved,102_INV-2026-42124_pinecrestcater.pdf,102_INV-2026-42124_pinecrestcater.pdf,muhammadeakub,d656797b517e22d8351d24ff600fdb23cd527e14f636383e2595a2a38a91fa77,seal on last page(s) of 4
2026-10-02T10:42:40,approved,103_INV-2026-31296_pinecrestcater.pdf,103_INV-2026-31296_pinecrestcater.pdf,muhammadeakub,3b615172d2f28ee332d00ea909e1502c8d73e06d52314091f8382bfda1273f2e,seal on last page(s) of 4
2026-10-02T10:42:40,approved,104_INV-2026-15738_harborcourier.pdf,104_INV-2026-15738_harborcourier.pdf,muhammadeakub,fda17dafef69ef247bd424353ee2f046afd58e6f9c78a14a8c3819a6d25ca567,seal on last page(s) of 2
2026-10-02T10:42:40,approved,105_INV-2026-70724_summitit.pdf,105_INV-2026-70724_summitit.pdf,muhammadeakub,e256fa7cda0bce8c52e6a4f68472868a20656e73bf628260dd03562825ac231a,seal on last page(s) of 1
2026-10-02T10:42:40,approved,106_73968-A_summitit.pdf,106_73968-A_summitit.pdf,muhammadeakub,9fac7aa8787daf33a7dd4a09ed01a7ddf8ee3cf63b1bec5abea5b401d4d75ca3,seal on last page(s) of 2
2026-10-02T10:42:40,approved,107_56930-A_graniterecords.pdf,107_56930-A_graniterecords.pdf,muhammadeakub,33155a559377fc51472d5d20851e145466beb9c5fda7264fa208defaf09f11aa,seal on last page(s) of 1
2026-10-02T10:42:40,approved,108_INV048537_meridiansec.pdf,108_INV048537_meridiansec.pdf,muhammadeakub,6df253b1144d924f16833b1eb7af89d6f64801d28518ba3f539b277724bc5ed2,seal on last page(s) of 2
2026-10-02T10:42:40,approved,109_INV027983_oakridgefc.pdf,109_INV027983_oakridgefc.pdf,muhammadeakub,d2c7267403ae3bceeb93f812164ac9b9bfeebdf4b2ea932f64142cd1e11b1dac,seal on last page(s) of 1
2026-10-02T10:42:40,approved,110_INV083440_bluewaterprint.pdf,110_INV083440_bluewaterprint.pdf,muhammadeakub,853ec57c0cd8166309c62ff1981e402acde26b64625cb2e25d97bbb36b15d759,seal on last page(s) of 2
2026-10-02T10:42:40,approved,111_85855_oakridgefc.pdf,111_85855_oakridgefc.pdf,muhammadeakub,17ae7a36d379d56a5f4e336dc5201c58227cbbb91420631fac2cb27828a95229,seal on last page(s) of 1
2026-10-02T10:42:40,approved,112_INV-2026-33658_meridiansec.pdf,112_INV-2026-33658_meridiansec.pdf,muhammadeakub,7222fb606e72c2b720522593a12c9c36b864d326085a5282e5745aea8ff87b4c,seal on last page(s) of 1
2026-10-02T10:42:40,approved,113_66194_pinecrestcater.pdf,113_66194_pinecrestcater.pdf,muhammadeakub,ca6b200e8639771c8ca2031a5b420f03d70736906b2506604d14b42be589c154,seal on last page(s) of 1
2026-10-02T10:42:40,approved,114_INV-2026-78056_harborcourier.pdf,114_INV-2026-78056_harborcourier.pdf,muhammadeakub,bb63c738f66dbadabaf0f51ee57d0d2c89529c1db73d69041ac6cdec6c66b133,seal on last page(s) of 1
2026-10-02T10:42:40,approved,115_INV-2026-1307_brightline.pdf,115_INV-2026-1307_brightline.pdf,muhammadeakub,7a257086d66cb33f860802a2b6d69811e9d15d1bb5afb4db39097b1af7edaf60,seal on last page(s) of 2
2026-10-02T10:42:40,approved,116_69668_pinecrestcater.pdf,116_69668_pinecrestcater.pdf,muhammadeakub,0b49bc8773c214bcbd6c6190dc5c5abaebae33509e30cd87289bb6cf443a80d8,seal on last page(s) of 1
2026-10-02T10:42:40,approved,117_3518-A_oakridgefc.pdf,117_3518-A_oakridgefc.pdf,muhammadeakub,f497d7ed5c476beec0a56fc54c6f5035fe1fa5fb369e537e1f9c9f7b11160437,seal on last page(s) of 1
2026-10-02T10:42:40,approved,118_INV048262_harborcourier.pdf,118_INV048262_harborcourier.pdf,muhammadeakub,9d60ea97480f61fe25a63dee2caa7889cb33b05ab146422ae57b295cf7b0275c,seal on last page(s) of 1
2026-10-02T10:42:40,approved,119_91859-A_cascadecr.pdf,119_91859-A_cascadecr.pdf,muhammadeakub,3763af7cc3728ed169671260cabdcbe09d3d4a3d736e2165202558de5a59d751,seal on last page(s) of 1
2026-10-02T10:42:40,approved,120_58177-A_cascadecr.pdf,120_58177-A_cascadecr.pdf,muhammadeakub,484740f680b6e2a5c0faa8e5516ed19dfbe34406020c07d0499e330a4eddf18b,seal on last page(s) of 4
2026-10-02T10:42:40,approved,121_80681_graniterecords.pdf,121_80681_graniterecords.pdf,muhammadeakub,66e50ca5380ebb44a4655b15fbb62e144af00432ff0634431e9bd9d5fc4ab829,seal on last page(s) of 2
2026-10-02T10:42:40,approved,122_INV-2026-6292_cascadecr.pdf,122_INV-2026-6292_cascadecr.pdf,muhammadeakub,78a240498086b2f48fe29f1af61f632cf71059536044d0382385544fa610ca22,seal on last page(s) of 2
2026-10-02T10:42:40,approved,123_INV021895_summitit.pdf,123_INV021895_summitit.pdf,muhammadeakub,0f80430ca4db94d8de721632f105c3b955385a2126c3ad41286a675250dee719,seal on last page(s) of 2
2026-10-02T10:42:40,approved,124_INV-2026-57167_northwindtx.pdf,124_INV-2026-57167_northwindtx.pdf,muhammadeakub,cd0ed99c782ef9633e75f00b4c54ea4bfaec03fa30385263ed4ded827e3e3cec,seal on last page(s) of 1
2026-10-02T10:42:40,approved,125_INV-2026-39816_summitit.pdf,125_INV-2026-39816_summitit.pdf,muhammadeakub,6a18b2e5bd04d7a46cc8400579f6677f7e2c3d699326b23d1db38bd857b682e3,seal on last page(s) of 1
2026-10-02T10:42:40,approved,126_56446-A_harborcourier.pdf,126_56446-A_harborcourier.pdf,muhammadeakub,56e41fa7db03c8efdbcefff7634a56bcd1637654cc6173d83c0a520d1d68709c,seal on last page(s) of 1
2026-10-02T10:42:40,approved,127_INV-2026-24993_cascadecr.pdf,127_INV-2026-24993_cascadecr.pdf,muhammadeakub,3ec04ddd54474df2508dfedf322b85a75a3a9ef16873cf53aae8b45cf5e46958,seal on last page(s) of 2
2026-10-02T10:42:40,approved,128_39599-A_summitit.pdf,128_39599-A_summitit.pdf,muhammadeakub,d83d598b52326c20bc1e29e30a48b3bfeac9b2e4d992ec39dc980b85db1deb35,seal on last page(s) of 1
2026-10-02T10:42:40,approved,129_68529-A_graniterecords.pdf,129_68529-A_graniterecords.pdf,muhammadeakub,3ddd6aa3eb5631b883685ab6c31d17adcf20abc009f5043fec1e06061895ebb4,seal on last page(s) of 1
2026-10-02T10:42:40,approved,130_9816-A_brightline.pdf,130_9816-A_brightline.pdf,muhammadeakub,985e03e895098d204af2c12a13054465285d5797a030a279a721c3f6f24a3d78,seal on last page(s) of 2
2026-10-02T10:42:40,approved,131_80865-A_oakridgefc.pdf,131_80865-A_oakridgefc.pdf,muhammadeakub,d2580fa0d2355e5f57162d7ee2d3a1e0a126b4d7355d4815bd175b2c376737e4,seal on last page(s) of 1
2026-10-02T10:42:40,approved,132_57599_graniterecords.pdf,132_57599_graniterecords.pdf,muhammadeakub,1ab799b6fab495e4474654d9cde57ba1625e6c0ac640df066b4d5e3f83b46c0b,seal on last page(s) of 1
2026-10-02T10:42:40,approved,133_INV091049_pinecrestcater.pdf,133_INV091049_pinecrestcater.pdf,muhammadeakub,107fc3fa8355cccea76adb5425bf80be61cc9ffeb5a257f6b1a06821ce5f0923,seal on last page(s) of 1
2026-10-02T10:42:40,approved,134_38886_meridiansec.pdf,134_38886_meridiansec.pdf,muhammadeakub,2f6cb5c2af35fd7b80ad32f3bdaf7d1f298904178156fb25f2c3dd36d4751819,seal on last page(s) of 1
2026-10-02T10:42:40,approved,135_INV-2026-57859_oakridgefc.pdf,135_INV-2026-57859_oakridgefc.pdf,muhammadeakub,f2226d40d583ade6f7fed16172aff783ec6571f02ef63279d2732e4cff81cfe8,seal on last page(s) of 1
2026-10-02T10:42:40,approved,136_INV-2026-99167_pinecrestcater.pdf,136_INV-2026-99167_pinecrestcater.pdf,muhammadeakub,b2a92e280a3db7de5d1793f3d6ba331c2dab46c79b3a3b0eb2ff1ba8e45fecc6,seal on last page(s) of 2
2026-10-02T10:42:40,approved,137_INV-2026-9636_oakridgefc.pdf,137_INV-2026-9636_oakridgefc.pdf,muhammadeakub,80661e8d6113e3eb96b8f309fe86fd912ffdd79b042355c4d4effc4ff85b496e,seal on last page(s) of 2
2026-10-02T10:42:40,approved,138_42722_northwindtx.pdf,138_42722_northwindtx.pdf,muhammadeakub,eea45fadc0da7c4939ace4d1df48b0244f3e9fdffa74d56ab1e67c35ad7224d1,seal on last page(s) of 1
2026-10-02T10:42:40,approved,139_67920_bluewaterprint.pdf,139_67920_bluewaterprint.pdf,muhammadeakub,ca15f41b2d13381fdfdd2ad2c1f47b2aeaa1be21f70f57bb33ac8c4bfd395ae2,seal on last page(s) of 2
2026-10-02T10:42:40,approved,140_72601_harborcourier.pdf,140_72601_harborcourier.pdf,muhammadeakub,72e743010ae164544e107bee8b662b7bbda2ce43ef481396f21fc2e4f7e7dbbc,seal on last page(s) of 1
2026-10-02T10:42:40,approved,141_36504-A_harborcourier.pdf,141_36504-A_harborcourier.pdf,muhammadeakub,e060b5ac821eaee992796a18f71b52f7740f2f3da42e4783225cd1565c9ee0ec,seal on last page(s) of 1
2026-10-02T10:42:40,approved,142_INV068090_pinecrestcater.pdf,142_INV068090_pinecrestcater.pdf,muhammadeakub,ec7234194b3886ebd7321f89c58a9d4fa10c280413c9adcb6d0a3e147a438e0c,seal on last page(s) of 1
2026-10-02T10:42:40,approved,143_65338_harborcourier.pdf,143_65338_harborcourier.pdf,muhammadeakub,d0621a57e07c92fc73605f4bcaf40297cee19a0fca74ec8ccc5973a90faea998,seal on last page(s) of 1
2026-10-02T10:42:40,approved,144_INV048866_meridiansec.pdf,144_INV048866_meridiansec.pdf,muhammadeakub,671eaf0fe82b468f4871bc02389a07e050e9f4ec8d3e74583e49bbac3d9778b1,seal on last page(s) of 1
2026-10-02T10:42:40,approved,145_13355-A_meridiansec.pdf,145_13355-A_meridiansec.pdf,muhammadeakub,2634cc7b3d14da152b12bcd04aba745f155fba179de07c222248189a86401677,seal on last page(s) of 1
2026-10-02T10:42:40,approved,146_14563-A_harborcourier.pdf,146_14563-A_harborcourier.pdf,muhammadeakub,66f135a5b7f28f0300ddb971c41e8ae7630193fc238032872db058c6eea46bf4,seal on last page(s) of 2
2026-10-02T10:42:40,approved,147_INV-2026-63922_bluewaterprint.pdf,147_INV-2026-63922_bluewaterprint.pdf,muhammadeakub,8c398aa8d52217405400864c1e75dd8a92bb75d664fa47c2ec1e2ad4c4b7cfae,seal on last page(s) of 1
2026-10-02T10:42:40,approved,148_03211_oakridgefc.pdf,148_03211_oakridgefc.pdf,muhammadeakub,cc9cf16c4f508b1494bbdfdd70eb16c561bbbc0f8b3f136f5be30ed8127b5688,seal on last page(s) of 2
2026-10-02T10:42:40,approved,149_89284_northwindtx.pdf,149_89284_northwindtx.pdf,muhammadeakub,3dff2f55c6dee6181b89f07c6ec56a08b5c18bf58d26f17614046718ac5a5103,seal on last page(s) of 2
2026-10-02T10:42:40,approved,150_35398_cascadecr.pdf,150_35398_cascadecr.pdf,muhammadeakub,ac0946cdff3b4372602199ff7e4c051e2709849624c941ccbc3f59f155b18351,seal on last page(s) of 1
2026-10-02T10:42:40,approved,151_INV094667_graniterecords.pdf,151_INV094667_graniterecords.pdf,muhammadeakub,22ce5a4da1d291bd6f281fedc40abda114bfc79552187e9670c8d1ac06c6d0c2,seal on last page(s) of 1
2026-10-02T10:42:40,approved,152_85946-A_northwindtx.pdf,152_85946-A_northwindtx.pdf,muhammadeakub,7986b0447973e661b3800bc62e9f6b0d92b5cb6b950ebbb78609742bfdecaf85,seal on last page(s) of 1
2026-10-02T10:42:40,approved,154_INV-2026-13623_summitit.pdf,154_INV-2026-13623_summitit.pdf,muhammadeakub,678c59b17487829e9879d2b6024fd24d5cf173fdb8e0e56d1938c230013dcf24,seal on last page(s) of 3
2026-10-02T10:42:40,approved,155_25414-A_harborcourier.pdf,155_25414-A_harborcourier.pdf,muhammadeakub,e4289236b8abb9a0d71a0bbc7cb0e0eac3f2cac5ed826a3f79c563b7e9395656,seal on last page(s) of 2
2026-10-02T10:42:40,approved,156_76780_meridiansec.pdf,156_76780_meridiansec.pdf,muhammadeakub,93969b5ca16ff8d260bd7ea6617e7a92b827979ad615cdb736dc937f4c162e4d,seal on last page(s) of 3
2026-10-02T10:42:40,approved,157_INV-2026-19980_cascadecr.pdf,157_INV-2026-19980_cascadecr.pdf,muhammadeakub,bdd102d42a13996f601001192b81b3686f8b008f41bec0b74a51eafa578b828b,seal on last page(s) of 3
2026-10-02T10:42:40,approved,158_17314-A_oakridgefc.pdf,158_17314-A_oakridgefc.pdf,muhammadeakub,72232ddc086d14e4d26f34596741eaab1488ed3280ac954c61b0da1fa134b06f,seal on last page(s) of 4
2026-10-02T10:42:40,approved,159_INV062173_cascadecr.pdf,159_INV062173_cascadecr.pdf,muhammadeakub,09515740fa73cde2d47f3e615248df9eda612b3f15d5ad2d33d42b651fab4fff,seal on last page(s) of 1
2026-10-02T10:42:40,approved,160_INV-2026-57007_oakridgefc.pdf,160_INV-2026-57007_oakridgefc.pdf,muhammadeakub,5bfb4ddebb86ac6a3475a62ba0531ef645dfd30e6396688b8557c1e89f67d28e,seal on last page(s) of 1
2026-10-02T10:42:40,approved,161_17570_harborcourier.pdf,161_17570_harborcourier.pdf,muhammadeakub,dac60edd4f357226a869f6a9b87f6d1b42f50e2a608ad43c6ae6f1cbdebf2ceb,seal on last page(s) of 2
2026-10-02T10:42:40,approved,162_26344_northwindtx.pdf,162_26344_northwindtx.pdf,muhammadeakub,4c6bb656717cccbee3c3bfafa701f8eb58e835f222345c4f90451a8ed5101dc4,seal on last page(s) of 1
2026-10-02T10:42:40,approved,163_90331-A_northwindtx.pdf,163_90331-A_northwindtx.pdf,muhammadeakub,8e4fd8e91a0c6f75c96b5664a7117bbd0b6a62080e0884effcd5dbb437fb0b12,seal on last page(s) of 2
2026-10-02T10:42:40,approved,165_INV063712_pinecrestcater.pdf,165_INV063712_pinecrestcater.pdf,muhammadeakub,0f5793ddb2fc7b63de05a830bec19c9767e1c52a68733cab8f59bd614e48b63d,seal on last page(s) of 2
2026-10-02T10:42:40,approved,166_20367_oakridgefc.pdf,166_20367_oakridgefc.pdf,muhammadeakub,cb59a2d20c57377e1eb933c172881d21601ecc1367f2a28eb83e74bf1190e3ce,seal on last page(s) of 1
2026-10-02T10:42:40,approved,167_19121_oakridgefc.pdf,167_19121_oakridgefc.pdf,muhammadeakub,2c799f5fa157e2a01968ede364e437bb1b7603f158d9bda4fed164393d5ef2b6,seal on last page(s) of 2
2026-10-02T10:42:40,approved,168_INV-2026-21933_graniterecords.pdf,168_INV-2026-21933_graniterecords.pdf,muhammadeakub,9f6a45cf16f0b811414238e9c0c03d40d4e63856e94c6701978d43e6f4a7d5f5,seal on last page(s) of 1
2026-10-02T10:42:40,approved,169_INV023663_graniterecords.pdf,169_INV023663_graniterecords.pdf,muhammadeakub,00f4706e2eaddfc7874271b379e03decdcae5473128ba1d199d62847743e54ed,seal on last page(s) of 1
2026-10-02T10:42:40,approved,170_17652_meridiansec.pdf,170_17652_meridiansec.pdf,muhammadeakub,2a552c49d38609707c0f3968bd95be6ca5ed080325d3fa516020d762f690d596,seal on last page(s) of 2
2026-10-02T10:42:40,approved,171_84509_cascadecr.pdf,171_84509_cascadecr.pdf,muhammadeakub,57763ab85a36d08337036c876f190014bebd0fc32e051660d107ce377a1d6eba,seal on last page(s) of 1
2026-10-02T10:42:40,approved,172_38939_northwindtx.pdf,172_38939_northwindtx.pdf,muhammadeakub,948481cf268caa345e80947d9c7de570b177822fe9fb5759bfcb1239ad45299f,seal on last page(s) of 1
2026-10-02T10:42:40,approved,173_83744-A_cascadecr.pdf,173_83744-A_cascadecr.pdf,muhammadeakub,bffd7afd0e0d4d54255756fac8d0f8d58a2ef7852eb81c466daf556374466f4f,seal on last page(s) of 1
2026-10-02T10:42:40,approved,174_INV091064_brightline.pdf,174_INV091064_brightline.pdf,muhammadeakub,123ea22a32e00648762f788a7852f9264948cfa2e2065be653770fca35917cd8,seal on last page(s) of 2
2026-10-02T10:42:40,approved,175_76648-A_bluewaterprint.pdf,175_76648-A_bluewaterprint.pdf,muhammadeakub,254c2efbad6b4e4b040960c9fc50be18e4770ea56b27ce575bf5e6e3b487a396,seal on last page(s) of 1
2026-10-02T10:42:40,approved,176_12079_northwindtx.pdf,176_12079_northwindtx.pdf,muhammadeakub,dcec7165990c9152776102de562f1d04a085311a2899583cee9ba317367db81a,seal on last page(s) of 1
2026-10-02T10:42:40,approved,177_20006_cascadecr.pdf,177_20006_cascadecr.pdf,muhammadeakub,01aaeaad70464106eedeb865a316060d9d0db3cfd0da8658d47af0bb0a0d5f76,seal on last page(s) of 3
2026-10-02T10:42:40,approved,179_93128_summitit.pdf,179_93128_summitit.pdf,muhammadeakub,1a1bc85f04353304ad6fbbfbf2b4c5bca5f1f63f14a2322058eb558d1d6c4f3a,seal on last page(s) of 1
2026-10-02T10:42:40,approved,180_INV057229_harborcourier.pdf,180_INV057229_harborcourier.pdf,muhammadeakub,928adaeae24964eb386ed1bdc7c527e4bedddbf8ecb5b63f397808edef44cc78,seal on last page(s) of 2
2026-10-02T10:42:40,approved,182_82779_harborcourier.pdf,182_82779_harborcourier.pdf,muhammadeakub,d8c679d700209da2a65429eb5d3d73f135995a7dac58a7aeb93dc0112bb5b591,seal on last page(s) of 3
2026-10-02T10:42:40,approved,183_INV-2026-48880_meridiansec.pdf,183_INV-2026-48880_meridiansec.pdf,muhammadeakub,381970811daa6ad149dc14c136bf6fa5f3f1bb774f1be37c180efb3976d7b183,seal on last page(s) of 2
2026-10-02T10:42:40,approved,184_41809-A_brightline.pdf,184_41809-A_brightline.pdf,muhammadeakub,62722b6d3c722f7452c86867a132106ffa791e1ec72681122a680e340be1807a,seal on last page(s) of 1
2026-10-02T10:42:40,approved,185_INV082045_graniterecords.pdf,185_INV082045_graniterecords.pdf,muhammadeakub,9c5230bc14d2574d063133754216ee9f3e05725ce853a4f6da41411d4c1bdf01,seal on last page(s) of 1
2026-10-02T10:42:40,approved,186_INV-2026-1175_pinecrestcater.pdf,186_INV-2026-1175_pinecrestcater.pdf,muhammadeakub,aeb5fcfe4eec582f59f987b332a5bcf1256cf3a7c03b902803b13ef2573b7474,seal on last page(s) of 3
2026-10-02T10:42:40,approved,187_12097_brightline.pdf,187_12097_brightline.pdf,muhammadeakub,b3aafc244d43dd7bff6d6775e756a12266c5e9e8dc3876dbcbc04bc504b7a599,seal on last page(s) of 3
2026-10-02T10:42:40,approved,188_51189_brightline.pdf,188_51189_brightline.pdf,muhammadeakub,37bd98f02abfe566cfc8a483af3032164a9a86aa4e0fb6bec22bbf56e78e9b43,seal on last page(s) of 1
2026-10-02T10:42:40,approved,189_54796_harborcourier.pdf,189_54796_harborcourier.pdf,muhammadeakub,d32e7a034bd777a981df743fdafc8e8c87048af058395302dcffa0a048881c4b,seal on last page(s) of 2
2026-10-02T10:42:40,approved,190_INV-2026-35842_northwindtx.pdf,190_INV-2026-35842_northwindtx.pdf,muhammadeakub,fef8deaf9682f0ba903151fe967951a343a0f50987c32386adbe592e23746a26,seal on last page(s) of 4
2026-10-02T10:42:40,approved,191_87683_bluewaterprint.pdf,191_87683_bluewaterprint.pdf,muhammadeakub,a42e2c615d4c4e0d6d62a9ca81812a1b04cd59c3b4d9575c9941aae3866c1b0b,seal on last page(s) of 4
2026-10-02T10:42:40,approved,192_INV010127_summitit.pdf,192_INV010127_summitit.pdf,muhammadeakub,fb94e0027a49cc68280f6edb908137873368bbf31116610f5fe12272212afeae,seal on last page(s) of 4
2026-10-02T10:42:40,approved,193_62447_meridiansec.pdf,193_62447_meridiansec.pdf,muhammadeakub,d5715cbd01d9f6dc2bfe47719707a3a1d21982f1dd25cdef34be1726ce9f3c15,seal on last page(s) of 1
2026-10-02T10:42:40,approved,194_INV-2026-90739_brightline.pdf,194_INV-2026-90739_brightline.pdf,muhammadeakub,ee50075ac841872a8c20695bfd8af6b23067482551de7f4ed5f19021b10e43ed,seal on last page(s) of 1
2026-10-02T10:42:40,approved,195_INV099929_northwindtx.pdf,195_INV099929_northwindtx.pdf,muhammadeakub,c2f736635ad4b96727aa065c2709729d779eae7476e7aab86dc02aad9a7d0a71,seal on last page(s) of 2
2026-10-02T10:42:40,approved,196_INV-2026-91101_pinecrestcater.pdf,196_INV-2026-91101_pinecrestcater.pdf,muhammadeakub,7f6c9a8c6207eb3b22a19a526cb35ceb6c34f8e0921cff483fe74ae7ae782142,seal on last page(s) of 1
2026-10-02T10:42:40,approved,197_INV-2026-40845_harborcourier.pdf,197_INV-2026-40845_harborcourier.pdf,muhammadeakub,35f91897e40b7e1f88a07804c8f403a1cf88e3ef5c26cb9e97a785586f048191,seal on last page(s) of 2
2026-10-02T10:42:40,approved,198_INV-2026-71425_meridiansec.pdf,198_INV-2026-71425_meridiansec.pdf,muhammadeakub,48ac0bba8e69dee237c749b463404a665ebbebec8ba335643f097237c0373647,seal on last page(s) of 1
2026-10-02T10:42:40,approved,199_INV015698_oakridgefc.pdf,199_INV015698_oakridgefc.pdf,muhammadeakub,9138d63c4f070175acfa754cf823239a8b3cc1f4750cd5a228cf0ddf88aead89,seal on last page(s) of 2
2026-10-02T10:42:40,approved,200_INV056808_graniterecords.pdf,200_INV056808_graniterecords.pdf,muhammadeakub,0328baab5b158f38029abad8492546cda6dbf07d499ed891ec7c820232a9c473,seal on last page(s) of 3
2026-10-02T12:13:17,received,001_24836-A_brightline.pdf,001_24836-A_brightline.pdf,muhammadeakub,20667beedfe1242ac0ab8f4c7347fc9355815478a631532ae951685e0d4c8886,RECEIVED 2026-10-02; 1 pages
2026-10-02T12:13:17,received,002_INV049972_northwindtx.pdf,002_INV049972_northwindtx.pdf,muhammadeakub,7a7c5efb23bc4c04209033b552b1ffc7b0e7c73e481df777eba7a774962c1730,RECEIVED 2026-10-02; 1 pages
2026-10-02T12:13:17,received,003_97092-A_bluewaterprint.pdf,003_97092-A_bluewaterprint.pdf,muhammadeakub,1c350aebb103e19f479b6c585ab7066caa22cb6e01783e46ae30bd2c87727acb,RECEIVED 2026-10-02; 2 pages
2026-10-02T12:13:17,received,004_70950-A_cascadecr.pdf,004_70950-A_cascadecr.pdf,muhammadeakub,94552e0aec42f2172b7d1ad9f239e719ecc42cc713a5cab7f8a53cd3a85d1f1d,RECEIVED 2026-10-02; 2 pages
2026-10-02T12:13:17,received,005_32411-A_cascadecr.pdf,005_32411-A_cascadecr.pdf,muhammadeakub,18c162891cb886d5a34e05ae36bc91863cad32db74eea438a50d5909db5a2a33,RECEIVED 2026-10-02; 2 pages
2026-10-02T12:13:17,received,006_86823_meridiansec.pdf,006_86823_meridiansec.pdf,muhammadeakub,235039834981f1abfbae024c6afd41ffef23e4dbc9e8f7d4f9da69401e2b3fc6,RECEIVED 2026-10-02; 1 pages
2026-10-02T12:13:17,received,007_4654-A_bluewaterprint.pdf,007_4654-A_bluewaterprint.pdf,muhammadeakub,d3423bb0810e8bd89ce95b1701ea8eed32169bae2ee01c6bb93eafd09554401e,RECEIVED 2026-10-02; 2 pages
2026-10-02T12:13:17,received,008_92839_pinecrestcater.pdf,008_92839_pinecrestcater.pdf,muhammadeakub,6c21e53f33b685fbb47f051332e567b0cee9dcb10f3f7a1d9df6d7b6709c46b6,RECEIVED 2026-10-02; 2 pages
2026-10-02T12:13:17,received,009_INV036164_bluewaterprint.pdf,009_INV036164_bluewaterprint.pdf,muhammadeakub,85d182607d06382859e92ecc69d565c9e2c915f65a5100a9b4e18d85250f1d38,RECEIVED 2026-10-02; 1 pages
2026-10-02T12:13:17,received,010_70020-A_meridiansec.pdf,010_70020-A_meridiansec.pdf,muhammadeakub,b2b9d4ce708b8e330f35fa4cb293cf4000ed650293bd51e7bb977cd6d6f586ac,RECEIVED 2026-10-02; 2 pages
2026-10-02T12:13:17,received,011_INV-2026-51897_northwindtx.pdf,011_INV-2026-51897_northwindtx.pdf,muhammadeakub,4abe03c368866303ee79064240f5b2f967fa8047deb1a75960c8efffc39f384c,RECEIVED 2026-10-02; 1 pages
2026-10-02T12:13:17,received,012_54425_pinecrestcater.pdf,012_54425_pinecrestcater.pdf,muhammadeakub,b2dd93d198d4955a7094f46e9af177431df6b17cb0a5c6ccfe11c5d2fa9a0e05,RECEIVED 2026-10-02; 1 pages
2026-10-02T12:13:17,received,013_INV-2026-98316_harborcourier.pdf,013_INV-2026-98316_harborcourier.pdf,muhammadeakub,d84ab0d7e430903542b7cbf3810b20cab7fab89dde2c92bde944bb2a7142c58c,RECEIVED 2026-10-02; 1 pages
2026-10-02T12:13:17,received,014_64906_oakridgefc.pdf,014_64906_oakridgefc.pdf,muhammadeakub,3437734005b11e919f528e8eef3bd13f310900fb8f2a27d4e2ba99cedd91644d,RECEIVED 2026-10-02; 1 pages
2026-10-02T12:13:17,received,015_INV-2026-77458_cascadecr.pdf,015_INV-2026-77458_cascadecr.pdf,muhammadeakub,c43412ae836e84957976c62ee902628da580dd4d9f2ea78170df5acfbe07acae,RECEIVED 2026-10-02; 3 pages
2026-10-02T12:13:17,received,016_43307_bluewaterprint.pdf,016_43307_bluewaterprint.pdf,muhammadeakub,b9ff157f6052831a083e1062a72e09e085efd295fb0be1211e9d4b396e295bf7,RECEIVED 2026-10-02; 1 pages
2026-10-02T12:13:17,received,017_73681_brightline.pdf,017_73681_brightline.pdf,muhammadeakub,88ca7bca8edade3f12af4f04987233834089f403547375ed286f8e25b0abf7c1,RECEIVED 2026-10-02; 3 pages
2026-10-02T12:13:17,received,018_INV-2026-84206_meridiansec.pdf,018_INV-2026-84206_meridiansec.pdf,muhammadeakub,7c49055b13a0c3b06c47cf108f7bec3d4ac2cb7a931f4dfd935a44e11c7d068b,RECEIVED 2026-10-02; 1 pages
2026-10-02T12:13:17,received,019_31623_harborcourier.pdf,019_31623_harborcourier.pdf,muhammadeakub,63bdb2a07d868451e17bd55336d05c204e36c522589e43e55ce9d2e154802b06,RECEIVED 2026-10-02; 1 pages
2026-10-02T12:13:17,received,020_INV-2026-32152_northwindtx.pdf,020_INV-2026-32152_northwindtx.pdf,muhammadeakub,850d8301530566a17de7c258107227805e0bc92685b9f241dcc369b91291e5f7,RECEIVED 2026-10-02; 2 pages
2026-10-02T12:13:17,received,021_33409-A_summitit.pdf,021_33409-A_summitit.pdf,muhammadeakub,a39c2784f557457b18774340f63da801b6f84f2af085b7eb6a7fdb85d354dc50,RECEIVED 2026-10-02; 4 pages
2026-10-02T12:13:17,received,022_INV-2026-84177_brightline.pdf,022_INV-2026-84177_brightline.pdf,muhammadeakub,3688128a776c001787e29984477866b15e369dc113d4cd83de511b7230f82c4e,RECEIVED 2026-10-02; 1 pages
2026-10-02T12:13:17,received,023_86916_oakridgefc.pdf,023_86916_oakridgefc.pdf,muhammadeakub,209c96a16daeffb9c54a4ae2b288b7cb4f5d7426132c185b983e36b081ccdf47,RECEIVED 2026-10-02; 1 pages
2026-10-02T12:13:17,received,024_INV-2026-25673_northwindtx.pdf,024_INV-2026-25673_northwindtx.pdf,muhammadeakub,9b58b67126995b1689da5acc5204c9770afd6f6d95a5ad64281792c3aeb676c8,RECEIVED 2026-10-02; 2 pages
2026-10-02T12:13:17,received,025_INV-2026-13821_summitit.pdf,025_INV-2026-13821_summitit.pdf,muhammadeakub,140fe65ce4416e84aeb9d817410df2658ededf64b7b328caa7d436c8345bc0fd,RECEIVED 2026-10-02; 3 pages
2026-10-02T12:13:17,received,026_93261_northwindtx.pdf,026_93261_northwindtx.pdf,muhammadeakub,27c3db8a655a4112d06387c2bf51272d1d0bc103b6c5bc5bcd077e47b0bb76ae,RECEIVED 2026-10-02; 2 pages
2026-10-02T12:13:17,received,027_1223-A_pinecrestcater.pdf,027_1223-A_pinecrestcater.pdf,muhammadeakub,b4e89927bd3c5ba0b2ffbd92c35ecb1c78d9f7262ea955990fdff9e0fc9fc891,RECEIVED 2026-10-02; 1 pages
2026-10-02T12:13:17,received,028_07714_graniterecords.pdf,028_07714_graniterecords.pdf,muhammadeakub,bfd6dc84b6d6b25e777b8c45c8eb5b05a02b55c455704a71e52e71f2ce0155c7,RECEIVED 2026-10-02; 4 pages
2026-10-02T12:13:17,received,029_INV-2026-95674_graniterecords.pdf,029_INV-2026-95674_graniterecords.pdf,muhammadeakub,5d743461b6a0bf5983f0a4a0b736188cffb80c33809a2c2bac5178f0f88880f5,RECEIVED 2026-10-02; 1 pages
2026-10-02T12:13:17,received,030_26708-A_brightline.pdf,030_26708-A_brightline.pdf,muhammadeakub,4364cf69c33cbd23de49f8acf0e88e250ec35e585e1e7d8856e780dcdccffa0f,RECEIVED 2026-10-02; 1 pages
2026-10-02T12:13:17,received,031_86873-A_brightline.pdf,031_86873-A_brightline.pdf,muhammadeakub,874a7979ac2c384f4f1629eaf80b6e74b40ba37f0ff0cca78d1710781c877859,RECEIVED 2026-10-02; 2 pages
2026-10-02T12:13:17,received,032_75539_meridiansec.pdf,032_75539_meridiansec.pdf,muhammadeakub,f85c2975e3619a66c764832f32ead6b81e39da46de22bc08c1af48c6936cd458,RECEIVED 2026-10-02; 1 pages
2026-10-02T12:13:17,received,033_INV095933_oakridgefc.pdf,033_INV095933_oakridgefc.pdf,muhammadeakub,a04b620d5af7e7c314e2e93876fb80b9213cbbbad20eaf08200281cb10b17589,RECEIVED 2026-10-02; 1 pages
2026-10-02T12:13:17,received,034_INV-2026-75079_meridiansec.pdf,034_INV-2026-75079_meridiansec.pdf,muhammadeakub,13135d6519523b2c901693c21e215abec54cf77a55a32cd545e30e7746c330d9,RECEIVED 2026-10-02; 2 pages
2026-10-02T12:13:17,received,035_INV092286_meridiansec.pdf,035_INV092286_meridiansec.pdf,muhammadeakub,c917496a6788d188892ed2a20d7173b18a0f1b3bf476bf25485b2a94b8cbb9eb,RECEIVED 2026-10-02; 1 pages
2026-10-02T12:13:17,received,036_INV092686_pinecrestcater.pdf,036_INV092686_pinecrestcater.pdf,muhammadeakub,ecfa1b547e751cca023c7ddee47813b10f2a9847140a79c393ad8d5f40516395,RECEIVED 2026-10-02; 1 pages
2026-10-02T12:13:17,received,037_37987_brightline.pdf,037_37987_brightline.pdf,muhammadeakub,0ba30971e2f9373063eea4199f8ab15ec4dc9b107c4940405385eac86314bbae,RECEIVED 2026-10-02; 1 pages
2026-10-02T12:13:17,received,038_INV040961_summitit.pdf,038_INV040961_summitit.pdf,muhammadeakub,ba3b7abef46a7076a0e3d7b031cbefa80904086e9553c3c426559867ab90a6db,RECEIVED 2026-10-02; 2 pages
2026-10-02T12:13:17,received,039_INV-2026-83702_meridiansec.pdf,039_INV-2026-83702_meridiansec.pdf,muhammadeakub,e1ac1715825e9574f686e828002f75a767b16d08ea6be561917d49dd40de5b9f,RECEIVED 2026-10-02; 1 pages
2026-10-02T12:13:17,received,040_65426_oakridgefc.pdf,040_65426_oakridgefc.pdf,muhammadeakub,1c0c5b0242f81a4b243d341f5abea40b36209a853a578d49dc567ea9fea904d3,RECEIVED 2026-10-02; 2 pages
2026-10-02T12:13:17,received,041_12209-A_meridiansec.pdf,041_12209-A_meridiansec.pdf,muhammadeakub,bf8d86df2a988387167bcaa7ea0ff38476a3013e52f125e1926c5e131a917eda,RECEIVED 2026-10-02; 3 pages
2026-10-02T12:13:17,received,042_14748-A_graniterecords.pdf,042_14748-A_graniterecords.pdf,muhammadeakub,635872194be1b7c3cde22633d21a5c5ad128f456c63f609e2086963bd4f2b9b5,RECEIVED 2026-10-02; 2 pages
2026-10-02T12:13:17,received,043_INV-2026-67724_pinecrestcater.pdf,043_INV-2026-67724_pinecrestcater.pdf,muhammadeakub,76bf89b216b98e761b61c3b33e85e7d65b05ef4bc6eea892e03fd3c7c5799387,RECEIVED 2026-10-02; 1 pages
2026-10-02T12:13:17,received,044_18237_harborcourier.pdf,044_18237_harborcourier.pdf,muhammadeakub,4584a37e0909836748d6c9f34f7f2f3845e8079e5f76989e3c5ca755f78efb4a,RECEIVED 2026-10-02; 2 pages
2026-10-02T12:13:17,received,045_INV-2026-99003_oakridgefc.pdf,045_INV-2026-99003_oakridgefc.pdf,muhammadeakub,cc1569a0fe40c1e1079b33854e7c31a4bedda73184a62eab4494ba29b738beee,RECEIVED 2026-10-02; 1 pages
2026-10-02T12:13:17,received,046_INV-2026-97477_summitit.pdf,046_INV-2026-97477_summitit.pdf,muhammadeakub,291ee7661b90a678622610887822749e9a73cafc82edcaf48790d79c3e60562b,RECEIVED 2026-10-02; 2 pages
2026-10-02T12:13:17,received,047_70724_cascadecr.pdf,047_70724_cascadecr.pdf,muhammadeakub,1ae72675271a0e2afc8ad386db6ca6051cec172601a0eb3c22e9ca946560115f,RECEIVED 2026-10-02; 2 pages
2026-10-02T12:13:17,received,048_INV029304_graniterecords.pdf,048_INV029304_graniterecords.pdf,muhammadeakub,10c4c4c583cf36b4fc640be0b9b014431ef62cbf26345abb3c26e857798fdf0e,RECEIVED 2026-10-02; 2 pages
2026-10-02T12:13:17,received,049_85659_graniterecords.pdf,049_85659_graniterecords.pdf,muhammadeakub,d17c50d16d249a5bd2ff9fe95f8ca36d784c38c34ba71959509227e1f3434496,RECEIVED 2026-10-02; 3 pages
2026-10-02T12:13:17,received,050_INV-2026-97866_meridiansec.pdf,050_INV-2026-97866_meridiansec.pdf,muhammadeakub,ec7c17361d3bc35fcf021bea0217536226844ce4c1dfd447c6d34616d59c0d17,RECEIVED 2026-10-02; 2 pages
2026-10-02T12:13:17,received,051_INV-2026-3014_brightline.pdf,051_INV-2026-3014_brightline.pdf,muhammadeakub,5b1528f0ef4243e3722cc9b5243de1dd575739bde27f95ba653920794b2d07bf,RECEIVED 2026-10-02; 2 pages
2026-10-02T12:13:17,received,052_INV028878_harborcourier.pdf,052_INV028878_harborcourier.pdf,muhammadeakub,f6f128f802e1b5768896f76adb7ffe886d06ac709df635f9fc1581f88ac64387,RECEIVED 2026-10-02; 1 pages
2026-10-02T12:13:17,received,053_INV045923_harborcourier.pdf,053_INV045923_harborcourier.pdf,muhammadeakub,ffb1ca9cbda6c6ef15861e957de5ee23796fd5081bff955564de78e4e50a892c,RECEIVED 2026-10-02; 1 pages
2026-10-02T12:13:17,received,054_INV037429_pinecrestcater.pdf,054_INV037429_pinecrestcater.pdf,muhammadeakub,b2d229884aaee41cf565f36b1253725cb0c198b9e7eebf3073a49eb82d8f9c40,RECEIVED 2026-10-02; 2 pages
2026-10-02T12:13:17,received,055_INV049941_northwindtx.pdf,055_INV049941_northwindtx.pdf,muhammadeakub,4aaf3d744dc7c47b02e3b6f60a3fac940a027fed4dee60084a554fa05cd898ea,RECEIVED 2026-10-02; 1 pages
2026-10-02T12:13:17,received,056_INV027590_oakridgefc.pdf,056_INV027590_oakridgefc.pdf,muhammadeakub,a9766dccbe14b8954cf3f1439ebfb017960aeb41c850828331f9db956bc2410a,RECEIVED 2026-10-02; 3 pages
2026-10-02T12:13:17,received,057_76644-A_harborcourier.pdf,057_76644-A_harborcourier.pdf,muhammadeakub,c24d8ade550f782ce035a8235ab91474422caa82efa0861187a9b4380365352b,RECEIVED 2026-10-02; 1 pages
2026-10-02T12:13:17,received,058_45721_cascadecr.pdf,058_45721_cascadecr.pdf,muhammadeakub,f3f352ff89d3a2211d6057ab868004d6c00b419d8502c7aaa79bf32db69006ea,RECEIVED 2026-10-02; 1 pages
2026-10-02T12:13:17,received,059_INV058184_graniterecords.pdf,059_INV058184_graniterecords.pdf,muhammadeakub,fa277cabfc7c63dc407b04aad7b50e857bc2b3a4a8cc69c5f0141fd891ed12a8,RECEIVED 2026-10-02; 2 pages
2026-10-02T12:13:17,received,060_76869-A_harborcourier.pdf,060_76869-A_harborcourier.pdf,muhammadeakub,48b1cf094afca217ac82152e1feab814362f4a8dd1f66b1eb6d4598024f5b4e9,RECEIVED 2026-10-02; 1 pages
2026-10-02T12:13:17,received,061_INV-2026-90352_meridiansec.pdf,061_INV-2026-90352_meridiansec.pdf,muhammadeakub,adb5e3ceda5d0c617ffee3bc30912c8615c2206f622b558d3243021b5ef6ddb6,RECEIVED 2026-10-02; 1 pages
2026-10-02T12:13:17,received,062_71956-A_brightline.pdf,062_71956-A_brightline.pdf,muhammadeakub,be77997234424e6106799914fe9caff16a40888c2bddb137685f618812421034,RECEIVED 2026-10-02; 1 pages
2026-10-02T12:13:17,received,063_86418_summitit.pdf,063_86418_summitit.pdf,muhammadeakub,9dfabe5a93ca9039e7415c6555510e7bc4d3d931256d9007e26a40c34cfda0fb,RECEIVED 2026-10-02; 2 pages
2026-10-02T12:13:17,received,064_24947_graniterecords.pdf,064_24947_graniterecords.pdf,muhammadeakub,66942c0fc2d24dcecf57188310b11e53c8a31d87aab276568de9eb0be33173f0,RECEIVED 2026-10-02; 2 pages
2026-10-02T12:13:17,received,065_08803_pinecrestcater.pdf,065_08803_pinecrestcater.pdf,muhammadeakub,1a8169f36e11cd62256f74d734047236aa845ce3e9527c5045ebdb608fc02a21,RECEIVED 2026-10-02; 3 pages
2026-10-02T12:13:17,received,066_INV-2026-16330_meridiansec.pdf,066_INV-2026-16330_meridiansec.pdf,muhammadeakub,933da53e670bc339fef3cf3039b9317ebd39ad47c7937ea52520a466cadfaff2,RECEIVED 2026-10-02; 2 pages
2026-10-02T12:13:17,received,067_47521_meridiansec.pdf,067_47521_meridiansec.pdf,muhammadeakub,62db9e05eed0092c79bc8636145c012781bf8a30ecc5a389fc14c1bc66198d35,RECEIVED 2026-10-02; 1 pages
2026-10-02T12:13:17,received,068_10168_cascadecr.pdf,068_10168_cascadecr.pdf,muhammadeakub,a728b6e3603c42fd95d13d98240419240438d13e5043cfd7bfd06b5f5191451f,RECEIVED 2026-10-02; 2 pages
2026-10-02T12:13:17,received,069_INV-2026-91802_cascadecr.pdf,069_INV-2026-91802_cascadecr.pdf,muhammadeakub,00ff8a47edbc66a0bc9ef2290802ab67ed2098a50b600a8378c40a93e670921f,RECEIVED 2026-10-02; 1 pages
2026-10-02T12:13:17,received,070_09884_pinecrestcater.pdf,070_09884_pinecrestcater.pdf,muhammadeakub,44e7ef9d3b866185447f074cb253446f617c7f6cdc8f6d7c73f78117e7f0be99,RECEIVED 2026-10-02; 1 pages
2026-10-02T12:13:17,received,071_51623-A_pinecrestcater.pdf,071_51623-A_pinecrestcater.pdf,muhammadeakub,68e19efbe6b3701626fc2aff0cd0c0cd9b908c8ee9bdcd2f9a9a877b379d518c,RECEIVED 2026-10-02; 3 pages
2026-10-02T12:13:17,received,072_55120-A_cascadecr.pdf,072_55120-A_cascadecr.pdf,muhammadeakub,5904f4ab1f54298ce4a0a94423b00e9622863bb7f182eeb6410baa9c8ede9711,RECEIVED 2026-10-02; 2 pages
2026-10-02T12:13:17,received,073_INV-2026-79630_bluewaterprint.pdf,073_INV-2026-79630_bluewaterprint.pdf,muhammadeakub,d765b1b7075706a6e45803363d1889f06d2926ac8214bcbfebd69448b3ecfb23,RECEIVED 2026-10-02; 3 pages
2026-10-02T12:13:17,received,074_INV-2026-26805_northwindtx.pdf,074_INV-2026-26805_northwindtx.pdf,muhammadeakub,cb1a6d8a54d1a84d56440d5b8c10e556e305f26a1caefe32ca36addff57225b6,RECEIVED 2026-10-02; 1 pages
2026-10-02T12:13:17,received,075_90404-A_oakridgefc.pdf,075_90404-A_oakridgefc.pdf,muhammadeakub,dff8ca08a80322efe7829f6690a80fa7a81e0c8e3d3b1f46a74e9f1f5315691a,RECEIVED 2026-10-02; 4 pages
2026-10-02T12:13:17,received,076_81214_brightline.pdf,076_81214_brightline.pdf,muhammadeakub,9372846db22507235470bfec7ce4dcc7da0c1aa473de09901ca1746f6ad36ada,RECEIVED 2026-10-02; 1 pages
2026-10-02T12:13:17,received,077_INV-2026-30499_bluewaterprint.pdf,077_INV-2026-30499_bluewaterprint.pdf,muhammadeakub,475132a33a781a34513e3f03eb1fc7dc348e1a9395ed2159897446b3f48319c9,RECEIVED 2026-10-02; 1 pages
2026-10-02T12:13:17,received,078_INV053992_cascadecr.pdf,078_INV053992_cascadecr.pdf,muhammadeakub,737a15451f64a0f2419a0cc55f7a96e1f4436a479f0e3969f3362eb08d876985,RECEIVED 2026-10-02; 2 pages
2026-10-02T12:13:17,received,079_88677-A_pinecrestcater.pdf,079_88677-A_pinecrestcater.pdf,muhammadeakub,e244688854bec53b78fce231c6762f18581b432a384d5d81aecd6c477ea03eae,RECEIVED 2026-10-02; 2 pages
2026-10-02T12:13:17,received,080_INV086336_cascadecr.pdf,080_INV086336_cascadecr.pdf,muhammadeakub,36b37eeb4fd4b46e32c15b5f7e91b8d9ed569555a90b799ca3f0210b12b9396d,RECEIVED 2026-10-02; 1 pages
2026-10-02T12:13:17,received,081_25158_northwindtx.pdf,081_25158_northwindtx.pdf,muhammadeakub,3c3486dfe614c65eb5082ef2bd17bba2068c1bf860c23b3f1436b590c0558e3d,RECEIVED 2026-10-02; 2 pages
2026-10-02T12:13:17,received,082_INV-2026-73075_pinecrestcater.pdf,082_INV-2026-73075_pinecrestcater.pdf,muhammadeakub,36bd2618e992d3f2a428ea4df89cc7123102078ddac8cc6f8fb21a5de90228fb,RECEIVED 2026-10-02; 1 pages
2026-10-02T12:13:17,received,083_INV070944_meridiansec.pdf,083_INV070944_meridiansec.pdf,muhammadeakub,14195bb3e7a9535b186f1ea89b3aa8a878c7f473e417218ed00d549d02db84ed,RECEIVED 2026-10-02; 2 pages
2026-10-02T12:13:17,received,084_2222-A_cascadecr.pdf,084_2222-A_cascadecr.pdf,muhammadeakub,4ff5f3f2f32e372c0b1359c167eaf4a7d2d482ed6d58cd4fe88333e00e7404c5,RECEIVED 2026-10-02; 1 pages
2026-10-02T12:13:17,received,085_40708_harborcourier.pdf,085_40708_harborcourier.pdf,muhammadeakub,7d51a4d96ca27e55d6f9a58556181aae6afd771b55f354bb19d945e3c06ac0ff,RECEIVED 2026-10-02; 1 pages
2026-10-02T12:13:17,received,086_INV045775_harborcourier.pdf,086_INV045775_harborcourier.pdf,muhammadeakub,efb390813b68c106928c41938f4f3493b8537cafb1a3d6b759e840d81b1ca7b0,RECEIVED 2026-10-02; 1 pages
2026-10-02T12:13:17,received,087_76860_brightline.pdf,087_76860_brightline.pdf,muhammadeakub,c57fbf197cb5c42cd8e1ade6e296daae2421e54cf9b3fda29ee6d51c44540b4a,RECEIVED 2026-10-02; 4 pages
2026-10-02T12:13:17,received,088_INV-2026-50056_summitit.pdf,088_INV-2026-50056_summitit.pdf,muhammadeakub,6f7951af98ad27335e8ccc84dcdf9add6333c34dfbfa6c72ae0de319d6b1c95a,RECEIVED 2026-10-02; 1 pages
2026-10-02T12:13:17,received,089_INV067481_graniterecords.pdf,089_INV067481_graniterecords.pdf,muhammadeakub,af46f9c6e2a7a38088ad13b99c409ca4cf901d222224915893b3e324c5786ab5,RECEIVED 2026-10-02; 1 pages
2026-10-02T12:13:17,received,090_INV052384_oakridgefc.pdf,090_INV052384_oakridgefc.pdf,muhammadeakub,ea3a8a87b19b2adc08a8954b42afec9f5bc236cf60e033740af8eb179467e96d,RECEIVED 2026-10-02; 1 pages
2026-10-02T12:13:17,received,091_75034_brightline.pdf,091_75034_brightline.pdf,muhammadeakub,935588d190e5222a9fc78a8f0acd5d68991b1c57c249bc4b24b175519e9ea7e0,RECEIVED 2026-10-02; 1 pages
2026-10-02T12:13:17,received,092_90853_harborcourier.pdf,092_90853_harborcourier.pdf,muhammadeakub,1b01fec760955551e2cc3f2199031d7f23794b6b450e9071d14ac6a25edaf8b6,RECEIVED 2026-10-02; 1 pages
2026-10-02T12:13:17,received,093_17207-A_meridiansec.pdf,093_17207-A_meridiansec.pdf,muhammadeakub,de6d45ef3d7c8dde55eab86ca85ad402ca43369356dde547fc9e888ea96405dc,RECEIVED 2026-10-02; 1 pages
2026-10-02T12:13:17,received,094_INV051237_graniterecords.pdf,094_INV051237_graniterecords.pdf,muhammadeakub,ccc064f8ff6b84878d2b192a1d831796b2c1a82bfc22dfd389e83df23e8c1c53,RECEIVED 2026-10-02; 2 pages
2026-10-02T12:13:17,received,095_90667_meridiansec.pdf,095_90667_meridiansec.pdf,muhammadeakub,e7976bf063f2dfa935fc24dd959058d047a4b0fb619ee341b6833e9a704bbca9,RECEIVED 2026-10-02; 2 pages
2026-10-02T12:13:17,received,096_25375-A_brightline.pdf,096_25375-A_brightline.pdf,muhammadeakub,2ff740c09e355deb54ede69d833e71774512e73bb26069c78e225f12ded900b5,RECEIVED 2026-10-02; 1 pages
2026-10-02T12:13:17,received,097_INV-2026-56249_oakridgefc.pdf,097_INV-2026-56249_oakridgefc.pdf,muhammadeakub,ec8ec163e7c8a10d9002ef10da44426e20d7f3e7e69ae24fbbabe8f9c6d53b10,RECEIVED 2026-10-02; 1 pages
2026-10-02T12:13:17,received,098_84736_oakridgefc.pdf,098_84736_oakridgefc.pdf,muhammadeakub,31235d1184b0627724ccaa476add53cb6f70f9db2c4ad98dc784de2e26b3f834,RECEIVED 2026-10-02; 2 pages
2026-10-02T12:13:17,received,099_INV056764_northwindtx.pdf,099_INV056764_northwindtx.pdf,muhammadeakub,821a93ea26e162b0bc769edce8cdd32c7a5b6ee8b39d77ae773e8d19644cf94a,RECEIVED 2026-10-02; 2 pages
2026-10-02T12:13:17,received,100_53498_graniterecords.pdf,100_53498_graniterecords.pdf,muhammadeakub,a421a58939e64087396422d6472bcc28f2d2ffc0eb3ac3169d94f440a0bd0c49,RECEIVED 2026-10-02; 1 pages
2026-10-02T12:13:17,received,101_INV-2026-74163_northwindtx.pdf,101_INV-2026-74163_northwindtx.pdf,muhammadeakub,8a9025e7c7a0b5fd9e98aa8117aabc0cf161361ff0037ffcf6caead46aefcc81,RECEIVED 2026-10-02; 3 pages
2026-10-02T12:13:17,received,102_INV-2026-42124_pinecrestcater.pdf,102_INV-2026-42124_pinecrestcater.pdf,muhammadeakub,554ccedc072df12818ded1537e543f8606a2ba9bc094d6bfc843076c1499972b,RECEIVED 2026-10-02; 4 pages
2026-10-02T12:13:17,received,103_INV-2026-31296_pinecrestcater.pdf,103_INV-2026-31296_pinecrestcater.pdf,muhammadeakub,ccc296a6f3c4c20054f98c30f1ce2b023768ff570dbfbed23c20bf62e6b2d9a5,RECEIVED 2026-10-02; 4 pages
2026-10-02T12:13:17,received,104_INV-2026-15738_harborcourier.pdf,104_INV-2026-15738_harborcourier.pdf,muhammadeakub,6509b8aae8b6789261e165ba92db2e5079aee8b486e4c4a887d69ad879f85229,RECEIVED 2026-10-02; 2 pages
2026-10-02T12:13:17,received,105_INV-2026-70724_summitit.pdf,105_INV-2026-70724_summitit.pdf,muhammadeakub,6f2e0d1d9c6588981fde221b408d0bbea29a7554cc14c6e874e22836512b1221,RECEIVED 2026-10-02; 1 pages
2026-10-02T12:13:17,received,106_73968-A_summitit.pdf,106_73968-A_summitit.pdf,muhammadeakub,cc3318f54686ffd3ed813f054ee25afe61e615066cdf476f61363d69d02e734b,RECEIVED 2026-10-02; 2 pages
2026-10-02T12:13:17,received,107_56930-A_graniterecords.pdf,107_56930-A_graniterecords.pdf,muhammadeakub,a71569b16561c28621968dff697819307feb62e96946c18e0e9d9f7892b05931,RECEIVED 2026-10-02; 1 pages
2026-10-02T12:13:17,received,108_INV048537_meridiansec.pdf,108_INV048537_meridiansec.pdf,muhammadeakub,5f3e7afb9fa45f69d318016ef4ecb55b186100d730c9a48fe3fb2e18ec40cc31,RECEIVED 2026-10-02; 2 pages
2026-10-02T12:13:17,received,109_INV027983_oakridgefc.pdf,109_INV027983_oakridgefc.pdf,muhammadeakub,ee0a4d1a746ecec6d0d9dbe3b2fa372d175ee84bf0efd27f19c6bc13a8a2c4b6,RECEIVED 2026-10-02; 1 pages
2026-10-02T12:13:17,received,110_INV083440_bluewaterprint.pdf,110_INV083440_bluewaterprint.pdf,muhammadeakub,19afd97dc7243a0b88776c0f875af5d07296be08771e01207be6151ab26b211a,RECEIVED 2026-10-02; 2 pages
2026-10-02T12:13:17,received,111_85855_oakridgefc.pdf,111_85855_oakridgefc.pdf,muhammadeakub,6fcc5a6c7ba960cbe89ade8393e5b0043a3ac43b9e7cf4400011080a27e7ac25,RECEIVED 2026-10-02; 1 pages
2026-10-02T12:13:17,received,112_INV-2026-33658_meridiansec.pdf,112_INV-2026-33658_meridiansec.pdf,muhammadeakub,f0ab3e6a3927c18c8f1c04c4854ce7abddc1dd8b7004ff14bad55d8fee15b74f,RECEIVED 2026-10-02; 1 pages
2026-10-02T12:13:17,received,113_66194_pinecrestcater.pdf,113_66194_pinecrestcater.pdf,muhammadeakub,1da653a6e1988ed3c68ad50839f5fe0c718ff9eaffdc94fff9f089c18d394ec6,RECEIVED 2026-10-02; 1 pages
2026-10-02T12:13:17,received,114_INV-2026-78056_harborcourier.pdf,114_INV-2026-78056_harborcourier.pdf,muhammadeakub,88a3174b6dfb23868742e1d63e647dce0cc7f3364702b9dcc73eb5966fe1b491,RECEIVED 2026-10-02; 1 pages
2026-10-02T12:13:17,received,115_INV-2026-1307_brightline.pdf,115_INV-2026-1307_brightline.pdf,muhammadeakub,8fcba284de9a6001a44626a92b7e92dddb9edce25b99028d3ed3f5e24960c871,RECEIVED 2026-10-02; 2 pages
2026-10-02T12:13:17,received,116_69668_pinecrestcater.pdf,116_69668_pinecrestcater.pdf,muhammadeakub,1d1e533e1dcd0814a6017a7c3492e2888cfc4ac56a0bbe2e8838e99ffdb0944a,RECEIVED 2026-10-02; 1 pages
2026-10-02T12:13:17,received,117_3518-A_oakridgefc.pdf,117_3518-A_oakridgefc.pdf,muhammadeakub,0308cd3aa785966909b3e9d577b064010134700548d5fb46569e8b627c741e54,RECEIVED 2026-10-02; 1 pages
2026-10-02T12:13:17,received,118_INV048262_harborcourier.pdf,118_INV048262_harborcourier.pdf,muhammadeakub,822057c14e500b250552b5df3748e87e36e9b71f472d59d8cdb5f223c7d0477f,RECEIVED 2026-10-02; 1 pages
2026-10-02T12:13:17,received,119_91859-A_cascadecr.pdf,119_91859-A_cascadecr.pdf,muhammadeakub,f0a3caf51b4a07c41a0b31800bb143d615b13673840c82fe874406b79059a901,RECEIVED 2026-10-02; 1 pages
2026-10-02T12:13:17,received,120_58177-A_cascadecr.pdf,120_58177-A_cascadecr.pdf,muhammadeakub,dd94576e2f189fbd31f409bba301ed82942713fd167917d8785d8b2cfef342a6,RECEIVED 2026-10-02; 4 pages
2026-10-02T12:13:17,received,121_80681_graniterecords.pdf,121_80681_graniterecords.pdf,muhammadeakub,cbcc8e0816fba2d7da85f25bb6e6ee207e3613285ecb7d61f0e560270ef362e5,RECEIVED 2026-10-02; 2 pages
2026-10-02T12:13:17,received,122_INV-2026-6292_cascadecr.pdf,122_INV-2026-6292_cascadecr.pdf,muhammadeakub,72cef878ec4d3334499174a7e4af406bfd537d0c9fcddf4d3bdf20fb7e5b1637,RECEIVED 2026-10-02; 2 pages
2026-10-02T12:13:17,received,123_INV021895_summitit.pdf,123_INV021895_summitit.pdf,muhammadeakub,1194e213dc041b757263b5d8dc7c6786ebcd3fbb16c77e93d9aa312d60c9e2d3,RECEIVED 2026-10-02; 2 pages
2026-10-02T12:13:17,received,124_INV-2026-57167_northwindtx.pdf,124_INV-2026-57167_northwindtx.pdf,muhammadeakub,26d65d90bdd65321d4b3eceebcef357034963f7006e9ea38e706c8c1ae1e31e2,RECEIVED 2026-10-02; 1 pages
2026-10-02T12:13:17,received,125_INV-2026-39816_summitit.pdf,125_INV-2026-39816_summitit.pdf,muhammadeakub,0e379a7f0214aed894d6969d21dd338edb603958754429c93331f257d20faf91,RECEIVED 2026-10-02; 1 pages
2026-10-02T12:13:17,received,126_56446-A_harborcourier.pdf,126_56446-A_harborcourier.pdf,muhammadeakub,f3647391bc14c70da2a554baa27fe513cd272df09ec912ee9205e06ff5a1d0c4,RECEIVED 2026-10-02; 1 pages
2026-10-02T12:13:17,received,127_INV-2026-24993_cascadecr.pdf,127_INV-2026-24993_cascadecr.pdf,muhammadeakub,2c726675f1ca94ec45c97d8c6f3d6ef48946cba9483c9a7685dff28fce23d048,RECEIVED 2026-10-02; 2 pages
2026-10-02T12:13:17,received,128_39599-A_summitit.pdf,128_39599-A_summitit.pdf,muhammadeakub,57897952628383a6381514dc8cfe4a789fbb125d27495446b374295ec68ddbb7,RECEIVED 2026-10-02; 1 pages
2026-10-02T12:13:17,received,129_68529-A_graniterecords.pdf,129_68529-A_graniterecords.pdf,muhammadeakub,5d7916d330f741de3bea7b45cf94a48998d4d0487185c89110c6e36fe6e6b82f,RECEIVED 2026-10-02; 1 pages
2026-10-02T12:13:17,received,130_9816-A_brightline.pdf,130_9816-A_brightline.pdf,muhammadeakub,c4d8ce36b11fd99924b10c7176c7a9a01203080cfc16e05286459dd1f6a56e25,RECEIVED 2026-10-02; 2 pages
2026-10-02T12:13:17,received,131_80865-A_oakridgefc.pdf,131_80865-A_oakridgefc.pdf,muhammadeakub,9c79f99e18890b8500e9b862c02b4f498ef05200a25c39649812350588e415db,RECEIVED 2026-10-02; 1 pages
2026-10-02T12:13:17,received,132_57599_graniterecords.pdf,132_57599_graniterecords.pdf,muhammadeakub,5cd07c2c18b5bb939b89b64b4f652825beee47a2fc067c411d22a71fe297ef13,RECEIVED 2026-10-02; 1 pages
2026-10-02T12:13:17,received,133_INV091049_pinecrestcater.pdf,133_INV091049_pinecrestcater.pdf,muhammadeakub,9193fc3907fb4fa92f3b3cbbf92bdea590a497167b8f52257b8d7927a974fa6d,RECEIVED 2026-10-02; 1 pages
2026-10-02T12:13:17,received,134_38886_meridiansec.pdf,134_38886_meridiansec.pdf,muhammadeakub,7262f2ae347baf3209b3a9738873b368334c2866b51fd0fda33f20f86e179542,RECEIVED 2026-10-02; 1 pages
2026-10-02T12:13:17,received,135_INV-2026-57859_oakridgefc.pdf,135_INV-2026-57859_oakridgefc.pdf,muhammadeakub,f1450c32ec8f5d54615cafa6a95049f99b85c81fa255c7b84038d1abb33b9a70,RECEIVED 2026-10-02; 1 pages
2026-10-02T12:13:17,received,136_INV-2026-99167_pinecrestcater.pdf,136_INV-2026-99167_pinecrestcater.pdf,muhammadeakub,2553834e067ccbd47312402bd1b539108777a9f79861bbc8366b93fd33ce5145,RECEIVED 2026-10-02; 2 pages
2026-10-02T12:13:17,received,137_INV-2026-9636_oakridgefc.pdf,137_INV-2026-9636_oakridgefc.pdf,muhammadeakub,4b695ef10670b3f04144a7a346f50c9a539d0455fa28bd7c1b6b35ca3de10e8f,RECEIVED 2026-10-02; 2 pages
2026-10-02T12:13:17,received,138_42722_northwindtx.pdf,138_42722_northwindtx.pdf,muhammadeakub,a8c6ef2f468c1b404eb9108e95a9dcca4d6a84d02a6ec225893c4e58ce3c30a4,RECEIVED 2026-10-02; 1 pages
2026-10-02T12:13:17,received,139_67920_bluewaterprint.pdf,139_67920_bluewaterprint.pdf,muhammadeakub,f53dd2ef03f8df84445a8d9ecf6a5076a4b65293322f0db4a21c20054d1e8796,RECEIVED 2026-10-02; 2 pages
2026-10-02T12:13:17,received,140_72601_harborcourier.pdf,140_72601_harborcourier.pdf,muhammadeakub,241e89a39dc623540dc90a21746d5dae110a74b292abb5e25b7e8476d60a2985,RECEIVED 2026-10-02; 1 pages
2026-10-02T12:13:17,received,141_36504-A_harborcourier.pdf,141_36504-A_harborcourier.pdf,muhammadeakub,133d9067a8549f3a460bc3942f1480c6f56957295012a3ac7f3375b2a69b9789,RECEIVED 2026-10-02; 1 pages
2026-10-02T12:13:17,received,142_INV068090_pinecrestcater.pdf,142_INV068090_pinecrestcater.pdf,muhammadeakub,c337cdcc4726e09b65be620d0a8bde1066f13e67de22b39f9f29fef44e4dc617,RECEIVED 2026-10-02; 1 pages
2026-10-02T12:13:17,received,143_65338_harborcourier.pdf,143_65338_harborcourier.pdf,muhammadeakub,33933fcea50d55ead9683a095aded4f3721c7c718459ceed59c15198c67b861a,RECEIVED 2026-10-02; 1 pages
2026-10-02T12:13:17,received,144_INV048866_meridiansec.pdf,144_INV048866_meridiansec.pdf,muhammadeakub,8ec3e387f831ee117e3f93ae8802c9046295ffc6e6229e3852de1979ff7ba635,RECEIVED 2026-10-02; 1 pages
2026-10-02T12:13:17,received,145_13355-A_meridiansec.pdf,145_13355-A_meridiansec.pdf,muhammadeakub,5e0b7e3e1dbb0cc41e8a617bd448abef34a16b3f8034ccc8f59c81975f9b5424,RECEIVED 2026-10-02; 1 pages
2026-10-02T12:13:17,received,146_14563-A_harborcourier.pdf,146_14563-A_harborcourier.pdf,muhammadeakub,5091bc86c84942262cb143d324634646b68b3d3e7f9f8eb45d93de9891d9a8d5,RECEIVED 2026-10-02; 2 pages
2026-10-02T12:13:17,received,147_INV-2026-63922_bluewaterprint.pdf,147_INV-2026-63922_bluewaterprint.pdf,muhammadeakub,6333ad8bc9ac22e0cf252f9abfb5502f311418406304b730343066286c9380db,RECEIVED 2026-10-02; 1 pages
2026-10-02T12:13:17,received,148_03211_oakridgefc.pdf,148_03211_oakridgefc.pdf,muhammadeakub,c67db2e36d0154febd119702042b698a77ca1e3ac2a2ce65b79b08473f363889,RECEIVED 2026-10-02; 2 pages
2026-10-02T12:13:17,received,149_89284_northwindtx.pdf,149_89284_northwindtx.pdf,muhammadeakub,c17233769ee659b40663b73df8a39133a02abbedcce06fad24c1ead366acfd91,RECEIVED 2026-10-02; 2 pages
2026-10-02T12:13:17,received,150_35398_cascadecr.pdf,150_35398_cascadecr.pdf,muhammadeakub,e21dcf8e62c7f43e35d834bf5a56ce9aff70344221de5715c0fce66ac403109a,RECEIVED 2026-10-02; 1 pages
2026-10-02T12:13:17,received,151_INV094667_graniterecords.pdf,151_INV094667_graniterecords.pdf,muhammadeakub,411cfc663fbdf0cf550608d757f94c27d65ab8358c4e6375d3acb8cd67d40048,RECEIVED 2026-10-02; 1 pages
2026-10-02T12:13:17,received,152_85946-A_northwindtx.pdf,152_85946-A_northwindtx.pdf,muhammadeakub,6f2957871fcd7c7728aa6e1856d4c748500698f140017c14098377bc19bfce96,RECEIVED 2026-10-02; 1 pages
2026-10-02T12:13:17,receive-failed,153_83730_bluewaterprint.pdf,,muhammadeakub,,password-protected PDF; ask the sender for an unlocked copy
2026-10-02T12:13:17,received,154_INV-2026-13623_summitit.pdf,154_INV-2026-13623_summitit.pdf,muhammadeakub,56d354e16fbe47b67dbbf48e6d3906dcc8a66e8f3d8666fa51beec6907644391,RECEIVED 2026-10-02; 3 pages
2026-10-02T12:13:17,received,155_25414-A_harborcourier.pdf,155_25414-A_harborcourier.pdf,muhammadeakub,84793cd67f92d98adbbd620dbe3861059093448865711c338ff0cfd189691f1e,RECEIVED 2026-10-02; 2 pages
2026-10-02T12:13:17,received,156_76780_meridiansec.pdf,156_76780_meridiansec.pdf,muhammadeakub,bcb59e1feb64bd2b899aafacfaa4b1e1203a7a6bf81087283ed8ce0dc5f341df,RECEIVED 2026-10-02; 3 pages
2026-10-02T12:13:17,received,157_INV-2026-19980_cascadecr.pdf,157_INV-2026-19980_cascadecr.pdf,muhammadeakub,7b3c3b4f648b92dcec7102afb4d750a2f028a71f6d7bc199d1158acf3118e36a,RECEIVED 2026-10-02; 3 pages
2026-10-02T12:13:17,received,158_17314-A_oakridgefc.pdf,158_17314-A_oakridgefc.pdf,muhammadeakub,8df44b87d781ae96f540cbc990551e8b24892b082926219a189c2951c78143db,RECEIVED 2026-10-02; 4 pages
2026-10-02T12:13:17,received,159_INV062173_cascadecr.pdf,159_INV062173_cascadecr.pdf,muhammadeakub,7ce8647c53da213b1002fa7f5bb002c7a877468da68b3b0b082608ec40305e33,RECEIVED 2026-10-02; 1 pages
2026-10-02T12:13:17,received,160_INV-2026-57007_oakridgefc.pdf,160_INV-2026-57007_oakridgefc.pdf,muhammadeakub,b0723f8550fd75681f47ab86510bfd51d345d9b39ecf5f54c6b0f7d50c5f59fa,RECEIVED 2026-10-02; 1 pages
2026-10-02T12:13:17,received,161_17570_harborcourier.pdf,161_17570_harborcourier.pdf,muhammadeakub,d040476851a1c7faa0508077e0f871d62c1b26b58d8c48dfa9cec96ffb3a7ba4,RECEIVED 2026-10-02; 2 pages
2026-10-02T12:13:17,received,162_26344_northwindtx.pdf,162_26344_northwindtx.pdf,muhammadeakub,bd1374e7487f3179f1ff7cdd65a258f3a25e89dcdd87d8ae26af3bb53ce03709,RECEIVED 2026-10-02; 1 pages
2026-10-02T12:13:17,received,163_90331-A_northwindtx.pdf,163_90331-A_northwindtx.pdf,muhammadeakub,286f476d70fba15e50e2b29679476bed9827b43685c054309b762d86b31bd269,RECEIVED 2026-10-02; 2 pages
2026-10-02T12:13:17,receive-failed,164_INV027061_brightline.pdf,,muhammadeakub,,password-protected PDF; ask the sender for an unlocked copy
2026-10-02T12:13:17,received,165_INV063712_pinecrestcater.pdf,165_INV063712_pinecrestcater.pdf,muhammadeakub,89d3bee20ce8d079618825479d0c3d45f75d2e98eba11c98844494ea43f7feac,RECEIVED 2026-10-02; 2 pages
2026-10-02T12:13:17,received,166_20367_oakridgefc.pdf,166_20367_oakridgefc.pdf,muhammadeakub,d40c805621d2de23224b67c6eacb17254d07ad1ec794433cf1968fbc76cc3123,RECEIVED 2026-10-02; 1 pages
2026-10-02T12:13:17,received,167_19121_oakridgefc.pdf,167_19121_oakridgefc.pdf,muhammadeakub,34ceb296c79cc72e760d691f84353bf5537ab6864dba7f38bcbe749102f802a9,RECEIVED 2026-10-02; 2 pages
2026-10-02T12:13:17,received,168_INV-2026-21933_graniterecords.pdf,168_INV-2026-21933_graniterecords.pdf,muhammadeakub,763355d6f8ba0ac2b699bd50df34f59993781254bb11dc3df4620eae825d6456,RECEIVED 2026-10-02; 1 pages
2026-10-02T12:13:17,received,169_INV023663_graniterecords.pdf,169_INV023663_graniterecords.pdf,muhammadeakub,10eedad1fd307d9b09d698e65d26eb8c26f7495b7fa3d0bf5c33bbaeaa07698b,RECEIVED 2026-10-02; 1 pages
2026-10-02T12:13:17,received,170_17652_meridiansec.pdf,170_17652_meridiansec.pdf,muhammadeakub,788e1fef1adf920bbd52b399551202d573fcd630b6245cf17f9c0b85efab4ea9,RECEIVED 2026-10-02; 2 pages
2026-10-02T12:13:17,received,171_84509_cascadecr.pdf,171_84509_cascadecr.pdf,muhammadeakub,4b29d089170c893a63ec0c3d92a6750a0da6851d7d3d9851b6fe9b4011961391,RECEIVED 2026-10-02; 1 pages
2026-10-02T12:13:17,received,172_38939_northwindtx.pdf,172_38939_northwindtx.pdf,muhammadeakub,5a709671776063bd751e36fac3707b4c43e493a12e529d20b901610d3f65c8a3,RECEIVED 2026-10-02; 1 pages
2026-10-02T12:13:17,received,173_83744-A_cascadecr.pdf,173_83744-A_cascadecr.pdf,muhammadeakub,025fd5eeab50fccfb8f0a1bc54d4e562a16465947a28066939f65ad440543a72,RECEIVED 2026-10-02; 1 pages
2026-10-02T12:13:17,received,174_INV091064_brightline.pdf,174_INV091064_brightline.pdf,muhammadeakub,e234a5c9975da85e19dd6152e655bec327480b13f5356af0979d06ad27d3883e,RECEIVED 2026-10-02; 2 pages
2026-10-02T12:13:17,received,175_76648-A_bluewaterprint.pdf,175_76648-A_bluewaterprint.pdf,muhammadeakub,60916258d9e45936462395d9e6bc78db61edc0431dca7f39da2ab8df4701d87a,RECEIVED 2026-10-02; 1 pages
2026-10-02T12:13:17,received,176_12079_northwindtx.pdf,176_12079_northwindtx.pdf,muhammadeakub,5f0ec27fe1516fdd557642ede3d402742a4a6a1450d3feeca43a799fec58c1a1,RECEIVED 2026-10-02; 1 pages
2026-10-02T12:13:17,received,177_20006_cascadecr.pdf,177_20006_cascadecr.pdf,muhammadeakub,1a634d812d0e221b984f3c3e120a60d474b94364e577786fa8c7a69a399c3d5c,RECEIVED 2026-10-02; 3 pages
2026-10-02T12:13:17,receive-failed,178_INV029699_oakridgefc.pdf,,muhammadeakub,,password-protected PDF; ask the sender for an unlocked copy
2026-10-02T12:13:17,received,179_93128_summitit.pdf,179_93128_summitit.pdf,muhammadeakub,aa16f084c44aad5ab05b423fa7b587b54feaccdb67f2d7e944a997b2b39a0a9d,RECEIVED 2026-10-02; 1 pages
2026-10-02T12:13:17,received,180_INV057229_harborcourier.pdf,180_INV057229_harborcourier.pdf,muhammadeakub,fc7c1b7231d19583b93c183ce86c58ba4b6917c949e195b8f38749ec597cc535,RECEIVED 2026-10-02; 2 pages
2026-10-02T12:13:17,receive-failed,181_INV021519_harborcourier.pdf,,muhammadeakub,,password-protected PDF; ask the sender for an unlocked copy
2026-10-02T12:13:18,received,182_82779_harborcourier.pdf,182_82779_harborcourier.pdf,muhammadeakub,04c5ed56651537b6c2b9b8f0335122f7efd05856185282fc0dc9cc5f6261c6f8,RECEIVED 2026-10-02; 3 pages
2026-10-02T12:13:18,received,183_INV-2026-48880_meridiansec.pdf,183_INV-2026-48880_meridiansec.pdf,muhammadeakub,17fd37ca39f2f4fda7cf7a2f3830a52581d0acdb8e8e566b6d80ee3ae0624130,RECEIVED 2026-10-02; 2 pages
2026-10-02T12:13:18,received,184_41809-A_brightline.pdf,184_41809-A_brightline.pdf,muhammadeakub,38c4d6d8f8238b0302efab903d6cda496b8bfd18becd467d446d7d51a897bd29,RECEIVED 2026-10-02; 1 pages
2026-10-02T12:13:18,received,185_INV082045_graniterecords.pdf,185_INV082045_graniterecords.pdf,muhammadeakub,55d0cbb2af3014a9174423de6c6e3b4b1fc4a79feed6c345e156a6309f9f1608,RECEIVED 2026-10-02; 1 pages
2026-10-02T12:13:18,received,186_INV-2026-1175_pinecrestcater.pdf,186_INV-2026-1175_pinecrestcater.pdf,muhammadeakub,d5af7d181fdd6bd44d27494b43a23593d6ec991c3aa0a78467092ae85f6b6c0a,RECEIVED 2026-10-02; 3 pages
2026-10-02T12:13:18,received,187_12097_brightline.pdf,187_12097_brightline.pdf,muhammadeakub,fbdbf2fe9cb97a15a4b49c0d80b26db61f9faf434bfd050133312694a818e14a,RECEIVED 2026-10-02; 3 pages
2026-10-02T12:13:18,received,188_51189_brightline.pdf,188_51189_brightline.pdf,muhammadeakub,3b23b014555cec94e214327109195939c5ed020460dd85bd1d4c566c821fef15,RECEIVED 2026-10-02; 1 pages
2026-10-02T12:13:18,received,189_54796_harborcourier.pdf,189_54796_harborcourier.pdf,muhammadeakub,789079d0229c6ed345a4834c43ba7e340f52b85f816f80d0e3b3e56c38e9dbb7,RECEIVED 2026-10-02; 2 pages
2026-10-02T12:13:18,received,190_INV-2026-35842_northwindtx.pdf,190_INV-2026-35842_northwindtx.pdf,muhammadeakub,eed2edeae43c0909e54890c54dbe9ac842607a1b115ad0f3bd61f143cc411fdc,RECEIVED 2026-10-02; 4 pages
2026-10-02T12:13:18,received,191_87683_bluewaterprint.pdf,191_87683_bluewaterprint.pdf,muhammadeakub,c8d00445c164653c2dd5b7b17e077b4ba524e5b35c03e95ada6a0aab7f3490e9,RECEIVED 2026-10-02; 4 pages
2026-10-02T12:13:18,received,192_INV010127_summitit.pdf,192_INV010127_summitit.pdf,muhammadeakub,46e50a5ea17e52026012ea497fa6855f9c76a896fa2073794a625737c9d07bc0,RECEIVED 2026-10-02; 4 pages
2026-10-02T12:13:18,received,193_62447_meridiansec.pdf,193_62447_meridiansec.pdf,muhammadeakub,39d75aaaa0fb64ab34530152c48b1a900a71e3ec2cab9a9a5a1deb559fbce5c9,RECEIVED 2026-10-02; 1 pages
2026-10-02T12:13:18,received,194_INV-2026-90739_brightline.pdf,194_INV-2026-90739_brightline.pdf,muhammadeakub,a2a80d9e1ee6adaa07ed39777436882dc86461c4775a8b45ec230b75d0a57b47,RECEIVED 2026-10-02; 1 pages
2026-10-02T12:13:18,received,195_INV099929_northwindtx.pdf,195_INV099929_northwindtx.pdf,muhammadeakub,1113b38aa584c1ab199b54a679437b516f2cac66b5a3d90bd5660f36aa3db57b,RECEIVED 2026-10-02; 2 pages
2026-10-02T12:13:18,received,196_INV-2026-91101_pinecrestcater.pdf,196_INV-2026-91101_pinecrestcater.pdf,muhammadeakub,35b3e67106bb0bc487b15748ee833e35c5c8e6d02e80accd93ac1f597cf2b71f,RECEIVED 2026-10-02; 1 pages
2026-10-02T12:13:18,received,197_INV-2026-40845_harborcourier.pdf,197_INV-2026-40845_harborcourier.pdf,muhammadeakub,61b07bdb6083c3e51819958fe93e152c67cb9af9c0877b6fe5ea4fcad9858eb0,RECEIVED 2026-10-02; 2 pages
2026-10-02T12:13:18,received,198_INV-2026-71425_meridiansec.pdf,198_INV-2026-71425_meridiansec.pdf,muhammadeakub,e7ffed13db1770faeb64621123216da99c984e72a1307fb6b270d1d7e2875e94,RECEIVED 2026-10-02; 1 pages
2026-10-02T12:13:18,received,199_INV015698_oakridgefc.pdf,199_INV015698_oakridgefc.pdf,muhammadeakub,853d3ddfbc20bd2d323b57a999ffc767e14a32469475c81466bd09e78b9fe01e,RECEIVED 2026-10-02; 2 pages
2026-10-02T12:13:18,received,200_INV056808_graniterecords.pdf,200_INV056808_graniterecords.pdf,muhammadeakub,706eed4476eb3b61b18495bf7beae328247a619b47831913f2be28e17bee1845,RECEIVED 2026-10-02; 3 pages
2026-10-02T12:13:33,approved,001_24836-A_brightline.pdf,001_24836-A_brightline.pdf,muhammadeakub,3d3aca8ac78e8ccdfeda2392a95dca78c1a16135ac3c5ccfa612b8f97b6696b1,seal on last page(s) of 1
2026-10-02T12:13:33,approved,002_INV049972_northwindtx.pdf,002_INV049972_northwindtx.pdf,muhammadeakub,e6b7f51151e40feb104eafebfa8d6cc932471b14a21459bed29e8fdf8fb664b6,seal on last page(s) of 1
2026-10-02T12:13:33,approved,003_97092-A_bluewaterprint.pdf,003_97092-A_bluewaterprint.pdf,muhammadeakub,978c93dd3c5d38fd36722dc6cf6ebf4a0940b33871902fe4c137f933948eb081,seal on last page(s) of 2
2026-10-02T12:13:33,approved,004_70950-A_cascadecr.pdf,004_70950-A_cascadecr.pdf,muhammadeakub,eb6dc37ea9baa6112a6604876623bf0002b882af6accc8278a1d494f9016ddb3,seal on last page(s) of 2
2026-10-02T12:13:34,approved,005_32411-A_cascadecr.pdf,005_32411-A_cascadecr.pdf,muhammadeakub,839d1efcc16cbf6cf80566e24bf7aca9cff93fafcfe9151c5157df7b2d6125c7,seal on last page(s) of 2
2026-10-02T12:13:34,approved,006_86823_meridiansec.pdf,006_86823_meridiansec.pdf,muhammadeakub,ccf065dc7ddaaf045992d7a19dfac31476e6d206567650a4da30fe9d3de5d122,seal on last page(s) of 1
2026-10-02T12:13:34,approved,007_4654-A_bluewaterprint.pdf,007_4654-A_bluewaterprint.pdf,muhammadeakub,ff8655a6a093a5b31820c2a980bd95324e98a6876bd692dad97dc4474c1e18f4,seal on last page(s) of 2
2026-10-02T12:13:34,approved,008_92839_pinecrestcater.pdf,008_92839_pinecrestcater.pdf,muhammadeakub,f1d7274ac6fc08fce04063dab0c9e10fa9a689ffb9ef3f065239afd409e113f7,seal on last page(s) of 2
2026-10-02T12:13:34,approved,009_INV036164_bluewaterprint.pdf,009_INV036164_bluewaterprint.pdf,muhammadeakub,584f11995612fbd47951c15333ae896b951d5f2c2f7991398a37a5267f67ee23,seal on last page(s) of 1
2026-10-02T12:13:34,approved,010_70020-A_meridiansec.pdf,010_70020-A_meridiansec.pdf,muhammadeakub,6632590db8eee1b86f8268b3227aed0919e79c446343dedc1e3683664bac7d0b,seal on last page(s) of 2
2026-10-02T12:13:34,approved,011_INV-2026-51897_northwindtx.pdf,011_INV-2026-51897_northwindtx.pdf,muhammadeakub,43fb1a7bd1e858ca4fc15a7c98a076cec83d96844529e71d51d0ef586e4dff63,seal on last page(s) of 1
2026-10-02T12:13:34,approved,012_54425_pinecrestcater.pdf,012_54425_pinecrestcater.pdf,muhammadeakub,0e3076b3214cb0815e06d59d1ec5b604f2337f9167c27c1b5945715aad1b9db9,seal on last page(s) of 1
2026-10-02T12:13:34,approved,013_INV-2026-98316_harborcourier.pdf,013_INV-2026-98316_harborcourier.pdf,muhammadeakub,1d774405b6b0b92e02d2891de09b02b96323bc5023544c08cdb58a922d7917de,seal on last page(s) of 1
2026-10-02T12:13:34,approved,014_64906_oakridgefc.pdf,014_64906_oakridgefc.pdf,muhammadeakub,273e05e5f7b30b1d62f3ed1561b07a83044695dbb3e3a33ddf628eca053775ed,seal on last page(s) of 1
2026-10-02T12:13:34,approved,015_INV-2026-77458_cascadecr.pdf,015_INV-2026-77458_cascadecr.pdf,muhammadeakub,c95a4b679294729bc6e458d3f98cf19056bb77eeb0b5eb6b34bc7a6064b58e45,seal on last page(s) of 3
2026-10-02T12:13:34,approved,016_43307_bluewaterprint.pdf,016_43307_bluewaterprint.pdf,muhammadeakub,077b28a0ea7803d7a5d1babd50f5c3bc2087c2326bbd59cc2ac955d059478ce8,seal on last page(s) of 1
2026-10-02T12:13:34,approved,017_73681_brightline.pdf,017_73681_brightline.pdf,muhammadeakub,676fd5cdcd1670a553349beedf10e6d81ed036bfc59fbc04adda42a795cb067b,seal on last page(s) of 3
2026-10-02T12:13:34,approved,018_INV-2026-84206_meridiansec.pdf,018_INV-2026-84206_meridiansec.pdf,muhammadeakub,0cec9f179ecd5d7398f01665cf50d769a443292e4fbfffc985c451a9a1dd9c96,seal on last page(s) of 1
2026-10-02T12:13:34,approved,019_31623_harborcourier.pdf,019_31623_harborcourier.pdf,muhammadeakub,0cf7cd6cb0a6e60f7d297099a5344c60dabf5781e10f0fd42c670e1489485ace,seal on last page(s) of 1
2026-10-02T12:13:34,approved,020_INV-2026-32152_northwindtx.pdf,020_INV-2026-32152_northwindtx.pdf,muhammadeakub,edcd4550aecf0cdd8b84941e4330e7b45d24d2216be80edcde09c389ac93ae72,seal on last page(s) of 2
2026-10-02T12:13:34,approved,021_33409-A_summitit.pdf,021_33409-A_summitit.pdf,muhammadeakub,75666dae8a5eec76c5db6ef91908c9a8b9b6c93f6352e720e67bea52b2251cfc,seal on last page(s) of 4
2026-10-02T12:13:34,approved,022_INV-2026-84177_brightline.pdf,022_INV-2026-84177_brightline.pdf,muhammadeakub,6ea2008faf44456ccfdba587b6b132857d43d7ee4dd6f5e6951c73c1d73fb3ec,seal on last page(s) of 1
2026-10-02T12:13:34,approved,023_86916_oakridgefc.pdf,023_86916_oakridgefc.pdf,muhammadeakub,c91d528cdb780f1de383f1f5dd717c0278129e607321cdbfec0fdb28d8cb4e39,seal on last page(s) of 1
2026-10-02T12:13:34,approved,024_INV-2026-25673_northwindtx.pdf,024_INV-2026-25673_northwindtx.pdf,muhammadeakub,a41e22e8f0004483030db6d554cf478c6fc795efb9e3e6a2f860038c5119ab30,seal on last page(s) of 2
2026-10-02T12:13:34,approved,025_INV-2026-13821_summitit.pdf,025_INV-2026-13821_summitit.pdf,muhammadeakub,90a8a0599ed8e2dd154234a08dae341ca5744cc0a023d45efa18f2a2799a5fde,seal on last page(s) of 3
2026-10-02T12:13:34,approved,026_93261_northwindtx.pdf,026_93261_northwindtx.pdf,muhammadeakub,afabd61e0a6f2918a9e667f27b5010e23ede93507cc19365fb51f74ccc2cb05d,seal on last page(s) of 2
2026-10-02T12:13:34,approved,027_1223-A_pinecrestcater.pdf,027_1223-A_pinecrestcater.pdf,muhammadeakub,053631dc8104c42d2c82f13c07cd6e1f78e6e3abfa4946c6a925f16fcaa37664,seal on last page(s) of 1
2026-10-02T12:13:34,approved,028_07714_graniterecords.pdf,028_07714_graniterecords.pdf,muhammadeakub,87b64111dc1b9679272e84ec5d1b9c8de2073d23e10f296e7b53692acac69299,seal on last page(s) of 4
2026-10-02T12:13:34,approved,029_INV-2026-95674_graniterecords.pdf,029_INV-2026-95674_graniterecords.pdf,muhammadeakub,64d805a740ff1d54fa6f4a15dbd2283b7b4771b3b50e4710bb8017e21f5cba59,seal on last page(s) of 1
2026-10-02T12:13:34,approved,030_26708-A_brightline.pdf,030_26708-A_brightline.pdf,muhammadeakub,8e2152cdc0cbfb5f9195fa2dfca8233f5dd6f645059e7a6613e19c02b4a91fae,seal on last page(s) of 1
2026-10-02T12:13:34,approved,031_86873-A_brightline.pdf,031_86873-A_brightline.pdf,muhammadeakub,a1d1637143d005305e3d52b7d9e21f4e5c88f3695bf189658a9d71f55ba1429d,seal on last page(s) of 2
2026-10-02T12:13:34,approved,032_75539_meridiansec.pdf,032_75539_meridiansec.pdf,muhammadeakub,3c4d357fe202e57e5e661a3cb3a4fd11c5d3884fae450593a1cef6e72684c83b,seal on last page(s) of 1
2026-10-02T12:13:34,approved,033_INV095933_oakridgefc.pdf,033_INV095933_oakridgefc.pdf,muhammadeakub,e2640a2f49d4935cb23d58e873284ad0217c38ecbba8330e91fc5a081589c62d,seal on last page(s) of 1
2026-10-02T12:13:34,approved,034_INV-2026-75079_meridiansec.pdf,034_INV-2026-75079_meridiansec.pdf,muhammadeakub,a3ad98b3edf0dc2f0f5f113968a4b010ac1460c075e4ce6b30c810794df1354d,seal on last page(s) of 2
2026-10-02T12:13:34,approved,035_INV092286_meridiansec.pdf,035_INV092286_meridiansec.pdf,muhammadeakub,641325e5d73d68842c752520fce76e8b39f74e2e86a80175d4874dd9a25d1dab,seal on last page(s) of 1
2026-10-02T12:13:34,approved,036_INV092686_pinecrestcater.pdf,036_INV092686_pinecrestcater.pdf,muhammadeakub,6d23b887b217370f2c70e9d833a06096540f3d788962e73faea9260779c14c7f,seal on last page(s) of 1
2026-10-02T12:13:34,approved,037_37987_brightline.pdf,037_37987_brightline.pdf,muhammadeakub,11d61afa200304fab927874866333af6a9f879e5e564ead73b4db2a15faa2900,seal on last page(s) of 1
2026-10-02T12:13:34,approved,038_INV040961_summitit.pdf,038_INV040961_summitit.pdf,muhammadeakub,49ca4b898977eb607ad78bb0db8bff108ad265eddb36c3d037f4cbada60d5705,seal on last page(s) of 2
2026-10-02T12:13:34,approved,039_INV-2026-83702_meridiansec.pdf,039_INV-2026-83702_meridiansec.pdf,muhammadeakub,e872c1e8724b751984704205c212f648ebcb9be4452b5d9e6dfc72380b75a593,seal on last page(s) of 1
2026-10-02T12:13:34,approved,040_65426_oakridgefc.pdf,040_65426_oakridgefc.pdf,muhammadeakub,3a96e1a68939db923cf6f2fa40788d82aed9f7cb84d58e163a2486b8ab392ffa,seal on last page(s) of 2
2026-10-02T12:13:35,approved,041_12209-A_meridiansec.pdf,041_12209-A_meridiansec.pdf,muhammadeakub,1317821e1ed5f013733a9033e42e168e74b1f64e7566013c9ded406ec4ac68ba,seal on last page(s) of 3
2026-10-02T12:13:35,approved,042_14748-A_graniterecords.pdf,042_14748-A_graniterecords.pdf,muhammadeakub,d47b1bf6155d15891eb48f6cebd05f3cecc5413f6351dcf07028bdf3ab3db4e4,seal on last page(s) of 2
2026-10-02T12:13:35,approved,043_INV-2026-67724_pinecrestcater.pdf,043_INV-2026-67724_pinecrestcater.pdf,muhammadeakub,8f04f585ba0ec8c9752dc862c8f23811cbc7592cab2e4b13caab83d3501b8f70,seal on last page(s) of 1
2026-10-02T12:13:35,approved,044_18237_harborcourier.pdf,044_18237_harborcourier.pdf,muhammadeakub,1bebfaf260207645e6f4bd90505c4e541ebef9643fece0bdb1e78113e233f42c,seal on last page(s) of 2
2026-10-02T12:13:35,approved,045_INV-2026-99003_oakridgefc.pdf,045_INV-2026-99003_oakridgefc.pdf,muhammadeakub,681505f10ed2ecf03dce3ba504b042f20b2707287a1014c84b9f9a29e245f983,seal on last page(s) of 1
2026-10-02T12:13:35,approved,046_INV-2026-97477_summitit.pdf,046_INV-2026-97477_summitit.pdf,muhammadeakub,f61fd59233b2690ab5e7d70943db82c9d6ab18f812275419991a48152da81d54,seal on last page(s) of 2
2026-10-02T12:13:35,approved,047_70724_cascadecr.pdf,047_70724_cascadecr.pdf,muhammadeakub,cbd689c778f4d948cb505410aa1fdc0aabfdc50f43d920eea52680d466758932,seal on last page(s) of 2
2026-10-02T12:13:35,approved,048_INV029304_graniterecords.pdf,048_INV029304_graniterecords.pdf,muhammadeakub,2b8a6f55cb503e3085b2d33262bbcebc01fc7336aa3b1c182280e253f2f4c866,seal on last page(s) of 2
2026-10-02T12:13:35,approved,049_85659_graniterecords.pdf,049_85659_graniterecords.pdf,muhammadeakub,7cf3e913e37e6b6cc13aeb8f7b3b836e7c2e98deb998dfcf9ce71a0d0a57ec85,seal on last page(s) of 3
2026-10-02T12:13:35,approved,050_INV-2026-97866_meridiansec.pdf,050_INV-2026-97866_meridiansec.pdf,muhammadeakub,80e5f2e007ffad6a24c575c00f394c5f9f862b8e295925693e8dc08817194320,seal on last page(s) of 2
2026-10-02T12:13:35,approved,051_INV-2026-3014_brightline.pdf,051_INV-2026-3014_brightline.pdf,muhammadeakub,dd30304c40def4c7114bf13d97238f88fc2dbe37b859b31988c0fee18c86d4ad,seal on last page(s) of 2
2026-10-02T12:13:35,approved,052_INV028878_harborcourier.pdf,052_INV028878_harborcourier.pdf,muhammadeakub,5a021c3f0073195a0a3656194a4a92cdf8b6150360b48436af4c51c939a81374,seal on last page(s) of 1
2026-10-02T12:13:35,approved,053_INV045923_harborcourier.pdf,053_INV045923_harborcourier.pdf,muhammadeakub,a44afd31ee4b2702c8d6f81c6d9c50eafe155e73d29c50352add823e9bacd163,seal on last page(s) of 1
2026-10-02T12:13:35,approved,054_INV037429_pinecrestcater.pdf,054_INV037429_pinecrestcater.pdf,muhammadeakub,8969056fa0536049102a2d8f308086cb64868c5673e23c811a321347cec18941,seal on last page(s) of 2
2026-10-02T12:13:35,approved,055_INV049941_northwindtx.pdf,055_INV049941_northwindtx.pdf,muhammadeakub,a744849261789c1845b27b1ec8fab496274dd1fe8b1190b523371bfd7bb002f5,seal on last page(s) of 1
2026-10-02T12:13:35,approved,056_INV027590_oakridgefc.pdf,056_INV027590_oakridgefc.pdf,muhammadeakub,b5ee27b3a57198d6e570e51524f7d60f3e584899945918d2fc2a83470ddc67dc,seal on last page(s) of 3
2026-10-02T12:13:35,approved,057_76644-A_harborcourier.pdf,057_76644-A_harborcourier.pdf,muhammadeakub,a538639abbec9142b5ccb0a37b7e67ea7d26f111626382ac19f32367d371adcb,seal on last page(s) of 1
2026-10-02T12:13:35,approved,058_45721_cascadecr.pdf,058_45721_cascadecr.pdf,muhammadeakub,d2716d7425f424329c32163282eb75c3b6e795d375ce690c5669e8b620ba1c09,seal on last page(s) of 1
2026-10-02T12:13:35,approved,059_INV058184_graniterecords.pdf,059_INV058184_graniterecords.pdf,muhammadeakub,652b237ae226ebcbde893b6a4be5fa4d7a1011e68955b0e34d59d35e63de3d02,seal on last page(s) of 2
2026-10-02T12:13:35,approved,060_76869-A_harborcourier.pdf,060_76869-A_harborcourier.pdf,muhammadeakub,5dea253ea0027eb009ff22ad31b49b28164842480fe7ca776f645b26a48a0468,seal on last page(s) of 1
2026-10-02T12:13:35,approved,061_INV-2026-90352_meridiansec.pdf,061_INV-2026-90352_meridiansec.pdf,muhammadeakub,ec3ccaa2b6a1b09d5d9fb79b6f7fc0b70e28700c9ef69729668351ff5e48e21f,seal on last page(s) of 1
2026-10-02T12:13:35,approved,062_71956-A_brightline.pdf,062_71956-A_brightline.pdf,muhammadeakub,c0dde8a9f49438e72aee26436234382f334b91d2904229e5646dfe13b3c1675b,seal on last page(s) of 1
2026-10-02T12:13:35,approved,063_86418_summitit.pdf,063_86418_summitit.pdf,muhammadeakub,dfa31a9531b5b7d7e8764c37ee61ccf36b1edcad61a0cfd5ed2362f62f069aaf,seal on last page(s) of 2
2026-10-02T12:13:35,approved,064_24947_graniterecords.pdf,064_24947_graniterecords.pdf,muhammadeakub,95e41e1fec9e6f06ba739333b14b20d7472d377e8cc023836edb5daf5934c099,seal on last page(s) of 2
2026-10-02T12:13:35,approved,065_08803_pinecrestcater.pdf,065_08803_pinecrestcater.pdf,muhammadeakub,2e6b331b4e1346c18fd78c00ed608341c9a79b451c77f291acbae3eadb21abc3,seal on last page(s) of 3
2026-10-02T12:13:35,approved,066_INV-2026-16330_meridiansec.pdf,066_INV-2026-16330_meridiansec.pdf,muhammadeakub,110163760b0d3d0b5e97c2aed96d462397d1ebd14d762d4f6d0f74303a4b8551,seal on last page(s) of 2
2026-10-02T12:13:35,approved,067_47521_meridiansec.pdf,067_47521_meridiansec.pdf,muhammadeakub,1701001352d087939732ed39a6676c48eb05180eba248cb07cf2e1e7fe18b1db,seal on last page(s) of 1
2026-10-02T12:13:35,approved,068_10168_cascadecr.pdf,068_10168_cascadecr.pdf,muhammadeakub,bd99da9d4d0ac7c5f04f033fa5e66f59bbd8ea732fe4416bc616842decb7c911,seal on last page(s) of 2
2026-10-02T12:13:35,approved,069_INV-2026-91802_cascadecr.pdf,069_INV-2026-91802_cascadecr.pdf,muhammadeakub,ed86ae138e9041ae73ae3b4f2f7f62e9cf466f9e41a370e75d80db5ea13b3fe4,seal on last page(s) of 1
2026-10-02T12:13:35,approved,070_09884_pinecrestcater.pdf,070_09884_pinecrestcater.pdf,muhammadeakub,8e3130f2806f7dbe34586cc6bd76c8609a301b9c510f27fb2e2a3c139ea975c8,seal on last page(s) of 1
2026-10-02T12:13:35,approved,071_51623-A_pinecrestcater.pdf,071_51623-A_pinecrestcater.pdf,muhammadeakub,d35c00eb75a747083bb0cbd79da052d81584262e14780592746258c6357b6b63,seal on last page(s) of 3
2026-10-02T12:13:35,approved,072_55120-A_cascadecr.pdf,072_55120-A_cascadecr.pdf,muhammadeakub,ed711b8d06f514e88bf05e923932a627ad2d3bb972309c07815dc7ee5be27536,seal on last page(s) of 2
2026-10-02T12:13:35,approved,073_INV-2026-79630_bluewaterprint.pdf,073_INV-2026-79630_bluewaterprint.pdf,muhammadeakub,8753e6bb59cfe0f3d417f9f084f422c3d2b0b795bd8672446eb6e73be6fca282,seal on last page(s) of 3
2026-10-02T12:13:35,approved,074_INV-2026-26805_northwindtx.pdf,074_INV-2026-26805_northwindtx.pdf,muhammadeakub,d6d2f390b1ed92bf8e9888c02a127bc6c1ffafe162900235bbae6795d241f8db,seal on last page(s) of 1
2026-10-02T12:13:35,approved,075_90404-A_oakridgefc.pdf,075_90404-A_oakridgefc.pdf,muhammadeakub,cc93095be24635c35871524ce72dcc718b266e1927e68e326678e5a169dd933c,seal on last page(s) of 4
2026-10-02T12:13:36,approved,076_81214_brightline.pdf,076_81214_brightline.pdf,muhammadeakub,5c5cc5a442795da1fec79008a35f66786cad40ed4fe8de101917782a6145dd60,seal on last page(s) of 1
2026-10-02T12:13:36,approved,077_INV-2026-30499_bluewaterprint.pdf,077_INV-2026-30499_bluewaterprint.pdf,muhammadeakub,93db026e9aed90c00975f73c5aef89350f5ec73c8f820d5898e4fff1e1beb0f1,seal on last page(s) of 1
2026-10-02T12:13:36,approved,078_INV053992_cascadecr.pdf,078_INV053992_cascadecr.pdf,muhammadeakub,636e74bfe427a959bbc49ea96daf6e287db317c408069608634fda44a8700d16,seal on last page(s) of 2
2026-10-02T12:13:36,approved,079_88677-A_pinecrestcater.pdf,079_88677-A_pinecrestcater.pdf,muhammadeakub,204ddbebe3284009948701c294ac630c567c2e3e0de4e1e5017a396034997af8,seal on last page(s) of 2
2026-10-02T12:13:36,approved,080_INV086336_cascadecr.pdf,080_INV086336_cascadecr.pdf,muhammadeakub,3be09c8aa7340cb0f77dc81c03566954fbb161d6567a639bb681e9ecc6cc8c84,seal on last page(s) of 1
2026-10-02T12:13:36,approved,081_25158_northwindtx.pdf,081_25158_northwindtx.pdf,muhammadeakub,def8dc57cb071af911d298a12d5ba1e6e893737d052493050f33a73f03fd072e,seal on last page(s) of 2
2026-10-02T12:13:36,approved,082_INV-2026-73075_pinecrestcater.pdf,082_INV-2026-73075_pinecrestcater.pdf,muhammadeakub,dab739827b85c842a809ba5b10f401326274c1f7e92cc0177a0054f34dc3675f,seal on last page(s) of 1
2026-10-02T12:13:36,approved,083_INV070944_meridiansec.pdf,083_INV070944_meridiansec.pdf,muhammadeakub,8dfe4feb27fa8c07df0d0988c7837c60214df3f2f200011fad33bfacaa566f38,seal on last page(s) of 2
2026-10-02T12:13:36,approved,084_2222-A_cascadecr.pdf,084_2222-A_cascadecr.pdf,muhammadeakub,7a49b55538431214080e7c8203033469b49a7437d11b2619032034d1129ab669,seal on last page(s) of 1
2026-10-02T12:13:36,approved,085_40708_harborcourier.pdf,085_40708_harborcourier.pdf,muhammadeakub,f3e5c877fb479bcb0b9a282e15e5ac73dea40fb078178fa9896fb3fca6d6603e,seal on last page(s) of 1
2026-10-02T12:13:36,approved,086_INV045775_harborcourier.pdf,086_INV045775_harborcourier.pdf,muhammadeakub,6f7338712bc44658f2e334592b9f424556b03bcde786e4b9d9376238b48e8dc4,seal on last page(s) of 1
2026-10-02T12:13:36,approved,087_76860_brightline.pdf,087_76860_brightline.pdf,muhammadeakub,0fe62a24347c041f3302e6edba0080282bd04035eaa20b1dbe2e3c7c5229e648,seal on last page(s) of 4
2026-10-02T12:13:36,approved,088_INV-2026-50056_summitit.pdf,088_INV-2026-50056_summitit.pdf,muhammadeakub,0b91b430a280eca6bab92bbaff7480c7fd5c4ec7ec2726b280c10560e5220b5e,seal on last page(s) of 1
2026-10-02T12:13:36,approved,089_INV067481_graniterecords.pdf,089_INV067481_graniterecords.pdf,muhammadeakub,fbec5c98b59807d4061804792fce0fae101b3874d9a7a22b014938a7c537ec60,seal on last page(s) of 1
2026-10-02T12:13:36,approved,090_INV052384_oakridgefc.pdf,090_INV052384_oakridgefc.pdf,muhammadeakub,6f70ac5b3447aeaec8125de909d35113915a7b0b74c26faaf5e583ce1445270f,seal on last page(s) of 1
2026-10-02T12:13:36,approved,091_75034_brightline.pdf,091_75034_brightline.pdf,muhammadeakub,bf230ff3d58408d1db14c8519cb491f092d996c113cfdffe5e589883ecbbc1e8,seal on last page(s) of 1
2026-10-02T12:13:36,approved,092_90853_harborcourier.pdf,092_90853_harborcourier.pdf,muhammadeakub,6b532b8e3263e35d0f472373e2617193432965182400ebc0b7fde33e29dc682a,seal on last page(s) of 1
2026-10-02T12:13:36,approved,093_17207-A_meridiansec.pdf,093_17207-A_meridiansec.pdf,muhammadeakub,d9797b0a848e9495cc563d413e3b3e21c21cfcfe4ebc7f120b58762ebd2ee792,seal on last page(s) of 1
2026-10-02T12:13:36,approved,094_INV051237_graniterecords.pdf,094_INV051237_graniterecords.pdf,muhammadeakub,980287ded1ebe4144f7bb5a7e11baadec5c1ef4bedb6d648c171b9b25f53d6b8,seal on last page(s) of 2
2026-10-02T12:13:36,approved,095_90667_meridiansec.pdf,095_90667_meridiansec.pdf,muhammadeakub,241faac4aab1c637e4643b461efeb1ba7827451e3d3ad97abbfb820b59be8aa5,seal on last page(s) of 2
2026-10-02T12:13:36,approved,096_25375-A_brightline.pdf,096_25375-A_brightline.pdf,muhammadeakub,21c9be1516303a5d15e3666ae28afd499de2abbeafa1db3dd79de083f4841404,seal on last page(s) of 1
2026-10-02T12:13:36,approved,097_INV-2026-56249_oakridgefc.pdf,097_INV-2026-56249_oakridgefc.pdf,muhammadeakub,e8d5bc3968c67ad43297e45b548129fa54723d6d3bf2aeba3a7d1f559efbb7cb,seal on last page(s) of 1
2026-10-02T12:13:36,approved,098_84736_oakridgefc.pdf,098_84736_oakridgefc.pdf,muhammadeakub,4ee36eb77c7901da308f9d5460d1f1bd44573db51b9a8139d2932b42a635a975,seal on last page(s) of 2
2026-10-02T12:13:36,approved,099_INV056764_northwindtx.pdf,099_INV056764_northwindtx.pdf,muhammadeakub,0b97bb9d946ec4afa13ea70e55b70ddeeca2c5d46a0418cb928251930c248528,seal on last page(s) of 2
2026-10-02T12:13:36,approved,100_53498_graniterecords.pdf,100_53498_graniterecords.pdf,muhammadeakub,099592a60768e32ca161de8b7a74b513238dd3196ee1f65a841e87bfb7ca03cd,seal on last page(s) of 1
2026-10-02T12:13:36,approved,101_INV-2026-74163_northwindtx.pdf,101_INV-2026-74163_northwindtx.pdf,muhammadeakub,46b7f2ba2bd415b8ed85ad19205c20de39410b939322c34b2242759daed08726,seal on last page(s) of 3
2026-10-02T12:13:36,approved,102_INV-2026-42124_pinecrestcater.pdf,102_INV-2026-42124_pinecrestcater.pdf,muhammadeakub,78477a47e7b81cff548105ee3505ecb23a751138037d08631fc37c2bb3899e03,seal on last page(s) of 4
2026-10-02T12:13:36,approved,103_INV-2026-31296_pinecrestcater.pdf,103_INV-2026-31296_pinecrestcater.pdf,muhammadeakub,95d1984c3ddf854ed619d6924c992f96c3ffd938037ff578f70e296239b0dfbb,seal on last page(s) of 4
2026-10-02T12:13:36,approved,104_INV-2026-15738_harborcourier.pdf,104_INV-2026-15738_harborcourier.pdf,muhammadeakub,8238c4d3eea55aea0d28711f7fcf0592ebb536c36dd562347d7644255a16d40e,seal on last page(s) of 2
2026-10-02T12:13:36,approved,105_INV-2026-70724_summitit.pdf,105_INV-2026-70724_summitit.pdf,muhammadeakub,1da881c7c0ed571f910d9ff068a084c056f74cf7b8dcedceea258cdc28d8869a,seal on last page(s) of 1
2026-10-02T12:13:36,approved,106_73968-A_summitit.pdf,106_73968-A_summitit.pdf,muhammadeakub,880a8fc793f68bd9bd63e682f7d8a32f8c2f8b6a7e207656c8ef2ca2272deba9,seal on last page(s) of 2
2026-10-02T12:13:36,approved,107_56930-A_graniterecords.pdf,107_56930-A_graniterecords.pdf,muhammadeakub,e7254c3a2cf141b5774028bf5b1fed0bf4208957ec3e01c204ced1db69a72816,seal on last page(s) of 1
2026-10-02T12:13:36,approved,108_INV048537_meridiansec.pdf,108_INV048537_meridiansec.pdf,muhammadeakub,716349d52af3a1134d33168a2a89fbc5d428a279bb49d4cf61e8b4e769cf0373,seal on last page(s) of 2
2026-10-02T12:13:36,approved,109_INV027983_oakridgefc.pdf,109_INV027983_oakridgefc.pdf,muhammadeakub,7285206b6ee09cc3ba70cf8b0b38b32e9e5c04e98666327a1d856c721d7fcf1b,seal on last page(s) of 1
2026-10-02T12:13:37,approved,110_INV083440_bluewaterprint.pdf,110_INV083440_bluewaterprint.pdf,muhammadeakub,72e0ef7c83c1accd76d51af65204270779a3e505eb789789905297337663178b,seal on last page(s) of 2
2026-10-02T12:13:37,approved,111_85855_oakridgefc.pdf,111_85855_oakridgefc.pdf,muhammadeakub,d6ba32d25094b172e3c30cf8f27bacd1b23e27a53dbc32c95b5bce742df9cfe0,seal on last page(s) of 1
2026-10-02T12:13:37,approved,112_INV-2026-33658_meridiansec.pdf,112_INV-2026-33658_meridiansec.pdf,muhammadeakub,02d60fa27dba4c485cb4a9acf214fbaa1a4ea26d31395775228a40b9d39930d0,seal on last page(s) of 1
2026-10-02T12:13:37,approved,113_66194_pinecrestcater.pdf,113_66194_pinecrestcater.pdf,muhammadeakub,79bf37db64e1cceb43c42caf320203d9078b1d340e48d02c93d9a9b220395a79,seal on last page(s) of 1
2026-10-02T12:13:37,approved,114_INV-2026-78056_harborcourier.pdf,114_INV-2026-78056_harborcourier.pdf,muhammadeakub,148d445be7708de0aca69bf94cc16d3da46cf3cef8668f1f98c5f91c8471b19a,seal on last page(s) of 1
2026-10-02T12:13:37,approved,115_INV-2026-1307_brightline.pdf,115_INV-2026-1307_brightline.pdf,muhammadeakub,51a7b7035e545719d356c1db4e58d2790299f6101326f25e2763ba074235fae4,seal on last page(s) of 2
2026-10-02T12:13:37,approved,116_69668_pinecrestcater.pdf,116_69668_pinecrestcater.pdf,muhammadeakub,b8187d7cdd3f7c7129805a7eaae5caac79d377992149ab9b0ebe38cf8563811b,seal on last page(s) of 1
2026-10-02T12:13:37,approved,117_3518-A_oakridgefc.pdf,117_3518-A_oakridgefc.pdf,muhammadeakub,9c53ca5bf1c5298f6b3551cd69ecc7b466a8804dab28cf8581718b79047ef379,seal on last page(s) of 1
2026-10-02T12:13:37,approved,118_INV048262_harborcourier.pdf,118_INV048262_harborcourier.pdf,muhammadeakub,f00ee1df5490fd227ff650f1022da15f1013679122bfc164561cbfd8e1b2bc4a,seal on last page(s) of 1
2026-10-02T12:13:37,approved,119_91859-A_cascadecr.pdf,119_91859-A_cascadecr.pdf,muhammadeakub,b19aa8be361055638bee2371a4eec1e15461b96470dede9c057717968ce3f181,seal on last page(s) of 1
2026-10-02T12:13:37,approved,120_58177-A_cascadecr.pdf,120_58177-A_cascadecr.pdf,muhammadeakub,82599b43254d4ba8541311e0ce3516bddadb919ff5eac9114d698b357093c928,seal on last page(s) of 4
2026-10-02T12:13:37,approved,121_80681_graniterecords.pdf,121_80681_graniterecords.pdf,muhammadeakub,feec93946594f2280672c7f19f44aba4babbd82c13c14936b1fb5d2f21d908ad,seal on last page(s) of 2
2026-10-02T12:13:37,approved,122_INV-2026-6292_cascadecr.pdf,122_INV-2026-6292_cascadecr.pdf,muhammadeakub,f24cbc63decbb902d69431610135b3d94fba19f3738384e1fe5ee2e39b1c62dc,seal on last page(s) of 2
2026-10-02T12:13:37,approved,123_INV021895_summitit.pdf,123_INV021895_summitit.pdf,muhammadeakub,d1822085cf12874e36e03ca028e9952c5810c36c006a1ed7fae91fb3310c41fb,seal on last page(s) of 2
2026-10-02T12:13:37,approved,124_INV-2026-57167_northwindtx.pdf,124_INV-2026-57167_northwindtx.pdf,muhammadeakub,f0f4e72df2af05dcbee1d2f3e7416ec4985ca623ad5eea9ec36238d509f10cc3,seal on last page(s) of 1
2026-10-02T12:13:37,approved,125_INV-2026-39816_summitit.pdf,125_INV-2026-39816_summitit.pdf,muhammadeakub,3f6fc85c0cdaf4476eb4a04cda099b4fff6fb0f86aa80181e1438c0d5a5da3f1,seal on last page(s) of 1
2026-10-02T12:13:37,approved,126_56446-A_harborcourier.pdf,126_56446-A_harborcourier.pdf,muhammadeakub,bc76eaa25a5fc94c23990e245612468c4d3d9be2bd88bf30c4227e8042ef0534,seal on last page(s) of 1
2026-10-02T12:13:37,approved,127_INV-2026-24993_cascadecr.pdf,127_INV-2026-24993_cascadecr.pdf,muhammadeakub,02aed3896b6f5ee8a6b087320fe380d36b4b86ba3fe8fafd01b79b3be1d5a26c,seal on last page(s) of 2
2026-10-02T12:13:37,approved,128_39599-A_summitit.pdf,128_39599-A_summitit.pdf,muhammadeakub,cbdea203f2e63b2f877665933e9ae93584fabe337955be95488481ea1a0ec8bb,seal on last page(s) of 1
2026-10-02T12:13:37,approved,129_68529-A_graniterecords.pdf,129_68529-A_graniterecords.pdf,muhammadeakub,c4984b3487b22ea9442cbb0bb6d5169c34aa9f161df192fdb4960ae9b263ba29,seal on last page(s) of 1
2026-10-02T12:13:37,approved,130_9816-A_brightline.pdf,130_9816-A_brightline.pdf,muhammadeakub,f485f1388f7434c54fb4e462f053b35d75924b9be62a735e8235ece3185e937e,seal on last page(s) of 2
2026-10-02T12:13:37,approved,131_80865-A_oakridgefc.pdf,131_80865-A_oakridgefc.pdf,muhammadeakub,2c04e8479827578856432e2b18f6c552077880451a88743c0e40729ca9a1f1b2,seal on last page(s) of 1
2026-10-02T12:13:37,approved,132_57599_graniterecords.pdf,132_57599_graniterecords.pdf,muhammadeakub,3f21a4f5ab1c86cf942a8bed5cfdc0f7c5f9e84ef6840d4ed00719720132befc,seal on last page(s) of 1
2026-10-02T12:13:37,approved,133_INV091049_pinecrestcater.pdf,133_INV091049_pinecrestcater.pdf,muhammadeakub,19eb546b68c233e9666b4a5e47793cf521d03d9a2fac92cb2df5a9252dd6108d,seal on last page(s) of 1
2026-10-02T12:13:37,approved,134_38886_meridiansec.pdf,134_38886_meridiansec.pdf,muhammadeakub,4adc34e10a24266c80048729e5b9b5087d5e6ca46d58919c3fe14192e76078e1,seal on last page(s) of 1
2026-10-02T12:13:37,approved,135_INV-2026-57859_oakridgefc.pdf,135_INV-2026-57859_oakridgefc.pdf,muhammadeakub,455d99861b640cb186389b155b6eab37403b7d57eb9a79cbb883a4c07460f57e,seal on last page(s) of 1
2026-10-02T12:13:37,approved,136_INV-2026-99167_pinecrestcater.pdf,136_INV-2026-99167_pinecrestcater.pdf,muhammadeakub,07d74c9353ba61ab3ebcab54589fb59c703e9afaa74d2beae0de526199ac819c,seal on last page(s) of 2
2026-10-02T12:13:37,approved,137_INV-2026-9636_oakridgefc.pdf,137_INV-2026-9636_oakridgefc.pdf,muhammadeakub,9bb7c897222ec7eeaea17b79a25ac88565983691e0bfe0719892714a9b6c6a6f,seal on last page(s) of 2
2026-10-02T12:13:37,approved,138_42722_northwindtx.pdf,138_42722_northwindtx.pdf,muhammadeakub,52ea004edfa8b14dc9a442e80286d13b8e94eb2f292d0b665489b3cf5a790166,seal on last page(s) of 1
2026-10-02T12:13:37,approved,139_67920_bluewaterprint.pdf,139_67920_bluewaterprint.pdf,muhammadeakub,83dc357756070dc95f42463c0b96e0cd9e371929f269c1bd4270ca44855b3302,seal on last page(s) of 2
2026-10-02T12:13:37,approved,140_72601_harborcourier.pdf,140_72601_harborcourier.pdf,muhammadeakub,ca52959bd0fd9a8109a6872ffdbc569c5cd246a5d10d84d0970f3457047b305b,seal on last page(s) of 1
2026-10-02T12:13:37,approved,141_36504-A_harborcourier.pdf,141_36504-A_harborcourier.pdf,muhammadeakub,a4a5d6fe020864a03cad83c80e27b1d0c2db999f51f05180a51282206462ea6e,seal on last page(s) of 1
2026-10-02T12:13:37,approved,142_INV068090_pinecrestcater.pdf,142_INV068090_pinecrestcater.pdf,muhammadeakub,f031361ac287f00fc93df33462e23462ea9c764e50b24af3b5852ea62ba3e251,seal on last page(s) of 1
2026-10-02T12:13:37,approved,143_65338_harborcourier.pdf,143_65338_harborcourier.pdf,muhammadeakub,fa1c8af98a3ae61643715a04ffd0d2d610681947500961a07a2fafe93d180041,seal on last page(s) of 1
2026-10-02T12:13:37,approved,144_INV048866_meridiansec.pdf,144_INV048866_meridiansec.pdf,muhammadeakub,27899a7f626703b0391663e9f126795d3dc43556a1725e6b0e4629f247a7ec6a,seal on last page(s) of 1
2026-10-02T12:13:38,approved,145_13355-A_meridiansec.pdf,145_13355-A_meridiansec.pdf,muhammadeakub,f124e35a417e10435b2706b438d4d1182a8c1150102423232a49949051f2d93a,seal on last page(s) of 1
2026-10-02T12:13:38,approved,146_14563-A_harborcourier.pdf,146_14563-A_harborcourier.pdf,muhammadeakub,59bbe9174630a10a0b03b8b2978a1ef31aba5d2041c30f81b8ba11a504ed632c,seal on last page(s) of 2
2026-10-02T12:13:38,approved,147_INV-2026-63922_bluewaterprint.pdf,147_INV-2026-63922_bluewaterprint.pdf,muhammadeakub,81ac632699269b09d6c20b13e3af29a4e17be06c96d3d3d4602a29d95db31205,seal on last page(s) of 1
2026-10-02T12:13:38,approved,148_03211_oakridgefc.pdf,148_03211_oakridgefc.pdf,muhammadeakub,276dc2f53f43883326da9a99da59ae168ffc163ae956f6aed8caf266bb149a25,seal on last page(s) of 2
2026-10-02T12:13:38,approved,149_89284_northwindtx.pdf,149_89284_northwindtx.pdf,muhammadeakub,c96c86b58726fd5f74d7cfeaf02e2c49ea5e68a9c4da0881a94f3b3011a4f1d4,seal on last page(s) of 2
2026-10-02T12:13:38,approved,150_35398_cascadecr.pdf,150_35398_cascadecr.pdf,muhammadeakub,6e487a0cb519c7a742ba60eabbe8cfb30baf6150adeb3bab27b61681b38c76ab,seal on last page(s) of 1
2026-10-02T12:13:38,approved,151_INV094667_graniterecords.pdf,151_INV094667_graniterecords.pdf,muhammadeakub,7fa3796237ca7903ee88d67fb27dc6cd6970d6b8b50a4570e0b279cd246485dd,seal on last page(s) of 1
2026-10-02T12:13:38,approved,152_85946-A_northwindtx.pdf,152_85946-A_northwindtx.pdf,muhammadeakub,eeb75c5c6f259d5d351110d53029bc2ab547095b3f8aeda892726cfd2345783f,seal on last page(s) of 1
2026-10-02T12:13:38,approved,154_INV-2026-13623_summitit.pdf,154_INV-2026-13623_summitit.pdf,muhammadeakub,e9d08f8e4cda19ec592be2358b6c3beb1e5f3a8978784df5dbf2ee0fd4b55d6a,seal on last page(s) of 3
2026-10-02T12:13:38,approved,155_25414-A_harborcourier.pdf,155_25414-A_harborcourier.pdf,muhammadeakub,e9e45eab7edd2eb749c1f686037ea74b16ff6b054a102e8d24cdc4055351975b,seal on last page(s) of 2
2026-10-02T12:13:38,approved,156_76780_meridiansec.pdf,156_76780_meridiansec.pdf,muhammadeakub,12a3d99a87c71d7a9a5455c8a8b1a88fa8213f7845d71e63e1270afa9170fb1c,seal on last page(s) of 3
2026-10-02T12:13:38,approved,157_INV-2026-19980_cascadecr.pdf,157_INV-2026-19980_cascadecr.pdf,muhammadeakub,63eac2cb6d78afc3ce7fc1f9f0943af67cb7bf7605b1840bd6ec403862af40cd,seal on last page(s) of 3
2026-10-02T12:13:38,approved,158_17314-A_oakridgefc.pdf,158_17314-A_oakridgefc.pdf,muhammadeakub,f682b9a018960039c714834f729c64c3ca41c7616227826f3478e05e981ad07d,seal on last page(s) of 4
2026-10-02T12:13:38,approved,159_INV062173_cascadecr.pdf,159_INV062173_cascadecr.pdf,muhammadeakub,28857ed4fbf2be0e21843e30b35ed03ff25b4509d9ec4b52c3a44d35832de87e,seal on last page(s) of 1
2026-10-02T12:13:38,approved,160_INV-2026-57007_oakridgefc.pdf,160_INV-2026-57007_oakridgefc.pdf,muhammadeakub,d8412ed0f8ed78260adbbe77214cac15c3c5dedbab17b75689f01b370dd57fb0,seal on last page(s) of 1
2026-10-02T12:13:38,approved,161_17570_harborcourier.pdf,161_17570_harborcourier.pdf,muhammadeakub,e037964e1a123d8ca7a7b5a192f8e21cad353ed554ef134af9cf88e88b196404,seal on last page(s) of 2
2026-10-02T12:13:38,approved,162_26344_northwindtx.pdf,162_26344_northwindtx.pdf,muhammadeakub,db056a414383e4ac7eccd144acb09b29e472e9ff15871a341de853028a1d7c11,seal on last page(s) of 1
2026-10-02T12:13:38,approved,163_90331-A_northwindtx.pdf,163_90331-A_northwindtx.pdf,muhammadeakub,ad089d1884c3c1c2fe77a63fdaaa16bf59894bebf9640b80abe0f1b0d88435ec,seal on last page(s) of 2
2026-10-02T12:13:38,approved,165_INV063712_pinecrestcater.pdf,165_INV063712_pinecrestcater.pdf,muhammadeakub,6a18cca6fd430aec44200c8c7119cf1605b1fe89ac51615355c444903d7d9f38,seal on last page(s) of 2
2026-10-02T12:13:38,approved,166_20367_oakridgefc.pdf,166_20367_oakridgefc.pdf,muhammadeakub,7b7672a56ea1478bc70a5ae860cb6e9090df8c2d26ba309ca3e614c0cd464744,seal on last page(s) of 1
2026-10-02T12:13:38,approved,167_19121_oakridgefc.pdf,167_19121_oakridgefc.pdf,muhammadeakub,e6c47d236984efb20a5966b02283f74b5ea4de573b24979fa32a1c4f047e29fa,seal on last page(s) of 2
2026-10-02T12:13:38,approved,168_INV-2026-21933_graniterecords.pdf,168_INV-2026-21933_graniterecords.pdf,muhammadeakub,4a6fae48014abc7a1db9159c98ef783926cd08179b069696f4815481ccb7a70a,seal on last page(s) of 1
2026-10-02T12:13:38,approved,169_INV023663_graniterecords.pdf,169_INV023663_graniterecords.pdf,muhammadeakub,ebf9518cd264b031c67f73c623727614d65e26aac42b1b20ffaa0f09b5eccf60,seal on last page(s) of 1
2026-10-02T12:13:38,approved,170_17652_meridiansec.pdf,170_17652_meridiansec.pdf,muhammadeakub,6b9594730e0fc08efcd0bb5f3adc21c308870b4aa9066ec3fb996141d3087005,seal on last page(s) of 2
2026-10-02T12:13:38,approved,171_84509_cascadecr.pdf,171_84509_cascadecr.pdf,muhammadeakub,49dfd44d85c90e0c1bd1fd23a1b84b6f80e91073edc0e84a2b2249a45ef72a97,seal on last page(s) of 1
2026-10-02T12:13:38,approved,172_38939_northwindtx.pdf,172_38939_northwindtx.pdf,muhammadeakub,d2d3d563cb6a555b710abcc8a9bf8693cfabf4a483c2271f5e0ba9bec6f59f9f,seal on last page(s) of 1
2026-10-02T12:13:38,approved,173_83744-A_cascadecr.pdf,173_83744-A_cascadecr.pdf,muhammadeakub,3a875f24ca8c2d3d883235be613c25512ab663638a1e4bee832c503763782e27,seal on last page(s) of 1
2026-10-02T12:13:38,approved,174_INV091064_brightline.pdf,174_INV091064_brightline.pdf,muhammadeakub,7c328b34353d065d3c5b4eabe4fe838f1dc809b6ff75548af92569ccf202c116,seal on last page(s) of 2
2026-10-02T12:13:38,approved,175_76648-A_bluewaterprint.pdf,175_76648-A_bluewaterprint.pdf,muhammadeakub,4a9d9a910e65f241e89f55863c58916cfbf0953e2275c716b4247b9cd136418c,seal on last page(s) of 1
2026-10-02T12:13:38,approved,176_12079_northwindtx.pdf,176_12079_northwindtx.pdf,muhammadeakub,8c0f94adf100c84dba01dbd1eaa68afdbd02e0e777d9d22660f3f5d2c52c83eb,seal on last page(s) of 1
2026-10-02T12:13:38,approved,177_20006_cascadecr.pdf,177_20006_cascadecr.pdf,muhammadeakub,35294369817d29f130083c6950503ccec918cf105c4b7c78a67dcd64fcddd056,seal on last page(s) of 3
2026-10-02T12:13:38,approved,179_93128_summitit.pdf,179_93128_summitit.pdf,muhammadeakub,21cfeea9bb79d51dc7221f706729e2c0e6a4732e2e7b3a575470f25e0ef1cab1,seal on last page(s) of 1
2026-10-02T12:13:38,approved,180_INV057229_harborcourier.pdf,180_INV057229_harborcourier.pdf,muhammadeakub,041b6da7aa9fcbcd57f00db1f4d6b99d69d4c4fedee2af20f9dce3874ac2dac3,seal on last page(s) of 2
2026-10-02T12:13:38,approved,182_82779_harborcourier.pdf,182_82779_harborcourier.pdf,muhammadeakub,0c0de15c4bbe1775a5ddc3dd137376bb35f7aa3cf280c6a1ca1f29395e4b952f,seal on last page(s) of 3
2026-10-02T12:13:38,approved,183_INV-2026-48880_meridiansec.pdf,183_INV-2026-48880_meridiansec.pdf,muhammadeakub,6c4251fbe6e2d5394cbd07b6bfc76fa2b9146ac5ebde4bf72616b417406ca26c,seal on last page(s) of 2
2026-10-02T12:13:38,approved,184_41809-A_brightline.pdf,184_41809-A_brightline.pdf,muhammadeakub,20ce598967dcfabd28a9743202694f9e7e8c0c0eb8755caed25559d262f0db30,seal on last page(s) of 1
2026-10-02T12:13:39,approved,185_INV082045_graniterecords.pdf,185_INV082045_graniterecords.pdf,muhammadeakub,6ff194c2a7ad15579f0fa7ed52503ad898234e59c1123a6f6af13efece7c60fb,seal on last page(s) of 1
2026-10-02T12:13:39,approved,186_INV-2026-1175_pinecrestcater.pdf,186_INV-2026-1175_pinecrestcater.pdf,muhammadeakub,89a996bec47f00225db53b16afc9489da974ea81b8bce8e64df402c3e1df0801,seal on last page(s) of 3
2026-10-02T12:13:39,approved,187_12097_brightline.pdf,187_12097_brightline.pdf,muhammadeakub,241bb0d328ec3a3fb3389a9564eddaa808fdcfb1ff00d45d988f53b4165edd88,seal on last page(s) of 3
2026-10-02T12:13:39,approved,188_51189_brightline.pdf,188_51189_brightline.pdf,muhammadeakub,45222f16b55971e33904a999c863e35368dd6d2d5244a26520ca67e6a26c88a5,seal on last page(s) of 1
2026-10-02T12:13:39,approved,189_54796_harborcourier.pdf,189_54796_harborcourier.pdf,muhammadeakub,a9adc2700def67851e06addef9de9b8a4633f9ca361baa69a77dc2b4fbf7c3b4,seal on last page(s) of 2
2026-10-02T12:13:39,approved,190_INV-2026-35842_northwindtx.pdf,190_INV-2026-35842_northwindtx.pdf,muhammadeakub,0783122d9f0695362e1988e9b8296a28f8783df2a0dde13f2e7b6dcccff1a63e,seal on last page(s) of 4
2026-10-02T12:13:39,approved,191_87683_bluewaterprint.pdf,191_87683_bluewaterprint.pdf,muhammadeakub,8e065a0f6249b2712740f906460c259a701e2a107841c6da8c1deee65ecfc9b2,seal on last page(s) of 4
2026-10-02T12:13:39,approved,192_INV010127_summitit.pdf,192_INV010127_summitit.pdf,muhammadeakub,6752f525800ffebce31f057bcfdacdf0c5569dc37ec5f33b66baa66425c193a7,seal on last page(s) of 4
2026-10-02T12:13:39,approved,193_62447_meridiansec.pdf,193_62447_meridiansec.pdf,muhammadeakub,ed3d2c203bd100c29e263b28954dfdc1a8dc6b4b2bf2e0e0d434af67a506443b,seal on last page(s) of 1
2026-10-02T12:13:39,approved,194_INV-2026-90739_brightline.pdf,194_INV-2026-90739_brightline.pdf,muhammadeakub,e1fffea30e66e0be9a9e802562432110ab61c9e3e7d8e9462cb7630660602152,seal on last page(s) of 1
2026-10-02T12:13:39,approved,195_INV099929_northwindtx.pdf,195_INV099929_northwindtx.pdf,muhammadeakub,e7fb5d7d38af6ae2fe1ebbfcac6b0407f322daf9186dfbaebd4ff735982a6b02,seal on last page(s) of 2
2026-10-02T12:13:39,approved,196_INV-2026-91101_pinecrestcater.pdf,196_INV-2026-91101_pinecrestcater.pdf,muhammadeakub,1d6ebbd3c67347d2fbc95bcfc6762dd9614a25cacd389aeace150daf91f496ab,seal on last page(s) of 1
2026-10-02T12:13:39,approved,197_INV-2026-40845_harborcourier.pdf,197_INV-2026-40845_harborcourier.pdf,muhammadeakub,97a467de439646cb100bac7a7a759f037cda7974c3df996d5da698ab756e29ce,seal on last page(s) of 2
2026-10-02T12:13:39,approved,198_INV-2026-71425_meridiansec.pdf,198_INV-2026-71425_meridiansec.pdf,muhammadeakub,eaa1d36dcfde621707a1c49d18c48e4ac03c4069bc97429183a47d9b8887f111,seal on last page(s) of 1
2026-10-02T12:13:39,approved,199_INV015698_oakridgefc.pdf,199_INV015698_oakridgefc.pdf,muhammadeakub,e65316322610c8bbc8c4a2a5fba6805b283b82fa698d84906cbd2b7414fe4c76,seal on last page(s) of 2
2026-10-02T12:13:39,approved,200_INV056808_graniterecords.pdf,200_INV056808_graniterecords.pdf,muhammadeakub,9b047169d670e582f573a6b4e03c0ef0ad74dfb229497f3b74ee7cf9f9110a9d,seal on last page(s) of 3
2026-10-02T14:22:54,received,001_24836-A_brightline.pdf,001_24836-A_brightline.pdf,muhammadeakub,20667beedfe1242ac0ab8f4c7347fc9355815478a631532ae951685e0d4c8886,RECEIVED 2026-10-02; 1 pages
2026-10-02T14:22:54,received,002_INV049972_northwindtx.pdf,002_INV049972_northwindtx.pdf,muhammadeakub,7a7c5efb23bc4c04209033b552b1ffc7b0e7c73e481df777eba7a774962c1730,RECEIVED 2026-10-02; 1 pages
2026-10-02T14:22:54,received,003_97092-A_bluewaterprint.pdf,003_97092-A_bluewaterprint.pdf,muhammadeakub,1c350aebb103e19f479b6c585ab7066caa22cb6e01783e46ae30bd2c87727acb,RECEIVED 2026-10-02; 2 pages
2026-10-02T14:22:54,received,004_70950-A_cascadecr.pdf,004_70950-A_cascadecr.pdf,muhammadeakub,94552e0aec42f2172b7d1ad9f239e719ecc42cc713a5cab7f8a53cd3a85d1f1d,RECEIVED 2026-10-02; 2 pages
2026-10-02T14:22:54,received,005_32411-A_cascadecr.pdf,005_32411-A_cascadecr.pdf,muhammadeakub,18c162891cb886d5a34e05ae36bc91863cad32db74eea438a50d5909db5a2a33,RECEIVED 2026-10-02; 2 pages
2026-10-02T14:22:54,received,006_86823_meridiansec.pdf,006_86823_meridiansec.pdf,muhammadeakub,235039834981f1abfbae024c6afd41ffef23e4dbc9e8f7d4f9da69401e2b3fc6,RECEIVED 2026-10-02; 1 pages
2026-10-02T14:22:54,received,007_4654-A_bluewaterprint.pdf,007_4654-A_bluewaterprint.pdf,muhammadeakub,d3423bb0810e8bd89ce95b1701ea8eed32169bae2ee01c6bb93eafd09554401e,RECEIVED 2026-10-02; 2 pages
2026-10-02T14:22:54,received,008_92839_pinecrestcater.pdf,008_92839_pinecrestcater.pdf,muhammadeakub,6c21e53f33b685fbb47f051332e567b0cee9dcb10f3f7a1d9df6d7b6709c46b6,RECEIVED 2026-10-02; 2 pages
2026-10-02T14:22:54,received,009_INV036164_bluewaterprint.pdf,009_INV036164_bluewaterprint.pdf,muhammadeakub,85d182607d06382859e92ecc69d565c9e2c915f65a5100a9b4e18d85250f1d38,RECEIVED 2026-10-02; 1 pages
2026-10-02T14:22:54,received,010_70020-A_meridiansec.pdf,010_70020-A_meridiansec.pdf,muhammadeakub,b2b9d4ce708b8e330f35fa4cb293cf4000ed650293bd51e7bb977cd6d6f586ac,RECEIVED 2026-10-02; 2 pages
2026-10-02T14:22:54,received,011_INV-2026-51897_northwindtx.pdf,011_INV-2026-51897_northwindtx.pdf,muhammadeakub,4abe03c368866303ee79064240f5b2f967fa8047deb1a75960c8efffc39f384c,RECEIVED 2026-10-02; 1 pages
2026-10-02T14:22:54,received,012_54425_pinecrestcater.pdf,012_54425_pinecrestcater.pdf,muhammadeakub,b2dd93d198d4955a7094f46e9af177431df6b17cb0a5c6ccfe11c5d2fa9a0e05,RECEIVED 2026-10-02; 1 pages
2026-10-02T14:22:54,received,013_INV-2026-98316_harborcourier.pdf,013_INV-2026-98316_harborcourier.pdf,muhammadeakub,d84ab0d7e430903542b7cbf3810b20cab7fab89dde2c92bde944bb2a7142c58c,RECEIVED 2026-10-02; 1 pages
2026-10-02T14:22:54,received,014_64906_oakridgefc.pdf,014_64906_oakridgefc.pdf,muhammadeakub,3437734005b11e919f528e8eef3bd13f310900fb8f2a27d4e2ba99cedd91644d,RECEIVED 2026-10-02; 1 pages
2026-10-02T14:22:54,received,015_INV-2026-77458_cascadecr.pdf,015_INV-2026-77458_cascadecr.pdf,muhammadeakub,c43412ae836e84957976c62ee902628da580dd4d9f2ea78170df5acfbe07acae,RECEIVED 2026-10-02; 3 pages
2026-10-02T14:22:54,received,016_43307_bluewaterprint.pdf,016_43307_bluewaterprint.pdf,muhammadeakub,b9ff157f6052831a083e1062a72e09e085efd295fb0be1211e9d4b396e295bf7,RECEIVED 2026-10-02; 1 pages
2026-10-02T14:22:54,received,017_73681_brightline.pdf,017_73681_brightline.pdf,muhammadeakub,88ca7bca8edade3f12af4f04987233834089f403547375ed286f8e25b0abf7c1,RECEIVED 2026-10-02; 3 pages
2026-10-02T14:22:54,received,018_INV-2026-84206_meridiansec.pdf,018_INV-2026-84206_meridiansec.pdf,muhammadeakub,7c49055b13a0c3b06c47cf108f7bec3d4ac2cb7a931f4dfd935a44e11c7d068b,RECEIVED 2026-10-02; 1 pages
2026-10-02T14:22:54,received,019_31623_harborcourier.pdf,019_31623_harborcourier.pdf,muhammadeakub,63bdb2a07d868451e17bd55336d05c204e36c522589e43e55ce9d2e154802b06,RECEIVED 2026-10-02; 1 pages
2026-10-02T14:22:54,received,020_INV-2026-32152_northwindtx.pdf,020_INV-2026-32152_northwindtx.pdf,muhammadeakub,850d8301530566a17de7c258107227805e0bc92685b9f241dcc369b91291e5f7,RECEIVED 2026-10-02; 2 pages
2026-10-02T14:22:54,received,021_33409-A_summitit.pdf,021_33409-A_summitit.pdf,muhammadeakub,a39c2784f557457b18774340f63da801b6f84f2af085b7eb6a7fdb85d354dc50,RECEIVED 2026-10-02; 4 pages
2026-10-02T14:22:54,received,022_INV-2026-84177_brightline.pdf,022_INV-2026-84177_brightline.pdf,muhammadeakub,3688128a776c001787e29984477866b15e369dc113d4cd83de511b7230f82c4e,RECEIVED 2026-10-02; 1 pages
2026-10-02T14:22:54,received,023_86916_oakridgefc.pdf,023_86916_oakridgefc.pdf,muhammadeakub,209c96a16daeffb9c54a4ae2b288b7cb4f5d7426132c185b983e36b081ccdf47,RECEIVED 2026-10-02; 1 pages
2026-10-02T14:22:54,received,024_INV-2026-25673_northwindtx.pdf,024_INV-2026-25673_northwindtx.pdf,muhammadeakub,9b58b67126995b1689da5acc5204c9770afd6f6d95a5ad64281792c3aeb676c8,RECEIVED 2026-10-02; 2 pages
2026-10-02T14:22:54,received,025_INV-2026-13821_summitit.pdf,025_INV-2026-13821_summitit.pdf,muhammadeakub,140fe65ce4416e84aeb9d817410df2658ededf64b7b328caa7d436c8345bc0fd,RECEIVED 2026-10-02; 3 pages
2026-10-02T14:22:54,received,026_93261_northwindtx.pdf,026_93261_northwindtx.pdf,muhammadeakub,27c3db8a655a4112d06387c2bf51272d1d0bc103b6c5bc5bcd077e47b0bb76ae,RECEIVED 2026-10-02; 2 pages
2026-10-02T14:22:54,received,027_1223-A_pinecrestcater.pdf,027_1223-A_pinecrestcater.pdf,muhammadeakub,b4e89927bd3c5ba0b2ffbd92c35ecb1c78d9f7262ea955990fdff9e0fc9fc891,RECEIVED 2026-10-02; 1 pages
2026-10-02T14:22:54,received,028_07714_graniterecords.pdf,028_07714_graniterecords.pdf,muhammadeakub,bfd6dc84b6d6b25e777b8c45c8eb5b05a02b55c455704a71e52e71f2ce0155c7,RECEIVED 2026-10-02; 4 pages
2026-10-02T14:22:54,received,029_INV-2026-95674_graniterecords.pdf,029_INV-2026-95674_graniterecords.pdf,muhammadeakub,5d743461b6a0bf5983f0a4a0b736188cffb80c33809a2c2bac5178f0f88880f5,RECEIVED 2026-10-02; 1 pages
2026-10-02T14:22:54,received,030_26708-A_brightline.pdf,030_26708-A_brightline.pdf,muhammadeakub,4364cf69c33cbd23de49f8acf0e88e250ec35e585e1e7d8856e780dcdccffa0f,RECEIVED 2026-10-02; 1 pages
2026-10-02T14:22:54,received,031_86873-A_brightline.pdf,031_86873-A_brightline.pdf,muhammadeakub,874a7979ac2c384f4f1629eaf80b6e74b40ba37f0ff0cca78d1710781c877859,RECEIVED 2026-10-02; 2 pages
2026-10-02T14:22:54,received,032_75539_meridiansec.pdf,032_75539_meridiansec.pdf,muhammadeakub,f85c2975e3619a66c764832f32ead6b81e39da46de22bc08c1af48c6936cd458,RECEIVED 2026-10-02; 1 pages
2026-10-02T14:22:54,received,033_INV095933_oakridgefc.pdf,033_INV095933_oakridgefc.pdf,muhammadeakub,a04b620d5af7e7c314e2e93876fb80b9213cbbbad20eaf08200281cb10b17589,RECEIVED 2026-10-02; 1 pages
2026-10-02T14:22:54,received,034_INV-2026-75079_meridiansec.pdf,034_INV-2026-75079_meridiansec.pdf,muhammadeakub,13135d6519523b2c901693c21e215abec54cf77a55a32cd545e30e7746c330d9,RECEIVED 2026-10-02; 2 pages
2026-10-02T14:22:54,received,035_INV092286_meridiansec.pdf,035_INV092286_meridiansec.pdf,muhammadeakub,c917496a6788d188892ed2a20d7173b18a0f1b3bf476bf25485b2a94b8cbb9eb,RECEIVED 2026-10-02; 1 pages
2026-10-02T14:22:54,received,036_INV092686_pinecrestcater.pdf,036_INV092686_pinecrestcater.pdf,muhammadeakub,ecfa1b547e751cca023c7ddee47813b10f2a9847140a79c393ad8d5f40516395,RECEIVED 2026-10-02; 1 pages
2026-10-02T14:22:54,received,037_37987_brightline.pdf,037_37987_brightline.pdf,muhammadeakub,0ba30971e2f9373063eea4199f8ab15ec4dc9b107c4940405385eac86314bbae,RECEIVED 2026-10-02; 1 pages
2026-10-02T14:22:54,received,038_INV040961_summitit.pdf,038_INV040961_summitit.pdf,muhammadeakub,ba3b7abef46a7076a0e3d7b031cbefa80904086e9553c3c426559867ab90a6db,RECEIVED 2026-10-02; 2 pages
2026-10-02T14:22:54,received,039_INV-2026-83702_meridiansec.pdf,039_INV-2026-83702_meridiansec.pdf,muhammadeakub,e1ac1715825e9574f686e828002f75a767b16d08ea6be561917d49dd40de5b9f,RECEIVED 2026-10-02; 1 pages
2026-10-02T14:22:54,received,040_65426_oakridgefc.pdf,040_65426_oakridgefc.pdf,muhammadeakub,1c0c5b0242f81a4b243d341f5abea40b36209a853a578d49dc567ea9fea904d3,RECEIVED 2026-10-02; 2 pages
2026-10-02T14:22:54,received,041_12209-A_meridiansec.pdf,041_12209-A_meridiansec.pdf,muhammadeakub,bf8d86df2a988387167bcaa7ea0ff38476a3013e52f125e1926c5e131a917eda,RECEIVED 2026-10-02; 3 pages
2026-10-02T14:22:54,received,042_14748-A_graniterecords.pdf,042_14748-A_graniterecords.pdf,muhammadeakub,635872194be1b7c3cde22633d21a5c5ad128f456c63f609e2086963bd4f2b9b5,RECEIVED 2026-10-02; 2 pages
2026-10-02T14:22:54,received,043_INV-2026-67724_pinecrestcater.pdf,043_INV-2026-67724_pinecrestcater.pdf,muhammadeakub,76bf89b216b98e761b61c3b33e85e7d65b05ef4bc6eea892e03fd3c7c5799387,RECEIVED 2026-10-02; 1 pages
2026-10-02T14:22:54,received,044_18237_harborcourier.pdf,044_18237_harborcourier.pdf,muhammadeakub,4584a37e0909836748d6c9f34f7f2f3845e8079e5f76989e3c5ca755f78efb4a,RECEIVED 2026-10-02; 2 pages
2026-10-02T14:22:54,received,045_INV-2026-99003_oakridgefc.pdf,045_INV-2026-99003_oakridgefc.pdf,muhammadeakub,cc1569a0fe40c1e1079b33854e7c31a4bedda73184a62eab4494ba29b738beee,RECEIVED 2026-10-02; 1 pages
2026-10-02T14:22:54,received,046_INV-2026-97477_summitit.pdf,046_INV-2026-97477_summitit.pdf,muhammadeakub,291ee7661b90a678622610887822749e9a73cafc82edcaf48790d79c3e60562b,RECEIVED 2026-10-02; 2 pages
2026-10-02T14:22:54,received,047_70724_cascadecr.pdf,047_70724_cascadecr.pdf,muhammadeakub,1ae72675271a0e2afc8ad386db6ca6051cec172601a0eb3c22e9ca946560115f,RECEIVED 2026-10-02; 2 pages
2026-10-02T14:22:54,received,048_INV029304_graniterecords.pdf,048_INV029304_graniterecords.pdf,muhammadeakub,10c4c4c583cf36b4fc640be0b9b014431ef62cbf26345abb3c26e857798fdf0e,RECEIVED 2026-10-02; 2 pages
2026-10-02T14:22:54,received,049_85659_graniterecords.pdf,049_85659_graniterecords.pdf,muhammadeakub,d17c50d16d249a5bd2ff9fe95f8ca36d784c38c34ba71959509227e1f3434496,RECEIVED 2026-10-02; 3 pages
2026-10-02T14:22:54,received,050_INV-2026-97866_meridiansec.pdf,050_INV-2026-97866_meridiansec.pdf,muhammadeakub,ec7c17361d3bc35fcf021bea0217536226844ce4c1dfd447c6d34616d59c0d17,RECEIVED 2026-10-02; 2 pages
2026-10-02T14:22:54,received,051_INV-2026-3014_brightline.pdf,051_INV-2026-3014_brightline.pdf,muhammadeakub,5b1528f0ef4243e3722cc9b5243de1dd575739bde27f95ba653920794b2d07bf,RECEIVED 2026-10-02; 2 pages
2026-10-02T14:22:54,received,052_INV028878_harborcourier.pdf,052_INV028878_harborcourier.pdf,muhammadeakub,f6f128f802e1b5768896f76adb7ffe886d06ac709df635f9fc1581f88ac64387,RECEIVED 2026-10-02; 1 pages
2026-10-02T14:22:54,received,053_INV045923_harborcourier.pdf,053_INV045923_harborcourier.pdf,muhammadeakub,ffb1ca9cbda6c6ef15861e957de5ee23796fd5081bff955564de78e4e50a892c,RECEIVED 2026-10-02; 1 pages
2026-10-02T14:22:54,received,054_INV037429_pinecrestcater.pdf,054_INV037429_pinecrestcater.pdf,muhammadeakub,b2d229884aaee41cf565f36b1253725cb0c198b9e7eebf3073a49eb82d8f9c40,RECEIVED 2026-10-02; 2 pages
2026-10-02T14:22:54,received,055_INV049941_northwindtx.pdf,055_INV049941_northwindtx.pdf,muhammadeakub,4aaf3d744dc7c47b02e3b6f60a3fac940a027fed4dee60084a554fa05cd898ea,RECEIVED 2026-10-02; 1 pages
2026-10-02T14:22:54,received,056_INV027590_oakridgefc.pdf,056_INV027590_oakridgefc.pdf,muhammadeakub,a9766dccbe14b8954cf3f1439ebfb017960aeb41c850828331f9db956bc2410a,RECEIVED 2026-10-02; 3 pages
2026-10-02T14:22:54,received,057_76644-A_harborcourier.pdf,057_76644-A_harborcourier.pdf,muhammadeakub,c24d8ade550f782ce035a8235ab91474422caa82efa0861187a9b4380365352b,RECEIVED 2026-10-02; 1 pages
2026-10-02T14:22:54,received,058_45721_cascadecr.pdf,058_45721_cascadecr.pdf,muhammadeakub,f3f352ff89d3a2211d6057ab868004d6c00b419d8502c7aaa79bf32db69006ea,RECEIVED 2026-10-02; 1 pages
2026-10-02T14:22:54,received,059_INV058184_graniterecords.pdf,059_INV058184_graniterecords.pdf,muhammadeakub,fa277cabfc7c63dc407b04aad7b50e857bc2b3a4a8cc69c5f0141fd891ed12a8,RECEIVED 2026-10-02; 2 pages
2026-10-02T14:22:54,received,060_76869-A_harborcourier.pdf,060_76869-A_harborcourier.pdf,muhammadeakub,48b1cf094afca217ac82152e1feab814362f4a8dd1f66b1eb6d4598024f5b4e9,RECEIVED 2026-10-02; 1 pages
2026-10-02T14:22:54,received,061_INV-2026-90352_meridiansec.pdf,061_INV-2026-90352_meridiansec.pdf,muhammadeakub,adb5e3ceda5d0c617ffee3bc30912c8615c2206f622b558d3243021b5ef6ddb6,RECEIVED 2026-10-02; 1 pages
2026-10-02T14:22:54,received,062_71956-A_brightline.pdf,062_71956-A_brightline.pdf,muhammadeakub,be77997234424e6106799914fe9caff16a40888c2bddb137685f618812421034,RECEIVED 2026-10-02; 1 pages
2026-10-02T14:22:54,received,063_86418_summitit.pdf,063_86418_summitit.pdf,muhammadeakub,9dfabe5a93ca9039e7415c6555510e7bc4d3d931256d9007e26a40c34cfda0fb,RECEIVED 2026-10-02; 2 pages
2026-10-02T14:22:54,received,064_24947_graniterecords.pdf,064_24947_graniterecords.pdf,muhammadeakub,66942c0fc2d24dcecf57188310b11e53c8a31d87aab276568de9eb0be33173f0,RECEIVED 2026-10-02; 2 pages
2026-10-02T14:22:54,received,065_08803_pinecrestcater.pdf,065_08803_pinecrestcater.pdf,muhammadeakub,1a8169f36e11cd62256f74d734047236aa845ce3e9527c5045ebdb608fc02a21,RECEIVED 2026-10-02; 3 pages
2026-10-02T14:22:54,received,066_INV-2026-16330_meridiansec.pdf,066_INV-2026-16330_meridiansec.pdf,muhammadeakub,933da53e670bc339fef3cf3039b9317ebd39ad47c7937ea52520a466cadfaff2,RECEIVED 2026-10-02; 2 pages
2026-10-02T14:22:54,received,067_47521_meridiansec.pdf,067_47521_meridiansec.pdf,muhammadeakub,62db9e05eed0092c79bc8636145c012781bf8a30ecc5a389fc14c1bc66198d35,RECEIVED 2026-10-02; 1 pages
2026-10-02T14:22:54,received,068_10168_cascadecr.pdf,068_10168_cascadecr.pdf,muhammadeakub,a728b6e3603c42fd95d13d98240419240438d13e5043cfd7bfd06b5f5191451f,RECEIVED 2026-10-02; 2 pages
2026-10-02T14:22:54,received,069_INV-2026-91802_cascadecr.pdf,069_INV-2026-91802_cascadecr.pdf,muhammadeakub,00ff8a47edbc66a0bc9ef2290802ab67ed2098a50b600a8378c40a93e670921f,RECEIVED 2026-10-02; 1 pages
2026-10-02T14:22:54,received,070_09884_pinecrestcater.pdf,070_09884_pinecrestcater.pdf,muhammadeakub,44e7ef9d3b866185447f074cb253446f617c7f6cdc8f6d7c73f78117e7f0be99,RECEIVED 2026-10-02; 1 pages
2026-10-02T14:22:54,received,071_51623-A_pinecrestcater.pdf,071_51623-A_pinecrestcater.pdf,muhammadeakub,68e19efbe6b3701626fc2aff0cd0c0cd9b908c8ee9bdcd2f9a9a877b379d518c,RECEIVED 2026-10-02; 3 pages
2026-10-02T14:22:54,received,072_55120-A_cascadecr.pdf,072_55120-A_cascadecr.pdf,muhammadeakub,5904f4ab1f54298ce4a0a94423b00e9622863bb7f182eeb6410baa9c8ede9711,RECEIVED 2026-10-02; 2 pages
2026-10-02T14:22:54,received,073_INV-2026-79630_bluewaterprint.pdf,073_INV-2026-79630_bluewaterprint.pdf,muhammadeakub,d765b1b7075706a6e45803363d1889f06d2926ac8214bcbfebd69448b3ecfb23,RECEIVED 2026-10-02; 3 pages
2026-10-02T14:22:54,received,074_INV-2026-26805_northwindtx.pdf,074_INV-2026-26805_northwindtx.pdf,muhammadeakub,cb1a6d8a54d1a84d56440d5b8c10e556e305f26a1caefe32ca36addff57225b6,RECEIVED 2026-10-02; 1 pages
2026-10-02T14:22:54,received,075_90404-A_oakridgefc.pdf,075_90404-A_oakridgefc.pdf,muhammadeakub,dff8ca08a80322efe7829f6690a80fa7a81e0c8e3d3b1f46a74e9f1f5315691a,RECEIVED 2026-10-02; 4 pages
2026-10-02T14:22:54,received,076_81214_brightline.pdf,076_81214_brightline.pdf,muhammadeakub,9372846db22507235470bfec7ce4dcc7da0c1aa473de09901ca1746f6ad36ada,RECEIVED 2026-10-02; 1 pages
2026-10-02T14:22:54,received,077_INV-2026-30499_bluewaterprint.pdf,077_INV-2026-30499_bluewaterprint.pdf,muhammadeakub,475132a33a781a34513e3f03eb1fc7dc348e1a9395ed2159897446b3f48319c9,RECEIVED 2026-10-02; 1 pages
2026-10-02T14:22:54,received,078_INV053992_cascadecr.pdf,078_INV053992_cascadecr.pdf,muhammadeakub,737a15451f64a0f2419a0cc55f7a96e1f4436a479f0e3969f3362eb08d876985,RECEIVED 2026-10-02; 2 pages
2026-10-02T14:22:54,received,079_88677-A_pinecrestcater.pdf,079_88677-A_pinecrestcater.pdf,muhammadeakub,e244688854bec53b78fce231c6762f18581b432a384d5d81aecd6c477ea03eae,RECEIVED 2026-10-02; 2 pages
2026-10-02T14:22:54,received,080_INV086336_cascadecr.pdf,080_INV086336_cascadecr.pdf,muhammadeakub,36b37eeb4fd4b46e32c15b5f7e91b8d9ed569555a90b799ca3f0210b12b9396d,RECEIVED 2026-10-02; 1 pages
2026-10-02T14:22:54,received,081_25158_northwindtx.pdf,081_25158_northwindtx.pdf,muhammadeakub,3c3486dfe614c65eb5082ef2bd17bba2068c1bf860c23b3f1436b590c0558e3d,RECEIVED 2026-10-02; 2 pages
2026-10-02T14:22:54,received,082_INV-2026-73075_pinecrestcater.pdf,082_INV-2026-73075_pinecrestcater.pdf,muhammadeakub,36bd2618e992d3f2a428ea4df89cc7123102078ddac8cc6f8fb21a5de90228fb,RECEIVED 2026-10-02; 1 pages
2026-10-02T14:22:54,received,083_INV070944_meridiansec.pdf,083_INV070944_meridiansec.pdf,muhammadeakub,14195bb3e7a9535b186f1ea89b3aa8a878c7f473e417218ed00d549d02db84ed,RECEIVED 2026-10-02; 2 pages
2026-10-02T14:22:54,received,084_2222-A_cascadecr.pdf,084_2222-A_cascadecr.pdf,muhammadeakub,4ff5f3f2f32e372c0b1359c167eaf4a7d2d482ed6d58cd4fe88333e00e7404c5,RECEIVED 2026-10-02; 1 pages
2026-10-02T14:22:54,received,085_40708_harborcourier.pdf,085_40708_harborcourier.pdf,muhammadeakub,7d51a4d96ca27e55d6f9a58556181aae6afd771b55f354bb19d945e3c06ac0ff,RECEIVED 2026-10-02; 1 pages
2026-10-02T14:22:54,received,086_INV045775_harborcourier.pdf,086_INV045775_harborcourier.pdf,muhammadeakub,efb390813b68c106928c41938f4f3493b8537cafb1a3d6b759e840d81b1ca7b0,RECEIVED 2026-10-02; 1 pages
2026-10-02T14:22:54,received,087_76860_brightline.pdf,087_76860_brightline.pdf,muhammadeakub,c57fbf197cb5c42cd8e1ade6e296daae2421e54cf9b3fda29ee6d51c44540b4a,RECEIVED 2026-10-02; 4 pages
2026-10-02T14:22:54,received,088_INV-2026-50056_summitit.pdf,088_INV-2026-50056_summitit.pdf,muhammadeakub,6f7951af98ad27335e8ccc84dcdf9add6333c34dfbfa6c72ae0de319d6b1c95a,RECEIVED 2026-10-02; 1 pages
2026-10-02T14:22:54,received,089_INV067481_graniterecords.pdf,089_INV067481_graniterecords.pdf,muhammadeakub,af46f9c6e2a7a38088ad13b99c409ca4cf901d222224915893b3e324c5786ab5,RECEIVED 2026-10-02; 1 pages
2026-10-02T14:22:54,received,090_INV052384_oakridgefc.pdf,090_INV052384_oakridgefc.pdf,muhammadeakub,ea3a8a87b19b2adc08a8954b42afec9f5bc236cf60e033740af8eb179467e96d,RECEIVED 2026-10-02; 1 pages
2026-10-02T14:22:54,received,091_75034_brightline.pdf,091_75034_brightline.pdf,muhammadeakub,935588d190e5222a9fc78a8f0acd5d68991b1c57c249bc4b24b175519e9ea7e0,RECEIVED 2026-10-02; 1 pages
2026-10-02T14:22:54,received,092_90853_harborcourier.pdf,092_90853_harborcourier.pdf,muhammadeakub,1b01fec760955551e2cc3f2199031d7f23794b6b450e9071d14ac6a25edaf8b6,RECEIVED 2026-10-02; 1 pages
2026-10-02T14:22:54,received,093_17207-A_meridiansec.pdf,093_17207-A_meridiansec.pdf,muhammadeakub,de6d45ef3d7c8dde55eab86ca85ad402ca43369356dde547fc9e888ea96405dc,RECEIVED 2026-10-02; 1 pages
2026-10-02T14:22:54,received,094_INV051237_graniterecords.pdf,094_INV051237_graniterecords.pdf,muhammadeakub,ccc064f8ff6b84878d2b192a1d831796b2c1a82bfc22dfd389e83df23e8c1c53,RECEIVED 2026-10-02; 2 pages
2026-10-02T14:22:54,received,095_90667_meridiansec.pdf,095_90667_meridiansec.pdf,muhammadeakub,e7976bf063f2dfa935fc24dd959058d047a4b0fb619ee341b6833e9a704bbca9,RECEIVED 2026-10-02; 2 pages
2026-10-02T14:22:54,received,096_25375-A_brightline.pdf,096_25375-A_brightline.pdf,muhammadeakub,2ff740c09e355deb54ede69d833e71774512e73bb26069c78e225f12ded900b5,RECEIVED 2026-10-02; 1 pages
2026-10-02T14:22:54,received,097_INV-2026-56249_oakridgefc.pdf,097_INV-2026-56249_oakridgefc.pdf,muhammadeakub,ec8ec163e7c8a10d9002ef10da44426e20d7f3e7e69ae24fbbabe8f9c6d53b10,RECEIVED 2026-10-02; 1 pages
2026-10-02T14:22:54,received,098_84736_oakridgefc.pdf,098_84736_oakridgefc.pdf,muhammadeakub,31235d1184b0627724ccaa476add53cb6f70f9db2c4ad98dc784de2e26b3f834,RECEIVED 2026-10-02; 2 pages
2026-10-02T14:22:54,received,099_INV056764_northwindtx.pdf,099_INV056764_northwindtx.pdf,muhammadeakub,821a93ea26e162b0bc769edce8cdd32c7a5b6ee8b39d77ae773e8d19644cf94a,RECEIVED 2026-10-02; 2 pages
2026-10-02T14:22:54,received,100_53498_graniterecords.pdf,100_53498_graniterecords.pdf,muhammadeakub,a421a58939e64087396422d6472bcc28f2d2ffc0eb3ac3169d94f440a0bd0c49,RECEIVED 2026-10-02; 1 pages
2026-10-02T14:22:54,received,101_INV-2026-74163_northwindtx.pdf,101_INV-2026-74163_northwindtx.pdf,muhammadeakub,8a9025e7c7a0b5fd9e98aa8117aabc0cf161361ff0037ffcf6caead46aefcc81,RECEIVED 2026-10-02; 3 pages
2026-10-02T14:22:54,received,102_INV-2026-42124_pinecrestcater.pdf,102_INV-2026-42124_pinecrestcater.pdf,muhammadeakub,554ccedc072df12818ded1537e543f8606a2ba9bc094d6bfc843076c1499972b,RECEIVED 2026-10-02; 4 pages
2026-10-02T14:22:54,received,103_INV-2026-31296_pinecrestcater.pdf,103_INV-2026-31296_pinecrestcater.pdf,muhammadeakub,ccc296a6f3c4c20054f98c30f1ce2b023768ff570dbfbed23c20bf62e6b2d9a5,RECEIVED 2026-10-02; 4 pages
2026-10-02T14:22:54,received,104_INV-2026-15738_harborcourier.pdf,104_INV-2026-15738_harborcourier.pdf,muhammadeakub,6509b8aae8b6789261e165ba92db2e5079aee8b486e4c4a887d69ad879f85229,RECEIVED 2026-10-02; 2 pages
2026-10-02T14:22:54,received,105_INV-2026-70724_summitit.pdf,105_INV-2026-70724_summitit.pdf,muhammadeakub,6f2e0d1d9c6588981fde221b408d0bbea29a7554cc14c6e874e22836512b1221,RECEIVED 2026-10-02; 1 pages
2026-10-02T14:22:54,received,106_73968-A_summitit.pdf,106_73968-A_summitit.pdf,muhammadeakub,cc3318f54686ffd3ed813f054ee25afe61e615066cdf476f61363d69d02e734b,RECEIVED 2026-10-02; 2 pages
2026-10-02T14:22:54,received,107_56930-A_graniterecords.pdf,107_56930-A_graniterecords.pdf,muhammadeakub,a71569b16561c28621968dff697819307feb62e96946c18e0e9d9f7892b05931,RECEIVED 2026-10-02; 1 pages
2026-10-02T14:22:54,received,108_INV048537_meridiansec.pdf,108_INV048537_meridiansec.pdf,muhammadeakub,5f3e7afb9fa45f69d318016ef4ecb55b186100d730c9a48fe3fb2e18ec40cc31,RECEIVED 2026-10-02; 2 pages
2026-10-02T14:22:54,received,109_INV027983_oakridgefc.pdf,109_INV027983_oakridgefc.pdf,muhammadeakub,ee0a4d1a746ecec6d0d9dbe3b2fa372d175ee84bf0efd27f19c6bc13a8a2c4b6,RECEIVED 2026-10-02; 1 pages
2026-10-02T14:22:54,received,110_INV083440_bluewaterprint.pdf,110_INV083440_bluewaterprint.pdf,muhammadeakub,19afd97dc7243a0b88776c0f875af5d07296be08771e01207be6151ab26b211a,RECEIVED 2026-10-02; 2 pages
2026-10-02T14:22:54,received,111_85855_oakridgefc.pdf,111_85855_oakridgefc.pdf,muhammadeakub,6fcc5a6c7ba960cbe89ade8393e5b0043a3ac43b9e7cf4400011080a27e7ac25,RECEIVED 2026-10-02; 1 pages
2026-10-02T14:22:54,received,112_INV-2026-33658_meridiansec.pdf,112_INV-2026-33658_meridiansec.pdf,muhammadeakub,f0ab3e6a3927c18c8f1c04c4854ce7abddc1dd8b7004ff14bad55d8fee15b74f,RECEIVED 2026-10-02; 1 pages
2026-10-02T14:22:54,received,113_66194_pinecrestcater.pdf,113_66194_pinecrestcater.pdf,muhammadeakub,1da653a6e1988ed3c68ad50839f5fe0c718ff9eaffdc94fff9f089c18d394ec6,RECEIVED 2026-10-02; 1 pages
2026-10-02T14:22:54,received,114_INV-2026-78056_harborcourier.pdf,114_INV-2026-78056_harborcourier.pdf,muhammadeakub,88a3174b6dfb23868742e1d63e647dce0cc7f3364702b9dcc73eb5966fe1b491,RECEIVED 2026-10-02; 1 pages
2026-10-02T14:22:54,received,115_INV-2026-1307_brightline.pdf,115_INV-2026-1307_brightline.pdf,muhammadeakub,8fcba284de9a6001a44626a92b7e92dddb9edce25b99028d3ed3f5e24960c871,RECEIVED 2026-10-02; 2 pages
2026-10-02T14:22:54,received,116_69668_pinecrestcater.pdf,116_69668_pinecrestcater.pdf,muhammadeakub,1d1e533e1dcd0814a6017a7c3492e2888cfc4ac56a0bbe2e8838e99ffdb0944a,RECEIVED 2026-10-02; 1 pages
2026-10-02T14:22:54,received,117_3518-A_oakridgefc.pdf,117_3518-A_oakridgefc.pdf,muhammadeakub,0308cd3aa785966909b3e9d577b064010134700548d5fb46569e8b627c741e54,RECEIVED 2026-10-02; 1 pages
2026-10-02T14:22:54,received,118_INV048262_harborcourier.pdf,118_INV048262_harborcourier.pdf,muhammadeakub,822057c14e500b250552b5df3748e87e36e9b71f472d59d8cdb5f223c7d0477f,RECEIVED 2026-10-02; 1 pages
2026-10-02T14:22:54,received,119_91859-A_cascadecr.pdf,119_91859-A_cascadecr.pdf,muhammadeakub,f0a3caf51b4a07c41a0b31800bb143d615b13673840c82fe874406b79059a901,RECEIVED 2026-10-02; 1 pages
2026-10-02T14:22:54,received,120_58177-A_cascadecr.pdf,120_58177-A_cascadecr.pdf,muhammadeakub,dd94576e2f189fbd31f409bba301ed82942713fd167917d8785d8b2cfef342a6,RECEIVED 2026-10-02; 4 pages
2026-10-02T14:22:54,received,121_80681_graniterecords.pdf,121_80681_graniterecords.pdf,muhammadeakub,cbcc8e0816fba2d7da85f25bb6e6ee207e3613285ecb7d61f0e560270ef362e5,RECEIVED 2026-10-02; 2 pages
2026-10-02T14:22:54,received,122_INV-2026-6292_cascadecr.pdf,122_INV-2026-6292_cascadecr.pdf,muhammadeakub,72cef878ec4d3334499174a7e4af406bfd537d0c9fcddf4d3bdf20fb7e5b1637,RECEIVED 2026-10-02; 2 pages
2026-10-02T14:22:54,received,123_INV021895_summitit.pdf,123_INV021895_summitit.pdf,muhammadeakub,1194e213dc041b757263b5d8dc7c6786ebcd3fbb16c77e93d9aa312d60c9e2d3,RECEIVED 2026-10-02; 2 pages
2026-10-02T14:22:54,received,124_INV-2026-57167_northwindtx.pdf,124_INV-2026-57167_northwindtx.pdf,muhammadeakub,26d65d90bdd65321d4b3eceebcef357034963f7006e9ea38e706c8c1ae1e31e2,RECEIVED 2026-10-02; 1 pages
2026-10-02T14:22:54,received,125_INV-2026-39816_summitit.pdf,125_INV-2026-39816_summitit.pdf,muhammadeakub,0e379a7f0214aed894d6969d21dd338edb603958754429c93331f257d20faf91,RECEIVED 2026-10-02; 1 pages
2026-10-02T14:22:54,received,126_56446-A_harborcourier.pdf,126_56446-A_harborcourier.pdf,muhammadeakub,f3647391bc14c70da2a554baa27fe513cd272df09ec912ee9205e06ff5a1d0c4,RECEIVED 2026-10-02; 1 pages
2026-10-02T14:22:54,received,127_INV-2026-24993_cascadecr.pdf,127_INV-2026-24993_cascadecr.pdf,muhammadeakub,2c726675f1ca94ec45c97d8c6f3d6ef48946cba9483c9a7685dff28fce23d048,RECEIVED 2026-10-02; 2 pages
2026-10-02T14:22:54,received,128_39599-A_summitit.pdf,128_39599-A_summitit.pdf,muhammadeakub,57897952628383a6381514dc8cfe4a789fbb125d27495446b374295ec68ddbb7,RECEIVED 2026-10-02; 1 pages
2026-10-02T14:22:54,received,129_68529-A_graniterecords.pdf,129_68529-A_graniterecords.pdf,muhammadeakub,5d7916d330f741de3bea7b45cf94a48998d4d0487185c89110c6e36fe6e6b82f,RECEIVED 2026-10-02; 1 pages
2026-10-02T14:22:54,received,130_9816-A_brightline.pdf,130_9816-A_brightline.pdf,muhammadeakub,c4d8ce36b11fd99924b10c7176c7a9a01203080cfc16e05286459dd1f6a56e25,RECEIVED 2026-10-02; 2 pages
2026-10-02T14:22:54,received,131_80865-A_oakridgefc.pdf,131_80865-A_oakridgefc.pdf,muhammadeakub,9c79f99e18890b8500e9b862c02b4f498ef05200a25c39649812350588e415db,RECEIVED 2026-10-02; 1 pages
2026-10-02T14:22:54,received,132_57599_graniterecords.pdf,132_57599_graniterecords.pdf,muhammadeakub,5cd07c2c18b5bb939b89b64b4f652825beee47a2fc067c411d22a71fe297ef13,RECEIVED 2026-10-02; 1 pages
2026-10-02T14:22:54,received,133_INV091049_pinecrestcater.pdf,133_INV091049_pinecrestcater.pdf,muhammadeakub,9193fc3907fb4fa92f3b3cbbf92bdea590a497167b8f52257b8d7927a974fa6d,RECEIVED 2026-10-02; 1 pages
2026-10-02T14:22:54,received,134_38886_meridiansec.pdf,134_38886_meridiansec.pdf,muhammadeakub,7262f2ae347baf3209b3a9738873b368334c2866b51fd0fda33f20f86e179542,RECEIVED 2026-10-02; 1 pages
2026-10-02T14:22:54,received,135_INV-2026-57859_oakridgefc.pdf,135_INV-2026-57859_oakridgefc.pdf,muhammadeakub,f1450c32ec8f5d54615cafa6a95049f99b85c81fa255c7b84038d1abb33b9a70,RECEIVED 2026-10-02; 1 pages
2026-10-02T14:22:54,received,136_INV-2026-99167_pinecrestcater.pdf,136_INV-2026-99167_pinecrestcater.pdf,muhammadeakub,2553834e067ccbd47312402bd1b539108777a9f79861bbc8366b93fd33ce5145,RECEIVED 2026-10-02; 2 pages
2026-10-02T14:22:54,received,137_INV-2026-9636_oakridgefc.pdf,137_INV-2026-9636_oakridgefc.pdf,muhammadeakub,4b695ef10670b3f04144a7a346f50c9a539d0455fa28bd7c1b6b35ca3de10e8f,RECEIVED 2026-10-02; 2 pages
2026-10-02T14:22:54,received,138_42722_northwindtx.pdf,138_42722_northwindtx.pdf,muhammadeakub,a8c6ef2f468c1b404eb9108e95a9dcca4d6a84d02a6ec225893c4e58ce3c30a4,RECEIVED 2026-10-02; 1 pages
2026-10-02T14:22:54,received,139_67920_bluewaterprint.pdf,139_67920_bluewaterprint.pdf,muhammadeakub,f53dd2ef03f8df84445a8d9ecf6a5076a4b65293322f0db4a21c20054d1e8796,RECEIVED 2026-10-02; 2 pages
2026-10-02T14:22:54,received,140_72601_harborcourier.pdf,140_72601_harborcourier.pdf,muhammadeakub,241e89a39dc623540dc90a21746d5dae110a74b292abb5e25b7e8476d60a2985,RECEIVED 2026-10-02; 1 pages
2026-10-02T14:22:54,received,141_36504-A_harborcourier.pdf,141_36504-A_harborcourier.pdf,muhammadeakub,133d9067a8549f3a460bc3942f1480c6f56957295012a3ac7f3375b2a69b9789,RECEIVED 2026-10-02; 1 pages
2026-10-02T14:22:54,received,142_INV068090_pinecrestcater.pdf,142_INV068090_pinecrestcater.pdf,muhammadeakub,c337cdcc4726e09b65be620d0a8bde1066f13e67de22b39f9f29fef44e4dc617,RECEIVED 2026-10-02; 1 pages
2026-10-02T14:22:54,received,143_65338_harborcourier.pdf,143_65338_harborcourier.pdf,muhammadeakub,33933fcea50d55ead9683a095aded4f3721c7c718459ceed59c15198c67b861a,RECEIVED 2026-10-02; 1 pages
2026-10-02T14:22:54,received,144_INV048866_meridiansec.pdf,144_INV048866_meridiansec.pdf,muhammadeakub,8ec3e387f831ee117e3f93ae8802c9046295ffc6e6229e3852de1979ff7ba635,RECEIVED 2026-10-02; 1 pages
2026-10-02T14:22:54,received,145_13355-A_meridiansec.pdf,145_13355-A_meridiansec.pdf,muhammadeakub,5e0b7e3e1dbb0cc41e8a617bd448abef34a16b3f8034ccc8f59c81975f9b5424,RECEIVED 2026-10-02; 1 pages
2026-10-02T14:22:54,received,146_14563-A_harborcourier.pdf,146_14563-A_harborcourier.pdf,muhammadeakub,5091bc86c84942262cb143d324634646b68b3d3e7f9f8eb45d93de9891d9a8d5,RECEIVED 2026-10-02; 2 pages
2026-10-02T14:22:54,received,147_INV-2026-63922_bluewaterprint.pdf,147_INV-2026-63922_bluewaterprint.pdf,muhammadeakub,6333ad8bc9ac22e0cf252f9abfb5502f311418406304b730343066286c9380db,RECEIVED 2026-10-02; 1 pages
2026-10-02T14:22:54,received,148_03211_oakridgefc.pdf,148_03211_oakridgefc.pdf,muhammadeakub,c67db2e36d0154febd119702042b698a77ca1e3ac2a2ce65b79b08473f363889,RECEIVED 2026-10-02; 2 pages
2026-10-02T14:22:54,received,149_89284_northwindtx.pdf,149_89284_northwindtx.pdf,muhammadeakub,c17233769ee659b40663b73df8a39133a02abbedcce06fad24c1ead366acfd91,RECEIVED 2026-10-02; 2 pages
2026-10-02T14:22:54,received,150_35398_cascadecr.pdf,150_35398_cascadecr.pdf,muhammadeakub,e21dcf8e62c7f43e35d834bf5a56ce9aff70344221de5715c0fce66ac403109a,RECEIVED 2026-10-02; 1 pages
2026-10-02T14:22:54,received,151_INV094667_graniterecords.pdf,151_INV094667_graniterecords.pdf,muhammadeakub,411cfc663fbdf0cf550608d757f94c27d65ab8358c4e6375d3acb8cd67d40048,RECEIVED 2026-10-02; 1 pages
2026-10-02T14:22:54,received,152_85946-A_northwindtx.pdf,152_85946-A_northwindtx.pdf,muhammadeakub,6f2957871fcd7c7728aa6e1856d4c748500698f140017c14098377bc19bfce96,RECEIVED 2026-10-02; 1 pages
2026-10-02T14:22:54,receive-failed,153_83730_bluewaterprint.pdf,,muhammadeakub,,password-protected PDF; ask the sender for an unlocked copy
2026-10-02T14:22:54,received,154_INV-2026-13623_summitit.pdf,154_INV-2026-13623_summitit.pdf,muhammadeakub,56d354e16fbe47b67dbbf48e6d3906dcc8a66e8f3d8666fa51beec6907644391,RECEIVED 2026-10-02; 3 pages
2026-10-02T14:22:54,received,155_25414-A_harborcourier.pdf,155_25414-A_harborcourier.pdf,muhammadeakub,84793cd67f92d98adbbd620dbe3861059093448865711c338ff0cfd189691f1e,RECEIVED 2026-10-02; 2 pages
2026-10-02T14:22:54,received,156_76780_meridiansec.pdf,156_76780_meridiansec.pdf,muhammadeakub,bcb59e1feb64bd2b899aafacfaa4b1e1203a7a6bf81087283ed8ce0dc5f341df,RECEIVED 2026-10-02; 3 pages
2026-10-02T14:22:54,received,157_INV-2026-19980_cascadecr.pdf,157_INV-2026-19980_cascadecr.pdf,muhammadeakub,7b3c3b4f648b92dcec7102afb4d750a2f028a71f6d7bc199d1158acf3118e36a,RECEIVED 2026-10-02; 3 pages
2026-10-02T14:22:55,received,158_17314-A_oakridgefc.pdf,158_17314-A_oakridgefc.pdf,muhammadeakub,8df44b87d781ae96f540cbc990551e8b24892b082926219a189c2951c78143db,RECEIVED 2026-10-02; 4 pages
2026-10-02T14:22:55,received,159_INV062173_cascadecr.pdf,159_INV062173_cascadecr.pdf,muhammadeakub,7ce8647c53da213b1002fa7f5bb002c7a877468da68b3b0b082608ec40305e33,RECEIVED 2026-10-02; 1 pages
2026-10-02T14:22:55,received,160_INV-2026-57007_oakridgefc.pdf,160_INV-2026-57007_oakridgefc.pdf,muhammadeakub,b0723f8550fd75681f47ab86510bfd51d345d9b39ecf5f54c6b0f7d50c5f59fa,RECEIVED 2026-10-02; 1 pages
2026-10-02T14:22:55,received,161_17570_harborcourier.pdf,161_17570_harborcourier.pdf,muhammadeakub,d040476851a1c7faa0508077e0f871d62c1b26b58d8c48dfa9cec96ffb3a7ba4,RECEIVED 2026-10-02; 2 pages
2026-10-02T14:22:55,received,162_26344_northwindtx.pdf,162_26344_northwindtx.pdf,muhammadeakub,bd1374e7487f3179f1ff7cdd65a258f3a25e89dcdd87d8ae26af3bb53ce03709,RECEIVED 2026-10-02; 1 pages
2026-10-02T14:22:55,received,163_90331-A_northwindtx.pdf,163_90331-A_northwindtx.pdf,muhammadeakub,286f476d70fba15e50e2b29679476bed9827b43685c054309b762d86b31bd269,RECEIVED 2026-10-02; 2 pages
2026-10-02T14:22:55,receive-failed,164_INV027061_brightline.pdf,,muhammadeakub,,password-protected PDF; ask the sender for an unlocked copy
2026-10-02T14:22:55,received,165_INV063712_pinecrestcater.pdf,165_INV063712_pinecrestcater.pdf,muhammadeakub,89d3bee20ce8d079618825479d0c3d45f75d2e98eba11c98844494ea43f7feac,RECEIVED 2026-10-02; 2 pages
2026-10-02T14:22:55,received,166_20367_oakridgefc.pdf,166_20367_oakridgefc.pdf,muhammadeakub,d40c805621d2de23224b67c6eacb17254d07ad1ec794433cf1968fbc76cc3123,RECEIVED 2026-10-02; 1 pages
2026-10-02T14:22:55,received,167_19121_oakridgefc.pdf,167_19121_oakridgefc.pdf,muhammadeakub,34ceb296c79cc72e760d691f84353bf5537ab6864dba7f38bcbe749102f802a9,RECEIVED 2026-10-02; 2 pages
2026-10-02T14:22:55,received,168_INV-2026-21933_graniterecords.pdf,168_INV-2026-21933_graniterecords.pdf,muhammadeakub,763355d6f8ba0ac2b699bd50df34f59993781254bb11dc3df4620eae825d6456,RECEIVED 2026-10-02; 1 pages
2026-10-02T14:22:55,received,169_INV023663_graniterecords.pdf,169_INV023663_graniterecords.pdf,muhammadeakub,10eedad1fd307d9b09d698e65d26eb8c26f7495b7fa3d0bf5c33bbaeaa07698b,RECEIVED 2026-10-02; 1 pages
2026-10-02T14:22:55,received,170_17652_meridiansec.pdf,170_17652_meridiansec.pdf,muhammadeakub,788e1fef1adf920bbd52b399551202d573fcd630b6245cf17f9c0b85efab4ea9,RECEIVED 2026-10-02; 2 pages
2026-10-02T14:22:55,received,171_84509_cascadecr.pdf,171_84509_cascadecr.pdf,muhammadeakub,4b29d089170c893a63ec0c3d92a6750a0da6851d7d3d9851b6fe9b4011961391,RECEIVED 2026-10-02; 1 pages
2026-10-02T14:22:55,received,172_38939_northwindtx.pdf,172_38939_northwindtx.pdf,muhammadeakub,5a709671776063bd751e36fac3707b4c43e493a12e529d20b901610d3f65c8a3,RECEIVED 2026-10-02; 1 pages
2026-10-02T14:22:55,received,173_83744-A_cascadecr.pdf,173_83744-A_cascadecr.pdf,muhammadeakub,025fd5eeab50fccfb8f0a1bc54d4e562a16465947a28066939f65ad440543a72,RECEIVED 2026-10-02; 1 pages
2026-10-02T14:22:55,received,174_INV091064_brightline.pdf,174_INV091064_brightline.pdf,muhammadeakub,e234a5c9975da85e19dd6152e655bec327480b13f5356af0979d06ad27d3883e,RECEIVED 2026-10-02; 2 pages
2026-10-02T14:22:55,received,175_76648-A_bluewaterprint.pdf,175_76648-A_bluewaterprint.pdf,muhammadeakub,60916258d9e45936462395d9e6bc78db61edc0431dca7f39da2ab8df4701d87a,RECEIVED 2026-10-02; 1 pages
2026-10-02T14:22:55,received,176_12079_northwindtx.pdf,176_12079_northwindtx.pdf,muhammadeakub,5f0ec27fe1516fdd557642ede3d402742a4a6a1450d3feeca43a799fec58c1a1,RECEIVED 2026-10-02; 1 pages
2026-10-02T14:22:55,received,177_20006_cascadecr.pdf,177_20006_cascadecr.pdf,muhammadeakub,1a634d812d0e221b984f3c3e120a60d474b94364e577786fa8c7a69a399c3d5c,RECEIVED 2026-10-02; 3 pages
2026-10-02T14:22:55,receive-failed,178_INV029699_oakridgefc.pdf,,muhammadeakub,,password-protected PDF; ask the sender for an unlocked copy
2026-10-02T14:22:55,received,179_93128_summitit.pdf,179_93128_summitit.pdf,muhammadeakub,aa16f084c44aad5ab05b423fa7b587b54feaccdb67f2d7e944a997b2b39a0a9d,RECEIVED 2026-10-02; 1 pages
2026-10-02T14:22:55,received,180_INV057229_harborcourier.pdf,180_INV057229_harborcourier.pdf,muhammadeakub,fc7c1b7231d19583b93c183ce86c58ba4b6917c949e195b8f38749ec597cc535,RECEIVED 2026-10-02; 2 pages
2026-10-02T14:22:55,receive-failed,181_INV021519_harborcourier.pdf,,muhammadeakub,,password-protected PDF; ask the sender for an unlocked copy
2026-10-02T14:22:55,received,182_82779_harborcourier.pdf,182_82779_harborcourier.pdf,muhammadeakub,04c5ed56651537b6c2b9b8f0335122f7efd05856185282fc0dc9cc5f6261c6f8,RECEIVED 2026-10-02; 3 pages
2026-10-02T14:22:55,received,183_INV-2026-48880_meridiansec.pdf,183_INV-2026-48880_meridiansec.pdf,muhammadeakub,17fd37ca39f2f4fda7cf7a2f3830a52581d0acdb8e8e566b6d80ee3ae0624130,RECEIVED 2026-10-02; 2 pages
2026-10-02T14:22:55,received,184_41809-A_brightline.pdf,184_41809-A_brightline.pdf,muhammadeakub,38c4d6d8f8238b0302efab903d6cda496b8bfd18becd467d446d7d51a897bd29,RECEIVED 2026-10-02; 1 pages
2026-10-02T14:22:55,received,185_INV082045_graniterecords.pdf,185_INV082045_graniterecords.pdf,muhammadeakub,55d0cbb2af3014a9174423de6c6e3b4b1fc4a79feed6c345e156a6309f9f1608,RECEIVED 2026-10-02; 1 pages
2026-10-02T14:22:55,received,186_INV-2026-1175_pinecrestcater.pdf,186_INV-2026-1175_pinecrestcater.pdf,muhammadeakub,d5af7d181fdd6bd44d27494b43a23593d6ec991c3aa0a78467092ae85f6b6c0a,RECEIVED 2026-10-02; 3 pages
2026-10-02T14:22:55,received,187_12097_brightline.pdf,187_12097_brightline.pdf,muhammadeakub,fbdbf2fe9cb97a15a4b49c0d80b26db61f9faf434bfd050133312694a818e14a,RECEIVED 2026-10-02; 3 pages
2026-10-02T14:22:55,received,188_51189_brightline.pdf,188_51189_brightline.pdf,muhammadeakub,3b23b014555cec94e214327109195939c5ed020460dd85bd1d4c566c821fef15,RECEIVED 2026-10-02; 1 pages
2026-10-02T14:22:55,received,189_54796_harborcourier.pdf,189_54796_harborcourier.pdf,muhammadeakub,789079d0229c6ed345a4834c43ba7e340f52b85f816f80d0e3b3e56c38e9dbb7,RECEIVED 2026-10-02; 2 pages
2026-10-02T14:22:55,received,190_INV-2026-35842_northwindtx.pdf,190_INV-2026-35842_northwindtx.pdf,muhammadeakub,eed2edeae43c0909e54890c54dbe9ac842607a1b115ad0f3bd61f143cc411fdc,RECEIVED 2026-10-02; 4 pages
2026-10-02T14:22:55,received,191_87683_bluewaterprint.pdf,191_87683_bluewaterprint.pdf,muhammadeakub,c8d00445c164653c2dd5b7b17e077b4ba524e5b35c03e95ada6a0aab7f3490e9,RECEIVED 2026-10-02; 4 pages
2026-10-02T14:22:55,received,192_INV010127_summitit.pdf,192_INV010127_summitit.pdf,muhammadeakub,46e50a5ea17e52026012ea497fa6855f9c76a896fa2073794a625737c9d07bc0,RECEIVED 2026-10-02; 4 pages
2026-10-02T14:22:55,received,193_62447_meridiansec.pdf,193_62447_meridiansec.pdf,muhammadeakub,39d75aaaa0fb64ab34530152c48b1a900a71e3ec2cab9a9a5a1deb559fbce5c9,RECEIVED 2026-10-02; 1 pages
2026-10-02T14:22:55,received,194_INV-2026-90739_brightline.pdf,194_INV-2026-90739_brightline.pdf,muhammadeakub,a2a80d9e1ee6adaa07ed39777436882dc86461c4775a8b45ec230b75d0a57b47,RECEIVED 2026-10-02; 1 pages
2026-10-02T14:22:55,received,195_INV099929_northwindtx.pdf,195_INV099929_northwindtx.pdf,muhammadeakub,1113b38aa584c1ab199b54a679437b516f2cac66b5a3d90bd5660f36aa3db57b,RECEIVED 2026-10-02; 2 pages
2026-10-02T14:22:55,received,196_INV-2026-91101_pinecrestcater.pdf,196_INV-2026-91101_pinecrestcater.pdf,muhammadeakub,35b3e67106bb0bc487b15748ee833e35c5c8e6d02e80accd93ac1f597cf2b71f,RECEIVED 2026-10-02; 1 pages
2026-10-02T14:22:55,received,197_INV-2026-40845_harborcourier.pdf,197_INV-2026-40845_harborcourier.pdf,muhammadeakub,61b07bdb6083c3e51819958fe93e152c67cb9af9c0877b6fe5ea4fcad9858eb0,RECEIVED 2026-10-02; 2 pages
2026-10-02T14:22:55,received,198_INV-2026-71425_meridiansec.pdf,198_INV-2026-71425_meridiansec.pdf,muhammadeakub,e7ffed13db1770faeb64621123216da99c984e72a1307fb6b270d1d7e2875e94,RECEIVED 2026-10-02; 1 pages
2026-10-02T14:22:55,received,199_INV015698_oakridgefc.pdf,199_INV015698_oakridgefc.pdf,muhammadeakub,853d3ddfbc20bd2d323b57a999ffc767e14a32469475c81466bd09e78b9fe01e,RECEIVED 2026-10-02; 2 pages
2026-10-02T14:22:55,received,200_INV056808_graniterecords.pdf,200_INV056808_graniterecords.pdf,muhammadeakub,706eed4476eb3b61b18495bf7beae328247a619b47831913f2be28e17bee1845,RECEIVED 2026-10-02; 3 pages
2026-10-02T14:24:09,approved,001_24836-A_brightline.pdf,001_24836-A_brightline.pdf,muhammadeakub,3d3aca8ac78e8ccdfeda2392a95dca78c1a16135ac3c5ccfa612b8f97b6696b1,seal on last page(s) of 1; p1: bottom-right
2026-10-02T14:24:09,approved,002_INV049972_northwindtx.pdf,002_INV049972_northwindtx.pdf,muhammadeakub,e6b7f51151e40feb104eafebfa8d6cc932471b14a21459bed29e8fdf8fb664b6,seal on last page(s) of 1; p1: bottom-right
2026-10-02T14:24:09,approved,003_97092-A_bluewaterprint.pdf,003_97092-A_bluewaterprint.pdf,muhammadeakub,978c93dd3c5d38fd36722dc6cf6ebf4a0940b33871902fe4c137f933948eb081,seal on last page(s) of 2; p2: bottom-right
2026-10-02T14:24:09,approved,004_70950-A_cascadecr.pdf,004_70950-A_cascadecr.pdf,muhammadeakub,eb6dc37ea9baa6112a6604876623bf0002b882af6accc8278a1d494f9016ddb3,seal on last page(s) of 2; p2: bottom-right
2026-10-02T14:24:09,approved,005_32411-A_cascadecr.pdf,005_32411-A_cascadecr.pdf,muhammadeakub,839d1efcc16cbf6cf80566e24bf7aca9cff93fafcfe9151c5157df7b2d6125c7,seal on last page(s) of 2; p2: bottom-right
2026-10-02T14:24:09,approved,006_86823_meridiansec.pdf,006_86823_meridiansec.pdf,muhammadeakub,ccf065dc7ddaaf045992d7a19dfac31476e6d206567650a4da30fe9d3de5d122,seal on last page(s) of 1; p1: bottom-right
2026-10-02T14:24:09,approved,007_4654-A_bluewaterprint.pdf,007_4654-A_bluewaterprint.pdf,muhammadeakub,ff8655a6a093a5b31820c2a980bd95324e98a6876bd692dad97dc4474c1e18f4,seal on last page(s) of 2; p2: bottom-right
2026-10-02T14:24:09,approved,008_92839_pinecrestcater.pdf,008_92839_pinecrestcater.pdf,muhammadeakub,f1d7274ac6fc08fce04063dab0c9e10fa9a689ffb9ef3f065239afd409e113f7,seal on last page(s) of 2; p2: bottom-right
2026-10-02T14:24:09,approved,009_INV036164_bluewaterprint.pdf,009_INV036164_bluewaterprint.pdf,muhammadeakub,584f11995612fbd47951c15333ae896b951d5f2c2f7991398a37a5267f67ee23,seal on last page(s) of 1; p1: bottom-right
2026-10-02T14:24:09,approved,010_70020-A_meridiansec.pdf,010_70020-A_meridiansec.pdf,muhammadeakub,6632590db8eee1b86f8268b3227aed0919e79c446343dedc1e3683664bac7d0b,seal on last page(s) of 2; p2: bottom-right
2026-10-02T14:24:09,approved,011_INV-2026-51897_northwindtx.pdf,011_INV-2026-51897_northwindtx.pdf,muhammadeakub,43fb1a7bd1e858ca4fc15a7c98a076cec83d96844529e71d51d0ef586e4dff63,seal on last page(s) of 1; p1: bottom-right
2026-10-02T14:24:09,approved,012_54425_pinecrestcater.pdf,012_54425_pinecrestcater.pdf,muhammadeakub,0e3076b3214cb0815e06d59d1ec5b604f2337f9167c27c1b5945715aad1b9db9,seal on last page(s) of 1; p1: bottom-right
2026-10-02T14:24:09,approved,013_INV-2026-98316_harborcourier.pdf,013_INV-2026-98316_harborcourier.pdf,muhammadeakub,1d774405b6b0b92e02d2891de09b02b96323bc5023544c08cdb58a922d7917de,seal on last page(s) of 1; p1: bottom-right
2026-10-02T14:24:09,approved,014_64906_oakridgefc.pdf,014_64906_oakridgefc.pdf,muhammadeakub,273e05e5f7b30b1d62f3ed1561b07a83044695dbb3e3a33ddf628eca053775ed,seal on last page(s) of 1; p1: bottom-right
2026-10-02T14:24:09,approved,015_INV-2026-77458_cascadecr.pdf,015_INV-2026-77458_cascadecr.pdf,muhammadeakub,c95a4b679294729bc6e458d3f98cf19056bb77eeb0b5eb6b34bc7a6064b58e45,seal on last page(s) of 3; p3: bottom-right
2026-10-02T14:24:09,approved,016_43307_bluewaterprint.pdf,016_43307_bluewaterprint.pdf,muhammadeakub,077b28a0ea7803d7a5d1babd50f5c3bc2087c2326bbd59cc2ac955d059478ce8,seal on last page(s) of 1; p1: bottom-right
2026-10-02T14:24:09,approved,017_73681_brightline.pdf,017_73681_brightline.pdf,muhammadeakub,676fd5cdcd1670a553349beedf10e6d81ed036bfc59fbc04adda42a795cb067b,seal on last page(s) of 3; p3: bottom-right
2026-10-02T14:24:09,approved,018_INV-2026-84206_meridiansec.pdf,018_INV-2026-84206_meridiansec.pdf,muhammadeakub,0cec9f179ecd5d7398f01665cf50d769a443292e4fbfffc985c451a9a1dd9c96,seal on last page(s) of 1; p1: bottom-right
2026-10-02T14:24:09,approved,019_31623_harborcourier.pdf,019_31623_harborcourier.pdf,muhammadeakub,0cf7cd6cb0a6e60f7d297099a5344c60dabf5781e10f0fd42c670e1489485ace,seal on last page(s) of 1; p1: bottom-right
2026-10-02T14:24:09,approved,020_INV-2026-32152_northwindtx.pdf,020_INV-2026-32152_northwindtx.pdf,muhammadeakub,edcd4550aecf0cdd8b84941e4330e7b45d24d2216be80edcde09c389ac93ae72,seal on last page(s) of 2; p2: bottom-right
2026-10-02T14:24:09,approved,021_33409-A_summitit.pdf,021_33409-A_summitit.pdf,muhammadeakub,75666dae8a5eec76c5db6ef91908c9a8b9b6c93f6352e720e67bea52b2251cfc,seal on last page(s) of 4; p4: bottom-right
2026-10-02T14:24:09,approved,022_INV-2026-84177_brightline.pdf,022_INV-2026-84177_brightline.pdf,muhammadeakub,6ea2008faf44456ccfdba587b6b132857d43d7ee4dd6f5e6951c73c1d73fb3ec,seal on last page(s) of 1; p1: bottom-right
2026-10-02T14:24:09,approved,023_86916_oakridgefc.pdf,023_86916_oakridgefc.pdf,muhammadeakub,c91d528cdb780f1de383f1f5dd717c0278129e607321cdbfec0fdb28d8cb4e39,seal on last page(s) of 1; p1: bottom-right
2026-10-02T14:24:09,approved,024_INV-2026-25673_northwindtx.pdf,024_INV-2026-25673_northwindtx.pdf,muhammadeakub,a41e22e8f0004483030db6d554cf478c6fc795efb9e3e6a2f860038c5119ab30,seal on last page(s) of 2; p2: bottom-right
2026-10-02T14:24:09,approved,025_INV-2026-13821_summitit.pdf,025_INV-2026-13821_summitit.pdf,muhammadeakub,90a8a0599ed8e2dd154234a08dae341ca5744cc0a023d45efa18f2a2799a5fde,seal on last page(s) of 3; p3: bottom-right
2026-10-02T14:24:09,approved,026_93261_northwindtx.pdf,026_93261_northwindtx.pdf,muhammadeakub,afabd61e0a6f2918a9e667f27b5010e23ede93507cc19365fb51f74ccc2cb05d,seal on last page(s) of 2; p2: bottom-right
2026-10-02T14:24:09,approved,027_1223-A_pinecrestcater.pdf,027_1223-A_pinecrestcater.pdf,muhammadeakub,053631dc8104c42d2c82f13c07cd6e1f78e6e3abfa4946c6a925f16fcaa37664,seal on last page(s) of 1; p1: bottom-right
2026-10-02T14:24:09,approved,028_07714_graniterecords.pdf,028_07714_graniterecords.pdf,muhammadeakub,87b64111dc1b9679272e84ec5d1b9c8de2073d23e10f296e7b53692acac69299,seal on last page(s) of 4; p4: bottom-right
2026-10-02T14:24:09,approved,029_INV-2026-95674_graniterecords.pdf,029_INV-2026-95674_graniterecords.pdf,muhammadeakub,64d805a740ff1d54fa6f4a15dbd2283b7b4771b3b50e4710bb8017e21f5cba59,seal on last page(s) of 1; p1: bottom-right
2026-10-02T14:24:09,approved,030_26708-A_brightline.pdf,030_26708-A_brightline.pdf,muhammadeakub,8e2152cdc0cbfb5f9195fa2dfca8233f5dd6f645059e7a6613e19c02b4a91fae,seal on last page(s) of 1; p1: bottom-right
2026-10-02T14:24:09,approved,031_86873-A_brightline.pdf,031_86873-A_brightline.pdf,muhammadeakub,a1d1637143d005305e3d52b7d9e21f4e5c88f3695bf189658a9d71f55ba1429d,seal on last page(s) of 2; p2: bottom-right
2026-10-02T14:24:09,approved,032_75539_meridiansec.pdf,032_75539_meridiansec.pdf,muhammadeakub,3c4d357fe202e57e5e661a3cb3a4fd11c5d3884fae450593a1cef6e72684c83b,seal on last page(s) of 1; p1: bottom-right
2026-10-02T14:24:09,approved,033_INV095933_oakridgefc.pdf,033_INV095933_oakridgefc.pdf,muhammadeakub,e2640a2f49d4935cb23d58e873284ad0217c38ecbba8330e91fc5a081589c62d,seal on last page(s) of 1; p1: bottom-right
2026-10-02T14:24:09,approved,034_INV-2026-75079_meridiansec.pdf,034_INV-2026-75079_meridiansec.pdf,muhammadeakub,a3ad98b3edf0dc2f0f5f113968a4b010ac1460c075e4ce6b30c810794df1354d,seal on last page(s) of 2; p2: bottom-right
2026-10-02T14:24:10,approved,035_INV092286_meridiansec.pdf,035_INV092286_meridiansec.pdf,muhammadeakub,641325e5d73d68842c752520fce76e8b39f74e2e86a80175d4874dd9a25d1dab,seal on last page(s) of 1; p1: bottom-right
2026-10-02T14:24:10,approved,036_INV092686_pinecrestcater.pdf,036_INV092686_pinecrestcater.pdf,muhammadeakub,6d23b887b217370f2c70e9d833a06096540f3d788962e73faea9260779c14c7f,seal on last page(s) of 1; p1: bottom-right
2026-10-02T14:24:10,approved,037_37987_brightline.pdf,037_37987_brightline.pdf,muhammadeakub,11d61afa200304fab927874866333af6a9f879e5e564ead73b4db2a15faa2900,seal on last page(s) of 1; p1: bottom-right
2026-10-02T14:24:10,approved,038_INV040961_summitit.pdf,038_INV040961_summitit.pdf,muhammadeakub,49ca4b898977eb607ad78bb0db8bff108ad265eddb36c3d037f4cbada60d5705,seal on last page(s) of 2; p2: bottom-right
2026-10-02T14:24:10,approved,039_INV-2026-83702_meridiansec.pdf,039_INV-2026-83702_meridiansec.pdf,muhammadeakub,e872c1e8724b751984704205c212f648ebcb9be4452b5d9e6dfc72380b75a593,seal on last page(s) of 1; p1: bottom-right
2026-10-02T14:24:10,approved,040_65426_oakridgefc.pdf,040_65426_oakridgefc.pdf,muhammadeakub,3a96e1a68939db923cf6f2fa40788d82aed9f7cb84d58e163a2486b8ab392ffa,seal on last page(s) of 2; p2: bottom-right
2026-10-02T14:24:10,approved,041_12209-A_meridiansec.pdf,041_12209-A_meridiansec.pdf,muhammadeakub,1317821e1ed5f013733a9033e42e168e74b1f64e7566013c9ded406ec4ac68ba,seal on last page(s) of 3; p3: bottom-right
2026-10-02T14:24:10,approved,042_14748-A_graniterecords.pdf,042_14748-A_graniterecords.pdf,muhammadeakub,d47b1bf6155d15891eb48f6cebd05f3cecc5413f6351dcf07028bdf3ab3db4e4,seal on last page(s) of 2; p2: bottom-right
2026-10-02T14:24:10,approved,043_INV-2026-67724_pinecrestcater.pdf,043_INV-2026-67724_pinecrestcater.pdf,muhammadeakub,8f04f585ba0ec8c9752dc862c8f23811cbc7592cab2e4b13caab83d3501b8f70,seal on last page(s) of 1; p1: bottom-right
2026-10-02T14:24:10,approved,044_18237_harborcourier.pdf,044_18237_harborcourier.pdf,muhammadeakub,1bebfaf260207645e6f4bd90505c4e541ebef9643fece0bdb1e78113e233f42c,seal on last page(s) of 2; p2: bottom-right
2026-10-02T14:24:10,approved,045_INV-2026-99003_oakridgefc.pdf,045_INV-2026-99003_oakridgefc.pdf,muhammadeakub,681505f10ed2ecf03dce3ba504b042f20b2707287a1014c84b9f9a29e245f983,seal on last page(s) of 1; p1: bottom-right
2026-10-02T14:24:10,approved,046_INV-2026-97477_summitit.pdf,046_INV-2026-97477_summitit.pdf,muhammadeakub,f61fd59233b2690ab5e7d70943db82c9d6ab18f812275419991a48152da81d54,seal on last page(s) of 2; p2: bottom-right
2026-10-02T14:24:10,approved,047_70724_cascadecr.pdf,047_70724_cascadecr.pdf,muhammadeakub,cbd689c778f4d948cb505410aa1fdc0aabfdc50f43d920eea52680d466758932,seal on last page(s) of 2; p2: bottom-right
2026-10-02T14:24:10,approved,048_INV029304_graniterecords.pdf,048_INV029304_graniterecords.pdf,muhammadeakub,2b8a6f55cb503e3085b2d33262bbcebc01fc7336aa3b1c182280e253f2f4c866,seal on last page(s) of 2; p2: bottom-right
2026-10-02T14:24:10,approved,049_85659_graniterecords.pdf,049_85659_graniterecords.pdf,muhammadeakub,7cf3e913e37e6b6cc13aeb8f7b3b836e7c2e98deb998dfcf9ce71a0d0a57ec85,seal on last page(s) of 3; p3: bottom-right
2026-10-02T14:24:10,approved,050_INV-2026-97866_meridiansec.pdf,050_INV-2026-97866_meridiansec.pdf,muhammadeakub,80e5f2e007ffad6a24c575c00f394c5f9f862b8e295925693e8dc08817194320,seal on last page(s) of 2; p2: bottom-right
2026-10-02T14:24:10,approved,051_INV-2026-3014_brightline.pdf,051_INV-2026-3014_brightline.pdf,muhammadeakub,dd30304c40def4c7114bf13d97238f88fc2dbe37b859b31988c0fee18c86d4ad,seal on last page(s) of 2; p2: bottom-right
2026-10-02T14:24:10,approved,052_INV028878_harborcourier.pdf,052_INV028878_harborcourier.pdf,muhammadeakub,5a021c3f0073195a0a3656194a4a92cdf8b6150360b48436af4c51c939a81374,seal on last page(s) of 1; p1: bottom-right
2026-10-02T14:24:10,approved,053_INV045923_harborcourier.pdf,053_INV045923_harborcourier.pdf,muhammadeakub,a44afd31ee4b2702c8d6f81c6d9c50eafe155e73d29c50352add823e9bacd163,seal on last page(s) of 1; p1: bottom-right
2026-10-02T14:24:10,approved,054_INV037429_pinecrestcater.pdf,054_INV037429_pinecrestcater.pdf,muhammadeakub,8969056fa0536049102a2d8f308086cb64868c5673e23c811a321347cec18941,seal on last page(s) of 2; p2: bottom-right
2026-10-02T14:24:10,approved,055_INV049941_northwindtx.pdf,055_INV049941_northwindtx.pdf,muhammadeakub,a744849261789c1845b27b1ec8fab496274dd1fe8b1190b523371bfd7bb002f5,seal on last page(s) of 1; p1: bottom-right
2026-10-02T14:24:10,approved,056_INV027590_oakridgefc.pdf,056_INV027590_oakridgefc.pdf,muhammadeakub,b5ee27b3a57198d6e570e51524f7d60f3e584899945918d2fc2a83470ddc67dc,seal on last page(s) of 3; p3: bottom-right
2026-10-02T14:24:10,approved,057_76644-A_harborcourier.pdf,057_76644-A_harborcourier.pdf,muhammadeakub,a538639abbec9142b5ccb0a37b7e67ea7d26f111626382ac19f32367d371adcb,seal on last page(s) of 1; p1: bottom-right
2026-10-02T14:24:10,approved,058_45721_cascadecr.pdf,058_45721_cascadecr.pdf,muhammadeakub,d2716d7425f424329c32163282eb75c3b6e795d375ce690c5669e8b620ba1c09,seal on last page(s) of 1; p1: bottom-right
2026-10-02T14:24:10,approved,059_INV058184_graniterecords.pdf,059_INV058184_graniterecords.pdf,muhammadeakub,652b237ae226ebcbde893b6a4be5fa4d7a1011e68955b0e34d59d35e63de3d02,seal on last page(s) of 2; p2: bottom-right
2026-10-02T14:24:10,approved,060_76869-A_harborcourier.pdf,060_76869-A_harborcourier.pdf,muhammadeakub,5dea253ea0027eb009ff22ad31b49b28164842480fe7ca776f645b26a48a0468,seal on last page(s) of 1; p1: bottom-right
2026-10-02T14:24:10,approved,061_INV-2026-90352_meridiansec.pdf,061_INV-2026-90352_meridiansec.pdf,muhammadeakub,ec3ccaa2b6a1b09d5d9fb79b6f7fc0b70e28700c9ef69729668351ff5e48e21f,seal on last page(s) of 1; p1: bottom-right
2026-10-02T14:24:10,approved,062_71956-A_brightline.pdf,062_71956-A_brightline.pdf,muhammadeakub,c0dde8a9f49438e72aee26436234382f334b91d2904229e5646dfe13b3c1675b,seal on last page(s) of 1; p1: bottom-right
2026-10-02T14:24:10,approved,063_86418_summitit.pdf,063_86418_summitit.pdf,muhammadeakub,dfa31a9531b5b7d7e8764c37ee61ccf36b1edcad61a0cfd5ed2362f62f069aaf,seal on last page(s) of 2; p2: bottom-right
2026-10-02T14:24:10,approved,064_24947_graniterecords.pdf,064_24947_graniterecords.pdf,muhammadeakub,95e41e1fec9e6f06ba739333b14b20d7472d377e8cc023836edb5daf5934c099,seal on last page(s) of 2; p2: bottom-right
2026-10-02T14:24:10,approved,065_08803_pinecrestcater.pdf,065_08803_pinecrestcater.pdf,muhammadeakub,2e6b331b4e1346c18fd78c00ed608341c9a79b451c77f291acbae3eadb21abc3,seal on last page(s) of 3; p3: bottom-right
2026-10-02T14:24:10,approved,066_INV-2026-16330_meridiansec.pdf,066_INV-2026-16330_meridiansec.pdf,muhammadeakub,110163760b0d3d0b5e97c2aed96d462397d1ebd14d762d4f6d0f74303a4b8551,seal on last page(s) of 2; p2: bottom-right
2026-10-02T14:24:10,approved,067_47521_meridiansec.pdf,067_47521_meridiansec.pdf,muhammadeakub,1701001352d087939732ed39a6676c48eb05180eba248cb07cf2e1e7fe18b1db,seal on last page(s) of 1; p1: bottom-right
2026-10-02T14:24:10,approved,068_10168_cascadecr.pdf,068_10168_cascadecr.pdf,muhammadeakub,bd99da9d4d0ac7c5f04f033fa5e66f59bbd8ea732fe4416bc616842decb7c911,seal on last page(s) of 2; p2: bottom-right
2026-10-02T14:24:10,approved,069_INV-2026-91802_cascadecr.pdf,069_INV-2026-91802_cascadecr.pdf,muhammadeakub,ed86ae138e9041ae73ae3b4f2f7f62e9cf466f9e41a370e75d80db5ea13b3fe4,seal on last page(s) of 1; p1: bottom-right
2026-10-02T14:24:11,approved,070_09884_pinecrestcater.pdf,070_09884_pinecrestcater.pdf,muhammadeakub,8e3130f2806f7dbe34586cc6bd76c8609a301b9c510f27fb2e2a3c139ea975c8,seal on last page(s) of 1; p1: bottom-right
2026-10-02T14:24:11,approved,071_51623-A_pinecrestcater.pdf,071_51623-A_pinecrestcater.pdf,muhammadeakub,d35c00eb75a747083bb0cbd79da052d81584262e14780592746258c6357b6b63,seal on last page(s) of 3; p3: bottom-right
2026-10-02T14:24:11,approved,072_55120-A_cascadecr.pdf,072_55120-A_cascadecr.pdf,muhammadeakub,ed711b8d06f514e88bf05e923932a627ad2d3bb972309c07815dc7ee5be27536,seal on last page(s) of 2; p2: bottom-right
2026-10-02T14:24:11,approved,073_INV-2026-79630_bluewaterprint.pdf,073_INV-2026-79630_bluewaterprint.pdf,muhammadeakub,8753e6bb59cfe0f3d417f9f084f422c3d2b0b795bd8672446eb6e73be6fca282,seal on last page(s) of 3; p3: bottom-right
2026-10-02T14:24:11,approved,074_INV-2026-26805_northwindtx.pdf,074_INV-2026-26805_northwindtx.pdf,muhammadeakub,d6d2f390b1ed92bf8e9888c02a127bc6c1ffafe162900235bbae6795d241f8db,seal on last page(s) of 1; p1: bottom-right
2026-10-02T14:24:11,approved,075_90404-A_oakridgefc.pdf,075_90404-A_oakridgefc.pdf,muhammadeakub,cc93095be24635c35871524ce72dcc718b266e1927e68e326678e5a169dd933c,seal on last page(s) of 4; p4: bottom-right
2026-10-02T14:24:11,approved,076_81214_brightline.pdf,076_81214_brightline.pdf,muhammadeakub,5c5cc5a442795da1fec79008a35f66786cad40ed4fe8de101917782a6145dd60,seal on last page(s) of 1; p1: bottom-right
2026-10-02T14:24:11,approved,077_INV-2026-30499_bluewaterprint.pdf,077_INV-2026-30499_bluewaterprint.pdf,muhammadeakub,93db026e9aed90c00975f73c5aef89350f5ec73c8f820d5898e4fff1e1beb0f1,seal on last page(s) of 1; p1: bottom-right
2026-10-02T14:24:11,approved,078_INV053992_cascadecr.pdf,078_INV053992_cascadecr.pdf,muhammadeakub,636e74bfe427a959bbc49ea96daf6e287db317c408069608634fda44a8700d16,seal on last page(s) of 2; p2: bottom-right
2026-10-02T14:24:11,approved,079_88677-A_pinecrestcater.pdf,079_88677-A_pinecrestcater.pdf,muhammadeakub,204ddbebe3284009948701c294ac630c567c2e3e0de4e1e5017a396034997af8,seal on last page(s) of 2; p2: bottom-right
2026-10-02T14:24:11,approved,080_INV086336_cascadecr.pdf,080_INV086336_cascadecr.pdf,muhammadeakub,3be09c8aa7340cb0f77dc81c03566954fbb161d6567a639bb681e9ecc6cc8c84,seal on last page(s) of 1; p1: bottom-right
2026-10-02T14:24:11,approved,081_25158_northwindtx.pdf,081_25158_northwindtx.pdf,muhammadeakub,def8dc57cb071af911d298a12d5ba1e6e893737d052493050f33a73f03fd072e,seal on last page(s) of 2; p2: bottom-right
2026-10-02T14:24:11,approved,082_INV-2026-73075_pinecrestcater.pdf,082_INV-2026-73075_pinecrestcater.pdf,muhammadeakub,dab739827b85c842a809ba5b10f401326274c1f7e92cc0177a0054f34dc3675f,seal on last page(s) of 1; p1: bottom-right
2026-10-02T14:24:11,approved,083_INV070944_meridiansec.pdf,083_INV070944_meridiansec.pdf,muhammadeakub,8dfe4feb27fa8c07df0d0988c7837c60214df3f2f200011fad33bfacaa566f38,seal on last page(s) of 2; p2: bottom-right
2026-10-02T14:24:11,approved,084_2222-A_cascadecr.pdf,084_2222-A_cascadecr.pdf,muhammadeakub,7a49b55538431214080e7c8203033469b49a7437d11b2619032034d1129ab669,seal on last page(s) of 1; p1: bottom-right
2026-10-02T14:24:11,approved,085_40708_harborcourier.pdf,085_40708_harborcourier.pdf,muhammadeakub,f3e5c877fb479bcb0b9a282e15e5ac73dea40fb078178fa9896fb3fca6d6603e,seal on last page(s) of 1; p1: bottom-right
2026-10-02T14:24:11,approved,086_INV045775_harborcourier.pdf,086_INV045775_harborcourier.pdf,muhammadeakub,6f7338712bc44658f2e334592b9f424556b03bcde786e4b9d9376238b48e8dc4,seal on last page(s) of 1; p1: bottom-right
2026-10-02T14:24:11,approved,087_76860_brightline.pdf,087_76860_brightline.pdf,muhammadeakub,0fe62a24347c041f3302e6edba0080282bd04035eaa20b1dbe2e3c7c5229e648,seal on last page(s) of 4; p4: bottom-right
2026-10-02T14:24:11,approved,088_INV-2026-50056_summitit.pdf,088_INV-2026-50056_summitit.pdf,muhammadeakub,0b91b430a280eca6bab92bbaff7480c7fd5c4ec7ec2726b280c10560e5220b5e,seal on last page(s) of 1; p1: bottom-right
2026-10-02T14:24:11,approved,089_INV067481_graniterecords.pdf,089_INV067481_graniterecords.pdf,muhammadeakub,fbec5c98b59807d4061804792fce0fae101b3874d9a7a22b014938a7c537ec60,seal on last page(s) of 1; p1: bottom-right
2026-10-02T14:24:11,approved,090_INV052384_oakridgefc.pdf,090_INV052384_oakridgefc.pdf,muhammadeakub,6f70ac5b3447aeaec8125de909d35113915a7b0b74c26faaf5e583ce1445270f,seal on last page(s) of 1; p1: bottom-right
2026-10-02T14:24:11,approved,091_75034_brightline.pdf,091_75034_brightline.pdf,muhammadeakub,bf230ff3d58408d1db14c8519cb491f092d996c113cfdffe5e589883ecbbc1e8,seal on last page(s) of 1; p1: bottom-right
2026-10-02T14:24:11,approved,092_90853_harborcourier.pdf,092_90853_harborcourier.pdf,muhammadeakub,6b532b8e3263e35d0f472373e2617193432965182400ebc0b7fde33e29dc682a,seal on last page(s) of 1; p1: bottom-right
2026-10-02T14:24:11,approved,093_17207-A_meridiansec.pdf,093_17207-A_meridiansec.pdf,muhammadeakub,d9797b0a848e9495cc563d413e3b3e21c21cfcfe4ebc7f120b58762ebd2ee792,seal on last page(s) of 1; p1: bottom-right
2026-10-02T14:24:11,approved,094_INV051237_graniterecords.pdf,094_INV051237_graniterecords.pdf,muhammadeakub,980287ded1ebe4144f7bb5a7e11baadec5c1ef4bedb6d648c171b9b25f53d6b8,seal on last page(s) of 2; p2: bottom-right
2026-10-02T14:24:11,approved,095_90667_meridiansec.pdf,095_90667_meridiansec.pdf,muhammadeakub,241faac4aab1c637e4643b461efeb1ba7827451e3d3ad97abbfb820b59be8aa5,seal on last page(s) of 2; p2: bottom-right
2026-10-02T14:24:11,approved,096_25375-A_brightline.pdf,096_25375-A_brightline.pdf,muhammadeakub,21c9be1516303a5d15e3666ae28afd499de2abbeafa1db3dd79de083f4841404,seal on last page(s) of 1; p1: bottom-right
2026-10-02T14:24:11,approved,097_INV-2026-56249_oakridgefc.pdf,097_INV-2026-56249_oakridgefc.pdf,muhammadeakub,e8d5bc3968c67ad43297e45b548129fa54723d6d3bf2aeba3a7d1f559efbb7cb,seal on last page(s) of 1; p1: bottom-right
2026-10-02T14:24:11,approved,098_84736_oakridgefc.pdf,098_84736_oakridgefc.pdf,muhammadeakub,4ee36eb77c7901da308f9d5460d1f1bd44573db51b9a8139d2932b42a635a975,seal on last page(s) of 2; p2: bottom-right
2026-10-02T14:24:11,approved,099_INV056764_northwindtx.pdf,099_INV056764_northwindtx.pdf,muhammadeakub,0b97bb9d946ec4afa13ea70e55b70ddeeca2c5d46a0418cb928251930c248528,seal on last page(s) of 2; p2: bottom-right
2026-10-02T14:24:11,approved,100_53498_graniterecords.pdf,100_53498_graniterecords.pdf,muhammadeakub,099592a60768e32ca161de8b7a74b513238dd3196ee1f65a841e87bfb7ca03cd,seal on last page(s) of 1; p1: bottom-right
2026-10-02T14:24:11,approved,101_INV-2026-74163_northwindtx.pdf,101_INV-2026-74163_northwindtx.pdf,muhammadeakub,46b7f2ba2bd415b8ed85ad19205c20de39410b939322c34b2242759daed08726,seal on last page(s) of 3; p3: bottom-right
2026-10-02T14:24:11,approved,102_INV-2026-42124_pinecrestcater.pdf,102_INV-2026-42124_pinecrestcater.pdf,muhammadeakub,78477a47e7b81cff548105ee3505ecb23a751138037d08631fc37c2bb3899e03,seal on last page(s) of 4; p4: bottom-right
2026-10-02T14:24:11,approved,103_INV-2026-31296_pinecrestcater.pdf,103_INV-2026-31296_pinecrestcater.pdf,muhammadeakub,95d1984c3ddf854ed619d6924c992f96c3ffd938037ff578f70e296239b0dfbb,seal on last page(s) of 4; p4: bottom-right
2026-10-02T14:24:11,approved,104_INV-2026-15738_harborcourier.pdf,104_INV-2026-15738_harborcourier.pdf,muhammadeakub,8238c4d3eea55aea0d28711f7fcf0592ebb536c36dd562347d7644255a16d40e,seal on last page(s) of 2; p2: bottom-right
2026-10-02T14:24:11,approved,105_INV-2026-70724_summitit.pdf,105_INV-2026-70724_summitit.pdf,muhammadeakub,1da881c7c0ed571f910d9ff068a084c056f74cf7b8dcedceea258cdc28d8869a,seal on last page(s) of 1; p1: bottom-right
2026-10-02T14:24:12,approved,106_73968-A_summitit.pdf,106_73968-A_summitit.pdf,muhammadeakub,880a8fc793f68bd9bd63e682f7d8a32f8c2f8b6a7e207656c8ef2ca2272deba9,seal on last page(s) of 2; p2: bottom-right
2026-10-02T14:24:12,approved,107_56930-A_graniterecords.pdf,107_56930-A_graniterecords.pdf,muhammadeakub,e7254c3a2cf141b5774028bf5b1fed0bf4208957ec3e01c204ced1db69a72816,seal on last page(s) of 1; p1: bottom-right
2026-10-02T14:24:12,approved,108_INV048537_meridiansec.pdf,108_INV048537_meridiansec.pdf,muhammadeakub,716349d52af3a1134d33168a2a89fbc5d428a279bb49d4cf61e8b4e769cf0373,seal on last page(s) of 2; p2: bottom-right
2026-10-02T14:24:12,approved,109_INV027983_oakridgefc.pdf,109_INV027983_oakridgefc.pdf,muhammadeakub,7285206b6ee09cc3ba70cf8b0b38b32e9e5c04e98666327a1d856c721d7fcf1b,seal on last page(s) of 1; p1: bottom-right
2026-10-02T14:24:12,approved,110_INV083440_bluewaterprint.pdf,110_INV083440_bluewaterprint.pdf,muhammadeakub,72e0ef7c83c1accd76d51af65204270779a3e505eb789789905297337663178b,seal on last page(s) of 2; p2: bottom-right
2026-10-02T14:24:12,approved,111_85855_oakridgefc.pdf,111_85855_oakridgefc.pdf,muhammadeakub,d6ba32d25094b172e3c30cf8f27bacd1b23e27a53dbc32c95b5bce742df9cfe0,seal on last page(s) of 1; p1: bottom-right
2026-10-02T14:24:12,approved,112_INV-2026-33658_meridiansec.pdf,112_INV-2026-33658_meridiansec.pdf,muhammadeakub,02d60fa27dba4c485cb4a9acf214fbaa1a4ea26d31395775228a40b9d39930d0,seal on last page(s) of 1; p1: bottom-right
2026-10-02T14:24:12,approved,113_66194_pinecrestcater.pdf,113_66194_pinecrestcater.pdf,muhammadeakub,79bf37db64e1cceb43c42caf320203d9078b1d340e48d02c93d9a9b220395a79,seal on last page(s) of 1; p1: bottom-right
2026-10-02T14:24:12,approved,114_INV-2026-78056_harborcourier.pdf,114_INV-2026-78056_harborcourier.pdf,muhammadeakub,148d445be7708de0aca69bf94cc16d3da46cf3cef8668f1f98c5f91c8471b19a,seal on last page(s) of 1; p1: bottom-right
2026-10-02T14:24:12,approved,115_INV-2026-1307_brightline.pdf,115_INV-2026-1307_brightline.pdf,muhammadeakub,51a7b7035e545719d356c1db4e58d2790299f6101326f25e2763ba074235fae4,seal on last page(s) of 2; p2: bottom-right
2026-10-02T14:24:12,approved,116_69668_pinecrestcater.pdf,116_69668_pinecrestcater.pdf,muhammadeakub,b8187d7cdd3f7c7129805a7eaae5caac79d377992149ab9b0ebe38cf8563811b,seal on last page(s) of 1; p1: bottom-right
2026-10-02T14:24:12,approved,117_3518-A_oakridgefc.pdf,117_3518-A_oakridgefc.pdf,muhammadeakub,9c53ca5bf1c5298f6b3551cd69ecc7b466a8804dab28cf8581718b79047ef379,seal on last page(s) of 1; p1: bottom-right
2026-10-02T14:24:12,approved,118_INV048262_harborcourier.pdf,118_INV048262_harborcourier.pdf,muhammadeakub,f00ee1df5490fd227ff650f1022da15f1013679122bfc164561cbfd8e1b2bc4a,seal on last page(s) of 1; p1: bottom-right
2026-10-02T14:24:12,approved,119_91859-A_cascadecr.pdf,119_91859-A_cascadecr.pdf,muhammadeakub,b19aa8be361055638bee2371a4eec1e15461b96470dede9c057717968ce3f181,seal on last page(s) of 1; p1: bottom-right
2026-10-02T14:24:12,approved,120_58177-A_cascadecr.pdf,120_58177-A_cascadecr.pdf,muhammadeakub,82599b43254d4ba8541311e0ce3516bddadb919ff5eac9114d698b357093c928,seal on last page(s) of 4; p4: bottom-right
2026-10-02T14:24:12,approved,121_80681_graniterecords.pdf,121_80681_graniterecords.pdf,muhammadeakub,feec93946594f2280672c7f19f44aba4babbd82c13c14936b1fb5d2f21d908ad,seal on last page(s) of 2; p2: bottom-right
2026-10-02T14:24:12,approved,122_INV-2026-6292_cascadecr.pdf,122_INV-2026-6292_cascadecr.pdf,muhammadeakub,f24cbc63decbb902d69431610135b3d94fba19f3738384e1fe5ee2e39b1c62dc,seal on last page(s) of 2; p2: bottom-right
2026-10-02T14:24:12,approved,123_INV021895_summitit.pdf,123_INV021895_summitit.pdf,muhammadeakub,d1822085cf12874e36e03ca028e9952c5810c36c006a1ed7fae91fb3310c41fb,seal on last page(s) of 2; p2: bottom-right
2026-10-02T14:24:12,approved,124_INV-2026-57167_northwindtx.pdf,124_INV-2026-57167_northwindtx.pdf,muhammadeakub,f0f4e72df2af05dcbee1d2f3e7416ec4985ca623ad5eea9ec36238d509f10cc3,seal on last page(s) of 1; p1: bottom-right
2026-10-02T14:24:12,approved,125_INV-2026-39816_summitit.pdf,125_INV-2026-39816_summitit.pdf,muhammadeakub,3f6fc85c0cdaf4476eb4a04cda099b4fff6fb0f86aa80181e1438c0d5a5da3f1,seal on last page(s) of 1; p1: bottom-right
2026-10-02T14:24:12,approved,126_56446-A_harborcourier.pdf,126_56446-A_harborcourier.pdf,muhammadeakub,bc76eaa25a5fc94c23990e245612468c4d3d9be2bd88bf30c4227e8042ef0534,seal on last page(s) of 1; p1: bottom-right
2026-10-02T14:24:12,approved,127_INV-2026-24993_cascadecr.pdf,127_INV-2026-24993_cascadecr.pdf,muhammadeakub,02aed3896b6f5ee8a6b087320fe380d36b4b86ba3fe8fafd01b79b3be1d5a26c,seal on last page(s) of 2; p2: bottom-right
2026-10-02T14:24:12,approved,128_39599-A_summitit.pdf,128_39599-A_summitit.pdf,muhammadeakub,cbdea203f2e63b2f877665933e9ae93584fabe337955be95488481ea1a0ec8bb,seal on last page(s) of 1; p1: bottom-right
2026-10-02T14:24:12,approved,129_68529-A_graniterecords.pdf,129_68529-A_graniterecords.pdf,muhammadeakub,c4984b3487b22ea9442cbb0bb6d5169c34aa9f161df192fdb4960ae9b263ba29,seal on last page(s) of 1; p1: bottom-right
2026-10-02T14:24:12,approved,130_9816-A_brightline.pdf,130_9816-A_brightline.pdf,muhammadeakub,f485f1388f7434c54fb4e462f053b35d75924b9be62a735e8235ece3185e937e,seal on last page(s) of 2; p2: bottom-right
2026-10-02T14:24:12,approved,131_80865-A_oakridgefc.pdf,131_80865-A_oakridgefc.pdf,muhammadeakub,2c04e8479827578856432e2b18f6c552077880451a88743c0e40729ca9a1f1b2,seal on last page(s) of 1; p1: bottom-right
2026-10-02T14:24:12,approved,132_57599_graniterecords.pdf,132_57599_graniterecords.pdf,muhammadeakub,3f21a4f5ab1c86cf942a8bed5cfdc0f7c5f9e84ef6840d4ed00719720132befc,seal on last page(s) of 1; p1: bottom-right
2026-10-02T14:24:12,approved,133_INV091049_pinecrestcater.pdf,133_INV091049_pinecrestcater.pdf,muhammadeakub,19eb546b68c233e9666b4a5e47793cf521d03d9a2fac92cb2df5a9252dd6108d,seal on last page(s) of 1; p1: bottom-right
2026-10-02T14:24:12,approved,134_38886_meridiansec.pdf,134_38886_meridiansec.pdf,muhammadeakub,4adc34e10a24266c80048729e5b9b5087d5e6ca46d58919c3fe14192e76078e1,seal on last page(s) of 1; p1: bottom-right
2026-10-02T14:24:12,approved,135_INV-2026-57859_oakridgefc.pdf,135_INV-2026-57859_oakridgefc.pdf,muhammadeakub,455d99861b640cb186389b155b6eab37403b7d57eb9a79cbb883a4c07460f57e,seal on last page(s) of 1; p1: bottom-right
2026-10-02T14:24:12,approved,136_INV-2026-99167_pinecrestcater.pdf,136_INV-2026-99167_pinecrestcater.pdf,muhammadeakub,07d74c9353ba61ab3ebcab54589fb59c703e9afaa74d2beae0de526199ac819c,seal on last page(s) of 2; p2: bottom-right
2026-10-02T14:24:12,approved,137_INV-2026-9636_oakridgefc.pdf,137_INV-2026-9636_oakridgefc.pdf,muhammadeakub,9bb7c897222ec7eeaea17b79a25ac88565983691e0bfe0719892714a9b6c6a6f,seal on last page(s) of 2; p2: bottom-right
2026-10-02T14:24:12,approved,138_42722_northwindtx.pdf,138_42722_northwindtx.pdf,muhammadeakub,52ea004edfa8b14dc9a442e80286d13b8e94eb2f292d0b665489b3cf5a790166,seal on last page(s) of 1; p1: bottom-right
2026-10-02T14:24:12,approved,139_67920_bluewaterprint.pdf,139_67920_bluewaterprint.pdf,muhammadeakub,83dc357756070dc95f42463c0b96e0cd9e371929f269c1bd4270ca44855b3302,seal on last page(s) of 2; p2: bottom-right
2026-10-02T14:24:12,approved,140_72601_harborcourier.pdf,140_72601_harborcourier.pdf,muhammadeakub,ca52959bd0fd9a8109a6872ffdbc569c5cd246a5d10d84d0970f3457047b305b,seal on last page(s) of 1; p1: bottom-right
2026-10-02T14:24:13,approved,141_36504-A_harborcourier.pdf,141_36504-A_harborcourier.pdf,muhammadeakub,a4a5d6fe020864a03cad83c80e27b1d0c2db999f51f05180a51282206462ea6e,seal on last page(s) of 1; p1: bottom-right
2026-10-02T14:24:13,approved,142_INV068090_pinecrestcater.pdf,142_INV068090_pinecrestcater.pdf,muhammadeakub,f031361ac287f00fc93df33462e23462ea9c764e50b24af3b5852ea62ba3e251,seal on last page(s) of 1; p1: bottom-right
2026-10-02T14:24:13,approved,143_65338_harborcourier.pdf,143_65338_harborcourier.pdf,muhammadeakub,fa1c8af98a3ae61643715a04ffd0d2d610681947500961a07a2fafe93d180041,seal on last page(s) of 1; p1: bottom-right
2026-10-02T14:24:13,approved,144_INV048866_meridiansec.pdf,144_INV048866_meridiansec.pdf,muhammadeakub,27899a7f626703b0391663e9f126795d3dc43556a1725e6b0e4629f247a7ec6a,seal on last page(s) of 1; p1: bottom-right
2026-10-02T14:24:13,approved,145_13355-A_meridiansec.pdf,145_13355-A_meridiansec.pdf,muhammadeakub,f124e35a417e10435b2706b438d4d1182a8c1150102423232a49949051f2d93a,seal on last page(s) of 1; p1: bottom-right
2026-10-02T14:24:13,approved,146_14563-A_harborcourier.pdf,146_14563-A_harborcourier.pdf,muhammadeakub,59bbe9174630a10a0b03b8b2978a1ef31aba5d2041c30f81b8ba11a504ed632c,seal on last page(s) of 2; p2: bottom-right
2026-10-02T14:24:13,approved,147_INV-2026-63922_bluewaterprint.pdf,147_INV-2026-63922_bluewaterprint.pdf,muhammadeakub,81ac632699269b09d6c20b13e3af29a4e17be06c96d3d3d4602a29d95db31205,seal on last page(s) of 1; p1: bottom-right
2026-10-02T14:24:13,approved,148_03211_oakridgefc.pdf,148_03211_oakridgefc.pdf,muhammadeakub,276dc2f53f43883326da9a99da59ae168ffc163ae956f6aed8caf266bb149a25,seal on last page(s) of 2; p2: bottom-right
2026-10-02T14:24:13,approved,149_89284_northwindtx.pdf,149_89284_northwindtx.pdf,muhammadeakub,c96c86b58726fd5f74d7cfeaf02e2c49ea5e68a9c4da0881a94f3b3011a4f1d4,seal on last page(s) of 2; p2: bottom-right
2026-10-02T14:24:13,approved,150_35398_cascadecr.pdf,150_35398_cascadecr.pdf,muhammadeakub,6e487a0cb519c7a742ba60eabbe8cfb30baf6150adeb3bab27b61681b38c76ab,seal on last page(s) of 1; p1: bottom-right
2026-10-02T14:24:13,approved,151_INV094667_graniterecords.pdf,151_INV094667_graniterecords.pdf,muhammadeakub,7fa3796237ca7903ee88d67fb27dc6cd6970d6b8b50a4570e0b279cd246485dd,seal on last page(s) of 1; p1: bottom-right
2026-10-02T14:24:13,approved,152_85946-A_northwindtx.pdf,152_85946-A_northwindtx.pdf,muhammadeakub,eeb75c5c6f259d5d351110d53029bc2ab547095b3f8aeda892726cfd2345783f,seal on last page(s) of 1; p1: bottom-right
2026-10-02T14:24:13,approved,154_INV-2026-13623_summitit.pdf,154_INV-2026-13623_summitit.pdf,muhammadeakub,e9d08f8e4cda19ec592be2358b6c3beb1e5f3a8978784df5dbf2ee0fd4b55d6a,seal on last page(s) of 3; p3: bottom-right
2026-10-02T14:24:13,approved,155_25414-A_harborcourier.pdf,155_25414-A_harborcourier.pdf,muhammadeakub,e9e45eab7edd2eb749c1f686037ea74b16ff6b054a102e8d24cdc4055351975b,seal on last page(s) of 2; p2: bottom-right
2026-10-02T14:24:13,approved,156_76780_meridiansec.pdf,156_76780_meridiansec.pdf,muhammadeakub,12a3d99a87c71d7a9a5455c8a8b1a88fa8213f7845d71e63e1270afa9170fb1c,seal on last page(s) of 3; p3: bottom-right
2026-10-02T14:24:13,approved,157_INV-2026-19980_cascadecr.pdf,157_INV-2026-19980_cascadecr.pdf,muhammadeakub,63eac2cb6d78afc3ce7fc1f9f0943af67cb7bf7605b1840bd6ec403862af40cd,seal on last page(s) of 3; p3: bottom-right
2026-10-02T14:24:13,approved,158_17314-A_oakridgefc.pdf,158_17314-A_oakridgefc.pdf,muhammadeakub,f682b9a018960039c714834f729c64c3ca41c7616227826f3478e05e981ad07d,seal on last page(s) of 4; p4: bottom-right
2026-10-02T14:24:13,approved,159_INV062173_cascadecr.pdf,159_INV062173_cascadecr.pdf,muhammadeakub,28857ed4fbf2be0e21843e30b35ed03ff25b4509d9ec4b52c3a44d35832de87e,seal on last page(s) of 1; p1: bottom-right
2026-10-02T14:24:13,approved,160_INV-2026-57007_oakridgefc.pdf,160_INV-2026-57007_oakridgefc.pdf,muhammadeakub,d8412ed0f8ed78260adbbe77214cac15c3c5dedbab17b75689f01b370dd57fb0,seal on last page(s) of 1; p1: bottom-right
2026-10-02T14:24:13,approved,161_17570_harborcourier.pdf,161_17570_harborcourier.pdf,muhammadeakub,e037964e1a123d8ca7a7b5a192f8e21cad353ed554ef134af9cf88e88b196404,seal on last page(s) of 2; p2: bottom-right
2026-10-02T14:24:13,approved,162_26344_northwindtx.pdf,162_26344_northwindtx.pdf,muhammadeakub,db056a414383e4ac7eccd144acb09b29e472e9ff15871a341de853028a1d7c11,seal on last page(s) of 1; p1: bottom-right
2026-10-02T14:24:13,approved,163_90331-A_northwindtx.pdf,163_90331-A_northwindtx.pdf,muhammadeakub,ad089d1884c3c1c2fe77a63fdaaa16bf59894bebf9640b80abe0f1b0d88435ec,seal on last page(s) of 2; p2: bottom-right
2026-10-02T14:24:13,approved,165_INV063712_pinecrestcater.pdf,165_INV063712_pinecrestcater.pdf,muhammadeakub,6a18cca6fd430aec44200c8c7119cf1605b1fe89ac51615355c444903d7d9f38,seal on last page(s) of 2; p2: bottom-right
2026-10-02T14:24:13,approved,166_20367_oakridgefc.pdf,166_20367_oakridgefc.pdf,muhammadeakub,7b7672a56ea1478bc70a5ae860cb6e9090df8c2d26ba309ca3e614c0cd464744,seal on last page(s) of 1; p1: bottom-right
2026-10-02T14:24:13,approved,167_19121_oakridgefc.pdf,167_19121_oakridgefc.pdf,muhammadeakub,e6c47d236984efb20a5966b02283f74b5ea4de573b24979fa32a1c4f047e29fa,seal on last page(s) of 2; p2: bottom-right
2026-10-02T14:24:13,approved,168_INV-2026-21933_graniterecords.pdf,168_INV-2026-21933_graniterecords.pdf,muhammadeakub,4a6fae48014abc7a1db9159c98ef783926cd08179b069696f4815481ccb7a70a,seal on last page(s) of 1; p1: bottom-right
2026-10-02T14:24:13,approved,169_INV023663_graniterecords.pdf,169_INV023663_graniterecords.pdf,muhammadeakub,ebf9518cd264b031c67f73c623727614d65e26aac42b1b20ffaa0f09b5eccf60,seal on last page(s) of 1; p1: bottom-right
2026-10-02T14:24:13,approved,170_17652_meridiansec.pdf,170_17652_meridiansec.pdf,muhammadeakub,6b9594730e0fc08efcd0bb5f3adc21c308870b4aa9066ec3fb996141d3087005,seal on last page(s) of 2; p2: bottom-right
2026-10-02T14:24:13,approved,171_84509_cascadecr.pdf,171_84509_cascadecr.pdf,muhammadeakub,49dfd44d85c90e0c1bd1fd23a1b84b6f80e91073edc0e84a2b2249a45ef72a97,seal on last page(s) of 1; p1: bottom-right
2026-10-02T14:24:13,approved,172_38939_northwindtx.pdf,172_38939_northwindtx.pdf,muhammadeakub,d2d3d563cb6a555b710abcc8a9bf8693cfabf4a483c2271f5e0ba9bec6f59f9f,seal on last page(s) of 1; p1: bottom-right
2026-10-02T14:24:13,approved,173_83744-A_cascadecr.pdf,173_83744-A_cascadecr.pdf,muhammadeakub,3a875f24ca8c2d3d883235be613c25512ab663638a1e4bee832c503763782e27,seal on last page(s) of 1; p1: bottom-right
2026-10-02T14:24:13,approved,174_INV091064_brightline.pdf,174_INV091064_brightline.pdf,muhammadeakub,7c328b34353d065d3c5b4eabe4fe838f1dc809b6ff75548af92569ccf202c116,seal on last page(s) of 2; p2: bottom-right
2026-10-02T14:24:13,approved,175_76648-A_bluewaterprint.pdf,175_76648-A_bluewaterprint.pdf,muhammadeakub,4a9d9a910e65f241e89f55863c58916cfbf0953e2275c716b4247b9cd136418c,seal on last page(s) of 1; p1: bottom-right
2026-10-02T14:24:13,approved,176_12079_northwindtx.pdf,176_12079_northwindtx.pdf,muhammadeakub,8c0f94adf100c84dba01dbd1eaa68afdbd02e0e777d9d22660f3f5d2c52c83eb,seal on last page(s) of 1; p1: bottom-right
2026-10-02T14:24:13,approved,177_20006_cascadecr.pdf,177_20006_cascadecr.pdf,muhammadeakub,35294369817d29f130083c6950503ccec918cf105c4b7c78a67dcd64fcddd056,seal on last page(s) of 3; p3: bottom-right
2026-10-02T14:24:14,approved,179_93128_summitit.pdf,179_93128_summitit.pdf,muhammadeakub,21cfeea9bb79d51dc7221f706729e2c0e6a4732e2e7b3a575470f25e0ef1cab1,seal on last page(s) of 1; p1: bottom-right
2026-10-02T14:24:14,approved,180_INV057229_harborcourier.pdf,180_INV057229_harborcourier.pdf,muhammadeakub,041b6da7aa9fcbcd57f00db1f4d6b99d69d4c4fedee2af20f9dce3874ac2dac3,seal on last page(s) of 2; p2: bottom-right
2026-10-02T14:24:14,approved,182_82779_harborcourier.pdf,182_82779_harborcourier.pdf,muhammadeakub,0c0de15c4bbe1775a5ddc3dd137376bb35f7aa3cf280c6a1ca1f29395e4b952f,seal on last page(s) of 3; p3: bottom-right
2026-10-02T14:24:14,approved,183_INV-2026-48880_meridiansec.pdf,183_INV-2026-48880_meridiansec.pdf,muhammadeakub,6c4251fbe6e2d5394cbd07b6bfc76fa2b9146ac5ebde4bf72616b417406ca26c,seal on last page(s) of 2; p2: bottom-right
2026-10-02T14:24:14,approved,184_41809-A_brightline.pdf,184_41809-A_brightline.pdf,muhammadeakub,20ce598967dcfabd28a9743202694f9e7e8c0c0eb8755caed25559d262f0db30,seal on last page(s) of 1; p1: bottom-right
2026-10-02T14:24:14,approved,185_INV082045_graniterecords.pdf,185_INV082045_graniterecords.pdf,muhammadeakub,6ff194c2a7ad15579f0fa7ed52503ad898234e59c1123a6f6af13efece7c60fb,seal on last page(s) of 1; p1: bottom-right
2026-10-02T14:24:14,approved,186_INV-2026-1175_pinecrestcater.pdf,186_INV-2026-1175_pinecrestcater.pdf,muhammadeakub,89a996bec47f00225db53b16afc9489da974ea81b8bce8e64df402c3e1df0801,seal on last page(s) of 3; p3: bottom-right
2026-10-02T14:24:14,approved,187_12097_brightline.pdf,187_12097_brightline.pdf,muhammadeakub,241bb0d328ec3a3fb3389a9564eddaa808fdcfb1ff00d45d988f53b4165edd88,seal on last page(s) of 3; p3: bottom-right
2026-10-02T14:24:14,approved,188_51189_brightline.pdf,188_51189_brightline.pdf,muhammadeakub,45222f16b55971e33904a999c863e35368dd6d2d5244a26520ca67e6a26c88a5,seal on last page(s) of 1; p1: bottom-right
2026-10-02T14:24:14,approved,189_54796_harborcourier.pdf,189_54796_harborcourier.pdf,muhammadeakub,a9adc2700def67851e06addef9de9b8a4633f9ca361baa69a77dc2b4fbf7c3b4,seal on last page(s) of 2; p2: bottom-right
2026-10-02T14:24:14,approved,190_INV-2026-35842_northwindtx.pdf,190_INV-2026-35842_northwindtx.pdf,muhammadeakub,0783122d9f0695362e1988e9b8296a28f8783df2a0dde13f2e7b6dcccff1a63e,seal on last page(s) of 4; p4: bottom-right
2026-10-02T14:24:14,approved,191_87683_bluewaterprint.pdf,191_87683_bluewaterprint.pdf,muhammadeakub,8e065a0f6249b2712740f906460c259a701e2a107841c6da8c1deee65ecfc9b2,seal on last page(s) of 4; p4: bottom-right
2026-10-02T14:24:14,approved,192_INV010127_summitit.pdf,192_INV010127_summitit.pdf,muhammadeakub,6752f525800ffebce31f057bcfdacdf0c5569dc37ec5f33b66baa66425c193a7,seal on last page(s) of 4; p4: bottom-right
2026-10-02T14:24:14,approved,193_62447_meridiansec.pdf,193_62447_meridiansec.pdf,muhammadeakub,ed3d2c203bd100c29e263b28954dfdc1a8dc6b4b2bf2e0e0d434af67a506443b,seal on last page(s) of 1; p1: bottom-right
2026-10-02T14:24:14,approved,194_INV-2026-90739_brightline.pdf,194_INV-2026-90739_brightline.pdf,muhammadeakub,e1fffea30e66e0be9a9e802562432110ab61c9e3e7d8e9462cb7630660602152,seal on last page(s) of 1; p1: bottom-right
2026-10-02T14:24:14,approved,195_INV099929_northwindtx.pdf,195_INV099929_northwindtx.pdf,muhammadeakub,e7fb5d7d38af6ae2fe1ebbfcac6b0407f322daf9186dfbaebd4ff735982a6b02,seal on last page(s) of 2; p2: bottom-right
2026-10-02T14:24:14,approved,196_INV-2026-91101_pinecrestcater.pdf,196_INV-2026-91101_pinecrestcater.pdf,muhammadeakub,1d6ebbd3c67347d2fbc95bcfc6762dd9614a25cacd389aeace150daf91f496ab,seal on last page(s) of 1; p1: bottom-right
2026-10-02T14:24:14,approved,197_INV-2026-40845_harborcourier.pdf,197_INV-2026-40845_harborcourier.pdf,muhammadeakub,97a467de439646cb100bac7a7a759f037cda7974c3df996d5da698ab756e29ce,seal on last page(s) of 2; p2: bottom-right
2026-10-02T14:24:14,approved,198_INV-2026-71425_meridiansec.pdf,198_INV-2026-71425_meridiansec.pdf,muhammadeakub,eaa1d36dcfde621707a1c49d18c48e4ac03c4069bc97429183a47d9b8887f111,seal on last page(s) of 1; p1: bottom-right
2026-10-02T14:24:14,approved,199_INV015698_oakridgefc.pdf,199_INV015698_oakridgefc.pdf,muhammadeakub,e65316322610c8bbc8c4a2a5fba6805b283b82fa698d84906cbd2b7414fe4c76,seal on last page(s) of 2; p2: bottom-right
2026-10-02T14:24:14,approved,200_INV056808_graniterecords.pdf,200_INV056808_graniterecords.pdf,muhammadeakub,9b047169d670e582f573a6b4e03c0ef0ad74dfb229497f3b74ee7cf9f9110a9d,seal on last page(s) of 3; p3: bottom-right
2026-10-02T14:29:09,approved,001_24836-A_brightline.pdf,001_24836-A_brightline.pdf,muhammadeakub,07bcd890a7801e520172b5a4606d16a5a8ae842d3ad2ca8baf3c6ecc91dce1dc,seal on last page(s) of 1; p1: bottom-right
2026-10-02T14:29:09,approved,002_INV049972_northwindtx.pdf,002_INV049972_northwindtx.pdf,muhammadeakub,5e0d7c3e377a44df0f0a09410fd4548d99d0d142665d81c583f5a190da23757c,seal on last page(s) of 1; p1: bottom-right
2026-10-02T14:29:09,approved,003_97092-A_bluewaterprint.pdf,003_97092-A_bluewaterprint.pdf,muhammadeakub,689fd2b2a79385dfcf801f3481d97107e2a48858540327cec61e2f60614dcdb8,seal on last page(s) of 2; p2: bottom-right
2026-10-02T14:29:09,approved,004_70950-A_cascadecr.pdf,004_70950-A_cascadecr.pdf,muhammadeakub,fb645b178d7e28125170a7a059747572bb4a57c322bcb5a3f98020914eab2850,seal on last page(s) of 2; p2: bottom-right
2026-10-02T14:29:09,approved,005_32411-A_cascadecr.pdf,005_32411-A_cascadecr.pdf,muhammadeakub,6c57580cacdf6b6150bf4a647ed5455925854c1dd18e389c79eb1e0c3ecbc457,seal on last page(s) of 2; p2: bottom-right
2026-10-02T14:29:09,approved,006_86823_meridiansec.pdf,006_86823_meridiansec.pdf,muhammadeakub,cefb26fa93b2b17293425aa6dbcdacb2787ff22da965985a78c33aac768b56fa,seal on last page(s) of 1; p1: bottom-right
2026-10-02T14:29:09,approved,007_4654-A_bluewaterprint.pdf,007_4654-A_bluewaterprint.pdf,muhammadeakub,e96621d728516aa18f61a685a55c70063aa5a18be9cac285511693875fbc7f13,seal on last page(s) of 2; p2: bottom-right
2026-10-02T14:29:09,approved,008_92839_pinecrestcater.pdf,008_92839_pinecrestcater.pdf,muhammadeakub,2b9388aab91f9e3a71d008a6db7129c3ffcb52ff949ffe715e5cad91fc082871,seal on last page(s) of 2; p2: bottom-right
2026-10-02T14:29:09,approved,009_INV036164_bluewaterprint.pdf,009_INV036164_bluewaterprint.pdf,muhammadeakub,5c6d450bf67aa2226056ef8b4541c06f2aba0a51f513dba2e72aadce437645b5,seal on last page(s) of 1; p1: bottom-right
2026-10-02T14:29:09,approved,010_70020-A_meridiansec.pdf,010_70020-A_meridiansec.pdf,muhammadeakub,075a5980c1621c6ac0f1897ee9ee934f98c44e2e40a736cf1eb8e57fb98e6009,seal on last page(s) of 2; p2: bottom-right
2026-10-02T14:29:09,approved,011_INV-2026-51897_northwindtx.pdf,011_INV-2026-51897_northwindtx.pdf,muhammadeakub,fd0c2c043da74873d84a8792ab81a04b3b5aaf8f97a246369c50143bf1c3cba5,seal on last page(s) of 1; p1: bottom-right
2026-10-02T14:29:09,approved,012_54425_pinecrestcater.pdf,012_54425_pinecrestcater.pdf,muhammadeakub,9f6ce5eb2c72bf67878199517711a7556ab0a0c7b41f7d9e4ed6f716ba9959a1,seal on last page(s) of 1; p1: bottom-right
2026-10-02T14:29:09,approved,013_INV-2026-98316_harborcourier.pdf,013_INV-2026-98316_harborcourier.pdf,muhammadeakub,cdab7b886554379430768fe510160e75302ac3fac7abb53a6888a685128ded12,seal on last page(s) of 1; p1: bottom-right
2026-10-02T14:29:09,approved,014_64906_oakridgefc.pdf,014_64906_oakridgefc.pdf,muhammadeakub,52410ab643f9d50f13fd0ffae8748c602f2fcfe3adf66f5a50a568bc97cc4795,seal on last page(s) of 1; p1: bottom-right
2026-10-02T14:29:09,approved,015_INV-2026-77458_cascadecr.pdf,015_INV-2026-77458_cascadecr.pdf,muhammadeakub,e6b046d4bf49a7ac04d341359e44bf7be630dfed04cbd406db96c143f411b71a,seal on last page(s) of 3; p3: bottom-right
2026-10-02T14:29:09,approved,016_43307_bluewaterprint.pdf,016_43307_bluewaterprint.pdf,muhammadeakub,8d44d9658db3b658a6222f57c1fa8b71edcccf440c2b57c5966ce924acb6b24c,seal on last page(s) of 1; p1: bottom-right
2026-10-02T14:29:09,approved,017_73681_brightline.pdf,017_73681_brightline.pdf,muhammadeakub,fef6845158848ef31457e10945b95402c1887f37a802dcb092cd1f77b21ea92e,seal on last page(s) of 3; p3: bottom-right
2026-10-02T14:29:09,approved,018_INV-2026-84206_meridiansec.pdf,018_INV-2026-84206_meridiansec.pdf,muhammadeakub,eaba4b2f136cf8f58098fc0901f98bb5f1c18f7f4879b1db23fdfb38b2fde93f,seal on last page(s) of 1; p1: bottom-right
2026-10-02T14:29:09,approved,019_31623_harborcourier.pdf,019_31623_harborcourier.pdf,muhammadeakub,b6b99be94ed6e5d45bf7ee255c359b02484010e19dc8d21c2a526ecacb3ef1ee,seal on last page(s) of 1; p1: bottom-right
2026-10-02T14:29:09,approved,020_INV-2026-32152_northwindtx.pdf,020_INV-2026-32152_northwindtx.pdf,muhammadeakub,ac2819093c4bd6201ee97dcc884e8051b241131aa0f247095a862f6ebb459cd6,seal on last page(s) of 2; p2: bottom-right
2026-10-02T14:29:09,approved,021_33409-A_summitit.pdf,021_33409-A_summitit.pdf,muhammadeakub,4d9c7137a20a1561abe908256f98e4592ae2f8678f46045f79e8b68f019846b9,seal on last page(s) of 4; p4: bottom-right
2026-10-02T14:29:09,approved,022_INV-2026-84177_brightline.pdf,022_INV-2026-84177_brightline.pdf,muhammadeakub,ef41fca2ca656b2cca2904cfc3b72634467307fe4e20c9ea9ebfe877db3a9bee,seal on last page(s) of 1; p1: bottom-right
2026-10-02T14:29:09,approved,023_86916_oakridgefc.pdf,023_86916_oakridgefc.pdf,muhammadeakub,6d21f7bfa2f530983645abf32ea26702ad2565283c5ba3c1f34453a071c64be0,seal on last page(s) of 1; p1: bottom-right
2026-10-02T14:29:09,approved,024_INV-2026-25673_northwindtx.pdf,024_INV-2026-25673_northwindtx.pdf,muhammadeakub,0dd73f25587eea2db9a08da3f67ed17418594374f29c913a693fe38e933f51e2,seal on last page(s) of 2; p2: bottom-right
2026-10-02T14:29:09,approved,025_INV-2026-13821_summitit.pdf,025_INV-2026-13821_summitit.pdf,muhammadeakub,05190773741abecb6744e9c9db04385c08e9aefc8fbfc5056d03e5fd43803f0d,seal on last page(s) of 3; p3: bottom-right
2026-10-02T14:29:09,approved,026_93261_northwindtx.pdf,026_93261_northwindtx.pdf,muhammadeakub,c5306ed75ef27e73e40d28b1bf886bce0b5fa4aee92250482c74954370a3d577,seal on last page(s) of 2; p2: bottom-right
2026-10-02T14:29:09,approved,027_1223-A_pinecrestcater.pdf,027_1223-A_pinecrestcater.pdf,muhammadeakub,10b9cc1e75153b325d43f5badf414be9fc6c01440c20493b46fea9e1b2940f0c,seal on last page(s) of 1; p1: bottom-right
2026-10-02T14:29:09,approved,028_07714_graniterecords.pdf,028_07714_graniterecords.pdf,muhammadeakub,076eb74b10124f5cf07ff95593beff72b9208668ad4007a24e370d4cab224400,seal on last page(s) of 4; p4: bottom-right
2026-10-02T14:29:09,approved,029_INV-2026-95674_graniterecords.pdf,029_INV-2026-95674_graniterecords.pdf,muhammadeakub,5ac11b2891eec3ae4370e3cd46a7932a19475fd91fa122f6d4fbed61e58fc66d,seal on last page(s) of 1; p1: bottom-right
2026-10-02T14:29:10,approved,030_26708-A_brightline.pdf,030_26708-A_brightline.pdf,muhammadeakub,960dad0f13857d33cfde32fb97753870420df10007d1799f2a39e0f072b13160,seal on last page(s) of 1; p1: bottom-right
2026-10-02T14:29:10,approved,031_86873-A_brightline.pdf,031_86873-A_brightline.pdf,muhammadeakub,8108ece471fbc69835b894aa95c14836f4f875060abda5240cbdc5e0b83a98f8,seal on last page(s) of 2; p2: bottom-right
2026-10-02T14:29:10,approved,032_75539_meridiansec.pdf,032_75539_meridiansec.pdf,muhammadeakub,3bacd32e7543de1ae04c8a89e75f401d16f25751f1f7c0a0384f1fa95c86f31b,seal on last page(s) of 1; p1: bottom-right
2026-10-02T14:29:10,approved,033_INV095933_oakridgefc.pdf,033_INV095933_oakridgefc.pdf,muhammadeakub,2ff78e4f4c0369e894565509fcfa353a932c9ecfe29055b3327ad7bc80eff31a,seal on last page(s) of 1; p1: bottom-right
2026-10-02T14:29:10,approved,034_INV-2026-75079_meridiansec.pdf,034_INV-2026-75079_meridiansec.pdf,muhammadeakub,1dfe1bbd00036d2a9d72fae15f720b2f9ed04fe04b2db7ea1df6ea143e4ef5c3,seal on last page(s) of 2; p2: bottom-right
2026-10-02T14:29:10,approved,035_INV092286_meridiansec.pdf,035_INV092286_meridiansec.pdf,muhammadeakub,85b9e0bc78bc0ce8435170715efef96ee41089914f82c87fe98c53e27f2c1245,seal on last page(s) of 1; p1: bottom-right
2026-10-02T14:29:10,approved,036_INV092686_pinecrestcater.pdf,036_INV092686_pinecrestcater.pdf,muhammadeakub,4832a197cc872e7a43ea4dd74bade4a5f67e7003ee676a5e7b9137b08ca4c8e0,seal on last page(s) of 1; p1: bottom-right
2026-10-02T14:29:10,approved,037_37987_brightline.pdf,037_37987_brightline.pdf,muhammadeakub,833af162f7b0805262f4401a27e67658bab212abfdd05ce528180121b1fcfc21,seal on last page(s) of 1; p1: bottom-right
2026-10-02T14:29:10,approved,038_INV040961_summitit.pdf,038_INV040961_summitit.pdf,muhammadeakub,b2afb38de6915e29f0086ec88ef05b50744d694d385d7e662b0d225c3522f069,seal on last page(s) of 2; p2: bottom-right
2026-10-02T14:29:10,approved,039_INV-2026-83702_meridiansec.pdf,039_INV-2026-83702_meridiansec.pdf,muhammadeakub,dcb02ea1b7cf2b8c85e09ea85d6f4870cc1ab24125f273c1d243ef91b3bdbf7c,seal on last page(s) of 1; p1: bottom-right
2026-10-02T14:29:10,approved,040_65426_oakridgefc.pdf,040_65426_oakridgefc.pdf,muhammadeakub,30b2dfa2132840c0a1ddffe1834b7dedab0bd733af28a4a107f8199ddc6e5039,seal on last page(s) of 2; p2: bottom-right
2026-10-02T14:29:10,approved,041_12209-A_meridiansec.pdf,041_12209-A_meridiansec.pdf,muhammadeakub,59298a88b55cf3ce459c53f8c6e2e607f95e77615047abcc55f8e30fe363cfac,seal on last page(s) of 3; p3: bottom-right
2026-10-02T14:29:10,approved,042_14748-A_graniterecords.pdf,042_14748-A_graniterecords.pdf,muhammadeakub,6c8c53a1325dff9cd414106be6e4d4dee926943c3f70e3b35e9c5e2888eb7534,seal on last page(s) of 2; p2: bottom-right
2026-10-02T14:29:10,approved,043_INV-2026-67724_pinecrestcater.pdf,043_INV-2026-67724_pinecrestcater.pdf,muhammadeakub,51375ef8f1e29110a7f28c9bd3c8a1499f1ca0ea55700fb7ac69e2489604bccd,seal on last page(s) of 1; p1: bottom-right
2026-10-02T14:29:10,approved,044_18237_harborcourier.pdf,044_18237_harborcourier.pdf,muhammadeakub,8b900f8a3d0ea7dbb1dd765895d93ffabc4b0cb024d6b412ca4ea469638c36c6,seal on last page(s) of 2; p2: bottom-right
2026-10-02T14:29:10,approved,045_INV-2026-99003_oakridgefc.pdf,045_INV-2026-99003_oakridgefc.pdf,muhammadeakub,aee502fb6a77663a0fdbba0cb28967dfbb746d065d62f4ce096f11ba819e9bd7,seal on last page(s) of 1; p1: bottom-right
2026-10-02T14:29:10,approved,046_INV-2026-97477_summitit.pdf,046_INV-2026-97477_summitit.pdf,muhammadeakub,6e9bf154b33fe2b8dd827991b183242480b99238ff226edc57975c9bff56fd35,seal on last page(s) of 2; p2: bottom-right
2026-10-02T14:29:10,approved,047_70724_cascadecr.pdf,047_70724_cascadecr.pdf,muhammadeakub,e0a3201bd4c1ab9a8ead88d484e125013b37ca6418f318db3f5973084cd9d337,seal on last page(s) of 2; p2: bottom-right
2026-10-02T14:29:10,approved,048_INV029304_graniterecords.pdf,048_INV029304_graniterecords.pdf,muhammadeakub,a86a7b8da2c78099a9a1d0de3870542bedba2fd2e0710f119bbe7d9e7bf5be9d,seal on last page(s) of 2; p2: bottom-right
2026-10-02T14:29:10,approved,049_85659_graniterecords.pdf,049_85659_graniterecords.pdf,muhammadeakub,6ea0fd00329e16bce4db64f92245092919bcb6a64c205d247b6e6e22465b080b,seal on last page(s) of 3; p3: bottom-right
2026-10-02T14:29:10,approved,050_INV-2026-97866_meridiansec.pdf,050_INV-2026-97866_meridiansec.pdf,muhammadeakub,e43758a22bd2aeb76a672effcaa9e76a7ee456e631040b246524dc1ef968b8e3,seal on last page(s) of 2; p2: bottom-right
2026-10-02T14:29:10,approved,051_INV-2026-3014_brightline.pdf,051_INV-2026-3014_brightline.pdf,muhammadeakub,0302cde63a8313a4858c06e3b3eaf4ab50cb3503eb0542c8e336067376cb493b,seal on last page(s) of 2; p2: bottom-right
2026-10-02T14:29:10,approved,052_INV028878_harborcourier.pdf,052_INV028878_harborcourier.pdf,muhammadeakub,4278246246a87494e26819291cc97be378e3b1dd9f132f163f8b37447ba1ecf8,seal on last page(s) of 1; p1: bottom-right
2026-10-02T14:29:10,approved,053_INV045923_harborcourier.pdf,053_INV045923_harborcourier.pdf,muhammadeakub,6ead13277144773e2f857bbfe73e7875bb37f2958b10e2dff4822e6b618a653a,seal on last page(s) of 1; p1: bottom-right
2026-10-02T14:29:10,approved,054_INV037429_pinecrestcater.pdf,054_INV037429_pinecrestcater.pdf,muhammadeakub,ebfb1cf5746e08c46d1421f3e09b5e11be49987969670d43a79c86c29a169881,seal on last page(s) of 2; p2: bottom-right
2026-10-02T14:29:10,approved,055_INV049941_northwindtx.pdf,055_INV049941_northwindtx.pdf,muhammadeakub,cce397215744ca0beefe8fcbbbdd8fb09703f9f0ae3df9bc589b181c0b7a77dd,seal on last page(s) of 1; p1: bottom-right
2026-10-02T14:29:10,approved,056_INV027590_oakridgefc.pdf,056_INV027590_oakridgefc.pdf,muhammadeakub,7849ce19e79b5c92f38ac5780067296b5225d914ee0275f44994637e8f8880fc,seal on last page(s) of 3; p3: bottom-right
2026-10-02T14:29:10,approved,057_76644-A_harborcourier.pdf,057_76644-A_harborcourier.pdf,muhammadeakub,a8c27a78dc52385a262def6a135f41a2512b80aff9fa9c6f1195bbb1ee97035c,seal on last page(s) of 1; p1: bottom-right
2026-10-02T14:29:10,approved,058_45721_cascadecr.pdf,058_45721_cascadecr.pdf,muhammadeakub,46789a3bced3d9892531f99705843893535297838b28d422f297741378bd1845,seal on last page(s) of 1; p1: bottom-right
2026-10-02T14:29:10,approved,059_INV058184_graniterecords.pdf,059_INV058184_graniterecords.pdf,muhammadeakub,559aabf662f277225e24b4c890da2983b1303d992982ff8efeb84808d2273720,seal on last page(s) of 2; p2: bottom-right
2026-10-02T14:29:10,approved,060_76869-A_harborcourier.pdf,060_76869-A_harborcourier.pdf,muhammadeakub,3eb69d85e9575a0bc031a41afc4015dd90de4bed825ff2049538b8c216ef5300,seal on last page(s) of 1; p1: bottom-right
2026-10-02T14:29:10,approved,061_INV-2026-90352_meridiansec.pdf,061_INV-2026-90352_meridiansec.pdf,muhammadeakub,f3c24cbc7b894d473abc6ea5edfe5c322c00049145db2282a151ffdb9d41c01f,seal on last page(s) of 1; p1: bottom-right
2026-10-02T14:29:10,approved,062_71956-A_brightline.pdf,062_71956-A_brightline.pdf,muhammadeakub,7d33f0ae063e60694ac23ccf6e0a60297c54c0ab527fd6523deef6b4b79bd2ce,seal on last page(s) of 1; p1: bottom-right
2026-10-02T14:29:10,approved,063_86418_summitit.pdf,063_86418_summitit.pdf,muhammadeakub,9a52069847395f74a7cc0e5a9d4b84f9a8679f10321f8afefe9ce4af272cb8e1,seal on last page(s) of 2; p2: bottom-right
2026-10-02T14:29:10,approved,064_24947_graniterecords.pdf,064_24947_graniterecords.pdf,muhammadeakub,fddddabd21e8b591891b6cd0c86c1b038b68cb43baffc30fac347d8278b374bf,seal on last page(s) of 2; p2: bottom-right
2026-10-02T14:29:10,approved,065_08803_pinecrestcater.pdf,065_08803_pinecrestcater.pdf,muhammadeakub,86f7f6136f2238f2a5bbaf264c5f81352a5c41dd3f1edc3504f90c04a2b024b3,seal on last page(s) of 3; p3: bottom-right
2026-10-02T14:29:10,approved,066_INV-2026-16330_meridiansec.pdf,066_INV-2026-16330_meridiansec.pdf,muhammadeakub,86dba6c095c6252b9eb2709886e3d8b75cc0a81616acaec2fe75b87097b99636,seal on last page(s) of 2; p2: bottom-right
2026-10-02T14:29:10,approved,067_47521_meridiansec.pdf,067_47521_meridiansec.pdf,muhammadeakub,01a09ba8548c52a090e013928278cc5545b4705cf9f7487725d5198b5430c906,seal on last page(s) of 1; p1: bottom-right
2026-10-02T14:29:10,approved,068_10168_cascadecr.pdf,068_10168_cascadecr.pdf,muhammadeakub,a1e82e20e134f310ba68045baa65a637370398a42c5b9ea592ee4aa7ebb0d1c7,seal on last page(s) of 2; p2: bottom-right
2026-10-02T14:29:10,approved,069_INV-2026-91802_cascadecr.pdf,069_INV-2026-91802_cascadecr.pdf,muhammadeakub,24012743e30eb354c40e7475950cc4c5173456f94cb71e356616366b3bb6c64a,seal on last page(s) of 1; p1: bottom-right
2026-10-02T14:29:10,approved,070_09884_pinecrestcater.pdf,070_09884_pinecrestcater.pdf,muhammadeakub,4cc00c0e624bda744021e4a315bf9bd9e4a7ab8519f72dcd47416ebb3a22bbff,seal on last page(s) of 1; p1: bottom-right
2026-10-02T14:29:10,approved,071_51623-A_pinecrestcater.pdf,071_51623-A_pinecrestcater.pdf,muhammadeakub,91f3930f0975aa2b3ac4698522f991e204bf96863ba4aa965a87d7a6365fb103,seal on last page(s) of 3; p3: bottom-right
2026-10-02T14:29:10,approved,072_55120-A_cascadecr.pdf,072_55120-A_cascadecr.pdf,muhammadeakub,53cee171850bf9591edb072daef9a4e9adbb6db56ca2f7b82a188e239ec2c861,seal on last page(s) of 2; p2: bottom-right
2026-10-02T14:29:10,approved,073_INV-2026-79630_bluewaterprint.pdf,073_INV-2026-79630_bluewaterprint.pdf,muhammadeakub,7649ee39483a3b4e23b523fe02e91597d4ee2d93efde72facb3ccccf4d1c4609,seal on last page(s) of 3; p3: bottom-right
2026-10-02T14:29:10,approved,074_INV-2026-26805_northwindtx.pdf,074_INV-2026-26805_northwindtx.pdf,muhammadeakub,f55d778b33b00d51992aab510003a71d2f09d162202817734012293b0b21e7d7,seal on last page(s) of 1; p1: bottom-right
2026-10-02T14:29:10,approved,075_90404-A_oakridgefc.pdf,075_90404-A_oakridgefc.pdf,muhammadeakub,9f44c1f67038b32afbdd93b0f65871241f7aca5e3dde493077d45a54ca5931bc,seal on last page(s) of 4; p4: bottom-right
2026-10-02T14:29:10,approved,076_81214_brightline.pdf,076_81214_brightline.pdf,muhammadeakub,45114c3ca19d1ca9c640b1b8c61866c0128b60d56c8a445bd2bca1fd41785f48,seal on last page(s) of 1; p1: bottom-right
2026-10-02T14:29:10,approved,077_INV-2026-30499_bluewaterprint.pdf,077_INV-2026-30499_bluewaterprint.pdf,muhammadeakub,feb8385589f1162862db26dca92aeee00f6082234ea2fb0857bb75153d0d2e34,seal on last page(s) of 1; p1: bottom-right
2026-10-02T14:29:10,approved,078_INV053992_cascadecr.pdf,078_INV053992_cascadecr.pdf,muhammadeakub,35a18a96422ffc436292c39ea41f42744ef91abc49e0e36d9be1e76174f07736,seal on last page(s) of 2; p2: bottom-right
2026-10-02T14:29:10,approved,079_88677-A_pinecrestcater.pdf,079_88677-A_pinecrestcater.pdf,muhammadeakub,3b1c7a86b811639acb1eef4e0eb364f0f75a3885e77465a1b13623ad70b099ad,seal on last page(s) of 2; p2: bottom-right
2026-10-02T14:29:10,approved,080_INV086336_cascadecr.pdf,080_INV086336_cascadecr.pdf,muhammadeakub,32a298966d4356e123799f0678dedf332a343db1b23105d163aa6c242e2ec9e8,seal on last page(s) of 1; p1: bottom-right
2026-10-02T14:29:10,approved,081_25158_northwindtx.pdf,081_25158_northwindtx.pdf,muhammadeakub,16f31d0c851e47fd9470d60aaecf48cf98b278c45fd463e4967b441cade0d6a2,seal on last page(s) of 2; p2: bottom-right
2026-10-02T14:29:10,approved,082_INV-2026-73075_pinecrestcater.pdf,082_INV-2026-73075_pinecrestcater.pdf,muhammadeakub,e720fcd7a576893ec158cc378f52603cdc7274f2286e3d651241893030598104,seal on last page(s) of 1; p1: bottom-right
2026-10-02T14:29:10,approved,083_INV070944_meridiansec.pdf,083_INV070944_meridiansec.pdf,muhammadeakub,e310747350ad003febb4ccf02766e412b427ea415c0a32db2898fc2880e07890,seal on last page(s) of 2; p2: bottom-right
2026-10-02T14:29:11,approved,084_2222-A_cascadecr.pdf,084_2222-A_cascadecr.pdf,muhammadeakub,ab4afbfae39c9b048818d6379c41e3bca3171034abea05ba01224060188f52ae,seal on last page(s) of 1; p1: bottom-right
2026-10-02T14:29:11,approved,085_40708_harborcourier.pdf,085_40708_harborcourier.pdf,muhammadeakub,0a09677fe65d2b867fcf21812e3cf205cf7494e6ac954985b71e210ddb259cd7,seal on last page(s) of 1; p1: bottom-right
2026-10-02T14:29:11,approved,086_INV045775_harborcourier.pdf,086_INV045775_harborcourier.pdf,muhammadeakub,a935e4c3e914bd38e305e1ed27cb7cb3aed28687f32d31ae857f63f1cee7cbd5,seal on last page(s) of 1; p1: bottom-right
2026-10-02T14:29:11,approved,087_76860_brightline.pdf,087_76860_brightline.pdf,muhammadeakub,11d84be8ae6c5f23180e23be823d665faee191a2f150bd6de5e7c6ff0cfc8c33,seal on last page(s) of 4; p4: bottom-right
2026-10-02T14:29:11,approved,088_INV-2026-50056_summitit.pdf,088_INV-2026-50056_summitit.pdf,muhammadeakub,d823121eea06e395b8777a490932a20c48c31ce2ae1e1662102b47d91ff0901e,seal on last page(s) of 1; p1: bottom-right
2026-10-02T14:29:11,approved,089_INV067481_graniterecords.pdf,089_INV067481_graniterecords.pdf,muhammadeakub,7fb6ccd466b6b535b5978d8514d3146df770edce24de814963f47ed7b9fbf57c,seal on last page(s) of 1; p1: bottom-right
2026-10-02T14:29:11,approved,090_INV052384_oakridgefc.pdf,090_INV052384_oakridgefc.pdf,muhammadeakub,c7981d1bedfa1b6d35345680a893efb15cb38f831e16058821aace583b3b9574,seal on last page(s) of 1; p1: bottom-right
2026-10-02T14:29:11,approved,091_75034_brightline.pdf,091_75034_brightline.pdf,muhammadeakub,38a6a675dd2efbbda541dcf8d1d3032e9278e4147016a8e2c2eb27442b81a682,seal on last page(s) of 1; p1: bottom-right
2026-10-02T14:29:11,approved,092_90853_harborcourier.pdf,092_90853_harborcourier.pdf,muhammadeakub,ed08b06ed9c316708331cf7fe11f5deb936d509d781af263679c9feec0efc46e,seal on last page(s) of 1; p1: bottom-right
2026-10-02T14:29:11,approved,093_17207-A_meridiansec.pdf,093_17207-A_meridiansec.pdf,muhammadeakub,9795dc2c94ceb431b9faf1028a9179ef328e2e0aed5425326848295ded964078,seal on last page(s) of 1; p1: bottom-right
2026-10-02T14:29:11,approved,094_INV051237_graniterecords.pdf,094_INV051237_graniterecords.pdf,muhammadeakub,acd85f6da80071c60014e8da37b649d00567961f3308083e73cdce9da071b06a,seal on last page(s) of 2; p2: bottom-right
2026-10-02T14:29:11,approved,095_90667_meridiansec.pdf,095_90667_meridiansec.pdf,muhammadeakub,1c4eed7b270099165b2b5c97162782f296ae92ec1aeaefdabcdb253fc72cd99e,seal on last page(s) of 2; p2: bottom-right
2026-10-02T14:29:11,approved,096_25375-A_brightline.pdf,096_25375-A_brightline.pdf,muhammadeakub,afc3f6065e4a9fef07253b5b49ea6e55371ee997992a7e74891c096432221bcb,seal on last page(s) of 1; p1: bottom-right
2026-10-02T14:29:11,approved,097_INV-2026-56249_oakridgefc.pdf,097_INV-2026-56249_oakridgefc.pdf,muhammadeakub,df4118fc43b9d0c14052d07157f1006d7de04096ff1528c1d4b1cefc5ca8f814,seal on last page(s) of 1; p1: bottom-right
2026-10-02T14:29:11,approved,098_84736_oakridgefc.pdf,098_84736_oakridgefc.pdf,muhammadeakub,6a0c1e403573e912a5b3e025f60982ede9ce6ad945b160188390ccc679451057,seal on last page(s) of 2; p2: bottom-right
2026-10-02T14:29:11,approved,099_INV056764_northwindtx.pdf,099_INV056764_northwindtx.pdf,muhammadeakub,6820572ece41d01ac72869c70f7ad56ced7ab5a5efdf6e5fdce9f7981e43ad39,seal on last page(s) of 2; p2: bottom-right
2026-10-02T14:29:11,approved,100_53498_graniterecords.pdf,100_53498_graniterecords.pdf,muhammadeakub,0350098bedca28c9d32fb3d797b6d8f15527ae60c17b843fdae3d69768d5eb61,seal on last page(s) of 1; p1: bottom-right
2026-10-02T14:29:11,approved,101_INV-2026-74163_northwindtx.pdf,101_INV-2026-74163_northwindtx.pdf,muhammadeakub,5206b2769f8056efcf762a5ce08565cd4ba4dee5415dd834d5d039ba4b80c4b6,seal on last page(s) of 3; p3: bottom-right
2026-10-02T14:29:11,approved,102_INV-2026-42124_pinecrestcater.pdf,102_INV-2026-42124_pinecrestcater.pdf,muhammadeakub,d0cb6cc4244e4e7e523ba0e8e5aadb0161b185bfd5c35d43583087e81aa9f13d,seal on last page(s) of 4; p4: bottom-right
2026-10-02T14:29:11,approved,103_INV-2026-31296_pinecrestcater.pdf,103_INV-2026-31296_pinecrestcater.pdf,muhammadeakub,4b737b32c5732a75bd6bad8e68acae7900435cbd0aa36f53f45695821fb48e89,seal on last page(s) of 4; p4: bottom-right
2026-10-02T14:29:11,approved,104_INV-2026-15738_harborcourier.pdf,104_INV-2026-15738_harborcourier.pdf,muhammadeakub,91a9d83c8bd2767efba37323fedcf9c30189ef6103a9202fcc9fcfda228e614c,seal on last page(s) of 2; p2: bottom-right
2026-10-02T14:29:11,approved,105_INV-2026-70724_summitit.pdf,105_INV-2026-70724_summitit.pdf,muhammadeakub,e0308cdbeb80e2dd60586f646495332be9bb79a2d817447df3ca2d7261b16a71,seal on last page(s) of 1; p1: bottom-right
2026-10-02T14:29:11,approved,106_73968-A_summitit.pdf,106_73968-A_summitit.pdf,muhammadeakub,02057e142cc0150d40d98dabf92d87e10c5104e8edffd36e12ab53cee61ecbdd,seal on last page(s) of 2; p2: bottom-right
2026-10-02T14:29:11,approved,107_56930-A_graniterecords.pdf,107_56930-A_graniterecords.pdf,muhammadeakub,ab6019bb65f1aa5e7abaf47fcfadf5f0263ec1b484736cc866ad26e7f642728b,seal on last page(s) of 1; p1: bottom-right
2026-10-02T14:29:11,approved,108_INV048537_meridiansec.pdf,108_INV048537_meridiansec.pdf,muhammadeakub,63ee25f219b5e77f1c82fcb5c1d21f75ff98f4b26b6ea6475ab0c5d611d7999c,seal on last page(s) of 2; p2: bottom-right
2026-10-02T14:29:11,approved,109_INV027983_oakridgefc.pdf,109_INV027983_oakridgefc.pdf,muhammadeakub,c097b8e97d334485fef3ceac19893263b08ea3ed7c1faf182243233916572318,seal on last page(s) of 1; p1: bottom-right
2026-10-02T14:29:11,approved,110_INV083440_bluewaterprint.pdf,110_INV083440_bluewaterprint.pdf,muhammadeakub,a154007a72b9af0f1ac98fa51ada41efcd55aa76b10235bb38b0622bd247b5a3,seal on last page(s) of 2; p2: bottom-right
2026-10-02T14:29:11,approved,111_85855_oakridgefc.pdf,111_85855_oakridgefc.pdf,muhammadeakub,1e7ba7c5bf3bc870c3ec6e61712818296252578ee3d54ac7eb1abef4e6affba3,seal on last page(s) of 1; p1: bottom-right
2026-10-02T14:29:11,approved,112_INV-2026-33658_meridiansec.pdf,112_INV-2026-33658_meridiansec.pdf,muhammadeakub,6ecbcd2955880c7565be9502eac7d87dd6e7f9dc0b1296fa7219595ae910c09d,seal on last page(s) of 1; p1: bottom-right
2026-10-02T14:29:11,approved,113_66194_pinecrestcater.pdf,113_66194_pinecrestcater.pdf,muhammadeakub,b6875a13d0eb13954d1e8aa9b7d2dcc770ceb61955f3c8376b2093ee426ad420,seal on last page(s) of 1; p1: bottom-right
2026-10-02T14:29:11,approved,114_INV-2026-78056_harborcourier.pdf,114_INV-2026-78056_harborcourier.pdf,muhammadeakub,30c07981f7564ebb280a6490ee2a603d985e82a59e1a2a037e912a8852656a67,seal on last page(s) of 1; p1: bottom-right
2026-10-02T14:29:11,approved,115_INV-2026-1307_brightline.pdf,115_INV-2026-1307_brightline.pdf,muhammadeakub,30ddd71b2b087832dda8ae9f04369a02eef9a48ec9f38a9337de958e5310ae92,seal on last page(s) of 2; p2: bottom-right
2026-10-02T14:29:11,approved,116_69668_pinecrestcater.pdf,116_69668_pinecrestcater.pdf,muhammadeakub,f79bf955fcf1c8bb95d1fbce6b5900bf3718bba0014e10c671d5797bb4686417,seal on last page(s) of 1; p1: bottom-right
2026-10-02T14:29:11,approved,117_3518-A_oakridgefc.pdf,117_3518-A_oakridgefc.pdf,muhammadeakub,3dd7f80fde184c137cf188885c5024467b54bd13b1a4104a4305071dde36321a,seal on last page(s) of 1; p1: bottom-right
2026-10-02T14:29:11,approved,118_INV048262_harborcourier.pdf,118_INV048262_harborcourier.pdf,muhammadeakub,607e250a3fbf9cb5520c43c5e80759f9c5838b0cc20ef54e0b2f044ae8e71920,seal on last page(s) of 1; p1: bottom-right
2026-10-02T14:29:11,approved,119_91859-A_cascadecr.pdf,119_91859-A_cascadecr.pdf,muhammadeakub,eff9cb561717bcf623fc8115e17418ef40f9c882430518d26210879cb4b7f45d,seal on last page(s) of 1; p1: bottom-right
2026-10-02T14:29:11,approved,120_58177-A_cascadecr.pdf,120_58177-A_cascadecr.pdf,muhammadeakub,d07bfccc7339de5bcd3ac8c703861ec61c48a49fc53de6b8b55bfb63c425e18b,seal on last page(s) of 4; p4: bottom-right
2026-10-02T14:29:11,approved,121_80681_graniterecords.pdf,121_80681_graniterecords.pdf,muhammadeakub,1e04c69402a464175a2165c08860a68d28bfe2be58d0ed11b614a9465492299c,seal on last page(s) of 2; p2: bottom-right
2026-10-02T14:29:11,approved,122_INV-2026-6292_cascadecr.pdf,122_INV-2026-6292_cascadecr.pdf,muhammadeakub,ffb59f8a49f4b621a37b81f8e04c9f1b688a36ef58c21e78868a56c6ce7fff16,seal on last page(s) of 2; p2: bottom-right
2026-10-02T14:29:11,approved,123_INV021895_summitit.pdf,123_INV021895_summitit.pdf,muhammadeakub,1fc5566378de530b6d5e584cf471bcccd3d75d422fb7348d28433a71c391ae35,seal on last page(s) of 2; p2: bottom-right
2026-10-02T14:29:11,approved,124_INV-2026-57167_northwindtx.pdf,124_INV-2026-57167_northwindtx.pdf,muhammadeakub,e161313aa8e1370f4c41726a20c670598ba5efbc0ba330f168b8099e49fc8966,seal on last page(s) of 1; p1: bottom-right
2026-10-02T14:29:11,approved,125_INV-2026-39816_summitit.pdf,125_INV-2026-39816_summitit.pdf,muhammadeakub,4cd4a17f0fac3ea29a71e1448b43f7bb6eece09524866574653104722425c2e3,seal on last page(s) of 1; p1: bottom-right
2026-10-02T14:29:11,approved,126_56446-A_harborcourier.pdf,126_56446-A_harborcourier.pdf,muhammadeakub,442b9c3fffede07ebb32e91dc39a19279b0ec4b5459512c423db416b98931d24,seal on last page(s) of 1; p1: bottom-right
2026-10-02T14:29:11,approved,127_INV-2026-24993_cascadecr.pdf,127_INV-2026-24993_cascadecr.pdf,muhammadeakub,8bb200cb25d1bff3e99a36cc4ac841f3b83d73ef1d21ebd0d084739a52ea8173,seal on last page(s) of 2; p2: bottom-right
2026-10-02T14:29:11,approved,128_39599-A_summitit.pdf,128_39599-A_summitit.pdf,muhammadeakub,399be1150f879be741cc0456e3a32eaaade177df6c6724df73b6b2b5150b69f3,seal on last page(s) of 1; p1: bottom-right
2026-10-02T14:29:11,approved,129_68529-A_graniterecords.pdf,129_68529-A_graniterecords.pdf,muhammadeakub,67da7b32586b34361286022287ce244b11c1a65e929b4cc4c52e1d281b59f4a7,seal on last page(s) of 1; p1: bottom-right
2026-10-02T14:29:11,approved,130_9816-A_brightline.pdf,130_9816-A_brightline.pdf,muhammadeakub,f23aca24a69fa533c234a2285e7a24e7252afcd2c50385fa2b58d86f924c5738,seal on last page(s) of 2; p2: bottom-right
2026-10-02T14:29:11,approved,131_80865-A_oakridgefc.pdf,131_80865-A_oakridgefc.pdf,muhammadeakub,38bf95191da5caca2ea3c260fa181d1280d3831fee1fa7e3c2ab49f0a08ba107,seal on last page(s) of 1; p1: bottom-right
2026-10-02T14:29:11,approved,132_57599_graniterecords.pdf,132_57599_graniterecords.pdf,muhammadeakub,7600a2ddf2f3388cf35ef98aaeba14b61a81dfdced8ec53668ad7271d09cc4b1,seal on last page(s) of 1; p1: bottom-right
2026-10-02T14:29:11,approved,133_INV091049_pinecrestcater.pdf,133_INV091049_pinecrestcater.pdf,muhammadeakub,014676d844f022cb3f82f6ea9dbc19d20cabad00372a6cae3c64ace7f0fe6928,seal on last page(s) of 1; p1: bottom-right
2026-10-02T14:29:11,approved,134_38886_meridiansec.pdf,134_38886_meridiansec.pdf,muhammadeakub,1ec43fec3bb7821caadc916de48d5363448687e11fd3b58f6b1d0f4d5d31e2cc,seal on last page(s) of 1; p1: bottom-right
2026-10-02T14:29:11,approved,135_INV-2026-57859_oakridgefc.pdf,135_INV-2026-57859_oakridgefc.pdf,muhammadeakub,9ff0d399ca8f93eed062426bd09d9fdac32a51a3fe2f71165e2884066c0d1fba,seal on last page(s) of 1; p1: bottom-right
2026-10-02T14:29:11,approved,136_INV-2026-99167_pinecrestcater.pdf,136_INV-2026-99167_pinecrestcater.pdf,muhammadeakub,b6f5bedc01bb6c5a852cc6a263b2d2452103a77f78ae2545548e6e24a32f171a,seal on last page(s) of 2; p2: bottom-right
2026-10-02T14:29:11,approved,137_INV-2026-9636_oakridgefc.pdf,137_INV-2026-9636_oakridgefc.pdf,muhammadeakub,eb1beb8bd2844f026547b70f6d52e446201428e2e6461eabaa4325eb394c424c,seal on last page(s) of 2; p2: bottom-right
2026-10-02T14:29:12,approved,138_42722_northwindtx.pdf,138_42722_northwindtx.pdf,muhammadeakub,c169c3bf4f863cf567ff904d438c51a626fc5aa19d540005a36b0b447b7dc222,seal on last page(s) of 1; p1: bottom-right
2026-10-02T14:29:12,approved,139_67920_bluewaterprint.pdf,139_67920_bluewaterprint.pdf,muhammadeakub,b532c0eaf67e45f5a4bdb71992213354f4c44b623382784063a2cf8a6321b868,seal on last page(s) of 2; p2: bottom-right
2026-10-02T14:29:12,approved,140_72601_harborcourier.pdf,140_72601_harborcourier.pdf,muhammadeakub,52965609e5c75dfbf41beef33cc00dca6b18cb4c56ab03cdd427fe9871b540e0,seal on last page(s) of 1; p1: bottom-right
2026-10-02T14:29:12,approved,141_36504-A_harborcourier.pdf,141_36504-A_harborcourier.pdf,muhammadeakub,3ac8ea4bcf1ed3d15b77a94a121304f0fc8c74b599063dcb94251fdeab9292b0,seal on last page(s) of 1; p1: bottom-right
2026-10-02T14:29:12,approved,142_INV068090_pinecrestcater.pdf,142_INV068090_pinecrestcater.pdf,muhammadeakub,d38f2705593403464b1dd492dffccd7bcdc5cfafc3a81aa841294336f77d4ff8,seal on last page(s) of 1; p1: bottom-right
2026-10-02T14:29:12,approved,143_65338_harborcourier.pdf,143_65338_harborcourier.pdf,muhammadeakub,b01ab91fd1d07b2bb88f17b7dd5e539dedb19afac0370dfa2467f02c851ed95f,seal on last page(s) of 1; p1: bottom-right
2026-10-02T14:29:12,approved,144_INV048866_meridiansec.pdf,144_INV048866_meridiansec.pdf,muhammadeakub,1d0c31a88662b162ae09501e0f0c106d76af1d9250b6bbd7e61321a273c8299c,seal on last page(s) of 1; p1: bottom-right
2026-10-02T14:29:12,approved,145_13355-A_meridiansec.pdf,145_13355-A_meridiansec.pdf,muhammadeakub,a4601cb3826b1871eb1ddf67719d9a2d43ca66520552e8988233f1a8165e0bfd,seal on last page(s) of 1; p1: bottom-right
2026-10-02T14:29:12,approved,146_14563-A_harborcourier.pdf,146_14563-A_harborcourier.pdf,muhammadeakub,78c916d1cf0f643f26b014d87e663c88d2a9e7f2e902e40bbacd66e95d6fefac,seal on last page(s) of 2; p2: bottom-right
2026-10-02T14:29:12,approved,147_INV-2026-63922_bluewaterprint.pdf,147_INV-2026-63922_bluewaterprint.pdf,muhammadeakub,47d398a2d1a556d38e392b15f540864623ceaead3adfc4dd0ecbfb5c14bf32ab,seal on last page(s) of 1; p1: bottom-right
2026-10-02T14:29:12,approved,148_03211_oakridgefc.pdf,148_03211_oakridgefc.pdf,muhammadeakub,1401fb77708d991f5fe05b708eb5e8c377f9bb7db17f2b9163929024531275ca,seal on last page(s) of 2; p2: bottom-right
2026-10-02T14:29:12,approved,149_89284_northwindtx.pdf,149_89284_northwindtx.pdf,muhammadeakub,183ea7a20bd26e460eabe49c895f8908b655bfc5b00af80307eed216e2384084,seal on last page(s) of 2; p2: bottom-right
2026-10-02T14:29:12,approved,150_35398_cascadecr.pdf,150_35398_cascadecr.pdf,muhammadeakub,e1de7c36b6efdd60df934ff9308c1928f04087600f8b36f762bf8bf48e0a270a,seal on last page(s) of 1; p1: bottom-right
2026-10-02T14:29:12,approved,151_INV094667_graniterecords.pdf,151_INV094667_graniterecords.pdf,muhammadeakub,e140df5de36a6fd4800cad0162899a7b1a72a304604f6e815fcf85260d849f69,seal on last page(s) of 1; p1: bottom-right
2026-10-02T14:29:12,approved,152_85946-A_northwindtx.pdf,152_85946-A_northwindtx.pdf,muhammadeakub,e6e3f4dd519ce5d4388faea6b7b254dd6972e126615d1e8fa4b17a2511643a6c,seal on last page(s) of 1; p1: bottom-right
2026-10-02T14:29:12,approved,154_INV-2026-13623_summitit.pdf,154_INV-2026-13623_summitit.pdf,muhammadeakub,f86f29f203045725a17c827c4a2b94c28fc587ce89ea5bae5b4e875bb72d64b0,seal on last page(s) of 3; p3: bottom-right
2026-10-02T14:29:12,approved,155_25414-A_harborcourier.pdf,155_25414-A_harborcourier.pdf,muhammadeakub,b110ee0276e504ea2b1cf201fdb1f9730fc3b70a01f91862e10b730fc14dcfb6,seal on last page(s) of 2; p2: bottom-right
2026-10-02T14:29:12,approved,156_76780_meridiansec.pdf,156_76780_meridiansec.pdf,muhammadeakub,2fa9edfa8fa8b9a94339f45418b1e3e1ae1975fc3ff79a6c40612d3c7031e980,seal on last page(s) of 3; p3: bottom-right
2026-10-02T14:29:12,approved,157_INV-2026-19980_cascadecr.pdf,157_INV-2026-19980_cascadecr.pdf,muhammadeakub,a95970faf5ce8c6559ec17b36877830f7198deb3c994d175008612e0ace8e88d,seal on last page(s) of 3; p3: bottom-right
2026-10-02T14:29:12,approved,158_17314-A_oakridgefc.pdf,158_17314-A_oakridgefc.pdf,muhammadeakub,331a73dedfb7b8a9f300ca979f33ce7be585d3cb506c53be69910c41b13cfc0b,seal on last page(s) of 4; p4: bottom-right
2026-10-02T14:29:12,approved,159_INV062173_cascadecr.pdf,159_INV062173_cascadecr.pdf,muhammadeakub,47f760d11c6cf3675ea109d28e83c619d6ee1ecde8ad3ce25ba2733a1ddf41a3,seal on last page(s) of 1; p1: bottom-right
2026-10-02T14:29:12,approved,160_INV-2026-57007_oakridgefc.pdf,160_INV-2026-57007_oakridgefc.pdf,muhammadeakub,5be7e0b03b42ff3d1b9d9329df9c9b9a3de0ab5e97bb6bb5e8e5c994979c112f,seal on last page(s) of 1; p1: bottom-right
2026-10-02T14:29:12,approved,161_17570_harborcourier.pdf,161_17570_harborcourier.pdf,muhammadeakub,a93b79b54a9cf9a6c7bb901e1662471001df2a94e241a8b450148f7beb517760,seal on last page(s) of 2; p2: bottom-right
2026-10-02T14:29:12,approved,162_26344_northwindtx.pdf,162_26344_northwindtx.pdf,muhammadeakub,c6802db964dd286602c8e6ed45938467adb9fca8ba38f3c61cf931f410c4b798,seal on last page(s) of 1; p1: bottom-right
2026-10-02T14:29:12,approved,163_90331-A_northwindtx.pdf,163_90331-A_northwindtx.pdf,muhammadeakub,aecbd5bf25115186259d6f0e91dbde8e078cd748aefb4848b240f9c498edb00f,seal on last page(s) of 2; p2: bottom-right
2026-10-02T14:29:12,approved,165_INV063712_pinecrestcater.pdf,165_INV063712_pinecrestcater.pdf,muhammadeakub,372b3477d1d5915de08c7884e9a76f729431f23a26dc1a5df9238be75e19166e,seal on last page(s) of 2; p2: bottom-right
2026-10-02T14:29:12,approved,166_20367_oakridgefc.pdf,166_20367_oakridgefc.pdf,muhammadeakub,3662e35ed7103f6b34aee449a3b5f9d3ee5982048cc40e14620bc2d41d0328f9,seal on last page(s) of 1; p1: bottom-right
2026-10-02T14:29:12,approved,167_19121_oakridgefc.pdf,167_19121_oakridgefc.pdf,muhammadeakub,d6b9a7b3863a2cf8d84ceee687c5e09a53bcc8500d4c7775392107ea5c748083,seal on last page(s) of 2; p2: bottom-right
2026-10-02T14:29:12,approved,168_INV-2026-21933_graniterecords.pdf,168_INV-2026-21933_graniterecords.pdf,muhammadeakub,8747b1dc3926e650fe9e853ad48d54bde21bc519e3452bf3f38b9e03b501407d,seal on last page(s) of 1; p1: bottom-right
2026-10-02T14:29:12,approved,169_INV023663_graniterecords.pdf,169_INV023663_graniterecords.pdf,muhammadeakub,463378652c2feae09cb8bdeb23ede80407cc333d3bfff59d5601e9dcb59e3b52,seal on last page(s) of 1; p1: bottom-right
2026-10-02T14:29:12,approved,170_17652_meridiansec.pdf,170_17652_meridiansec.pdf,muhammadeakub,9c550cc5119456bc70bf1e94d60e3f5c94002b488a7bd2162d6f396a7d7fd22f,seal on last page(s) of 2; p2: bottom-right
2026-10-02T14:29:12,approved,171_84509_cascadecr.pdf,171_84509_cascadecr.pdf,muhammadeakub,c6d182a3218eaa75ee9732e563887c06d8a3a703faf45b3a42eca092c639e654,seal on last page(s) of 1; p1: bottom-right
2026-10-02T14:29:12,approved,172_38939_northwindtx.pdf,172_38939_northwindtx.pdf,muhammadeakub,20fc57870b1e22cddc81c296fec3f612fbc29109f663cafc6199d9f38be87ea8,seal on last page(s) of 1; p1: bottom-right
2026-10-02T14:29:12,approved,173_83744-A_cascadecr.pdf,173_83744-A_cascadecr.pdf,muhammadeakub,6e6be6e332d3b3c9acb29508c570e0ebed37ea65cf496900169ae9eedb67bbaf,seal on last page(s) of 1; p1: bottom-right
2026-10-02T14:29:12,approved,174_INV091064_brightline.pdf,174_INV091064_brightline.pdf,muhammadeakub,a05125e4c311abb520938fbe986a5d6a7b422284c34bf74a2690a85c4a06889a,seal on last page(s) of 2; p2: bottom-right
2026-10-02T14:29:12,approved,175_76648-A_bluewaterprint.pdf,175_76648-A_bluewaterprint.pdf,muhammadeakub,61b699dbf4f48a6cfdd707679676ef7b7df8211ba24e677130472602d6fcc92b,seal on last page(s) of 1; p1: bottom-right
2026-10-02T14:29:12,approved,176_12079_northwindtx.pdf,176_12079_northwindtx.pdf,muhammadeakub,625b709c5043cc047d5dcde1c48d07d104e9bae6db134ce88f81ef6b94d5201b,seal on last page(s) of 1; p1: bottom-right
2026-10-02T14:29:12,approved,177_20006_cascadecr.pdf,177_20006_cascadecr.pdf,muhammadeakub,239564fe06832b710456aa89247d67d8d5f2156bc26b805d60eb7388502a33a0,seal on last page(s) of 3; p3: bottom-right
2026-10-02T14:29:12,approved,179_93128_summitit.pdf,179_93128_summitit.pdf,muhammadeakub,17ddd53696eb7f2aeb9862ebb06bf5149a10e6795ede9ce92a78c8640bead812,seal on last page(s) of 1; p1: bottom-right
2026-10-02T14:29:12,approved,180_INV057229_harborcourier.pdf,180_INV057229_harborcourier.pdf,muhammadeakub,89e1f9f80dfc460b8dc8fcdd991307c62b22b52eb1cc89d9616688f2815adf18,seal on last page(s) of 2; p2: bottom-right
2026-10-02T14:29:12,approved,182_82779_harborcourier.pdf,182_82779_harborcourier.pdf,muhammadeakub,4ee80c2c1d8c38d711f61cb64a25519f9516da2d83c0756d9555ac284d168f91,seal on last page(s) of 3; p3: bottom-right
2026-10-02T14:29:12,approved,183_INV-2026-48880_meridiansec.pdf,183_INV-2026-48880_meridiansec.pdf,muhammadeakub,09d3e4a884e06ba344af6a4fb43d937bf803d4cdd58098228984bccddb34e0aa,seal on last page(s) of 2; p2: bottom-right
2026-10-02T14:29:12,approved,184_41809-A_brightline.pdf,184_41809-A_brightline.pdf,muhammadeakub,7afa35a06e10708f3e4d919ce10cc5940a29de4bb10ddb508c5374ba857b3811,seal on last page(s) of 1; p1: bottom-right
2026-10-02T14:29:12,approved,185_INV082045_graniterecords.pdf,185_INV082045_graniterecords.pdf,muhammadeakub,8e1359704fe5bf1549931585dfffc2390c61963335bc5c5e620d1d793370560d,seal on last page(s) of 1; p1: bottom-right
2026-10-02T14:29:12,approved,186_INV-2026-1175_pinecrestcater.pdf,186_INV-2026-1175_pinecrestcater.pdf,muhammadeakub,aca34ccd669c069dfaa056d54cf88b2a4cf37ea22061fe7be8779e214c1fb308,seal on last page(s) of 3; p3: bottom-right
2026-10-02T14:29:12,approved,187_12097_brightline.pdf,187_12097_brightline.pdf,muhammadeakub,7fd7169e6390c35c860ab186711eba9617029b240a3287a5587a4d420536ac93,seal on last page(s) of 3; p3: bottom-right
2026-10-02T14:29:12,approved,188_51189_brightline.pdf,188_51189_brightline.pdf,muhammadeakub,e85e507a887dcff175737237423dd549d74de0dbbd83432a5821d98ff054dc45,seal on last page(s) of 1; p1: bottom-right
2026-10-02T14:29:12,approved,189_54796_harborcourier.pdf,189_54796_harborcourier.pdf,muhammadeakub,19bc5634e9d89930d6be42f131b99facef1b0f087647a016a10d7615c42db5a2,seal on last page(s) of 2; p2: bottom-right
2026-10-02T14:29:12,approved,190_INV-2026-35842_northwindtx.pdf,190_INV-2026-35842_northwindtx.pdf,muhammadeakub,3fd48cf22d157b76815b50ee51ff9dc5f76944e7066dbe19b5b98c936ef0f5e9,seal on last page(s) of 4; p4: bottom-right
2026-10-02T14:29:12,approved,191_87683_bluewaterprint.pdf,191_87683_bluewaterprint.pdf,muhammadeakub,1929edad10f826a5a8133f2d316ac8421befd1e084353099022063ce4a250a0d,seal on last page(s) of 4; p4: bottom-right
2026-10-02T14:29:12,approved,192_INV010127_summitit.pdf,192_INV010127_summitit.pdf,muhammadeakub,948a0211fe3f4093b7af860856c3a4dfe79086e327b7901881a56fcc39bfc390,seal on last page(s) of 4; p4: bottom-right
2026-10-02T14:29:12,approved,193_62447_meridiansec.pdf,193_62447_meridiansec.pdf,muhammadeakub,2506c8b13753ef3eb01da59ad9c4c81dcff6264fa333fb5093951fee6bf12e62,seal on last page(s) of 1; p1: bottom-right
2026-10-02T14:29:12,approved,194_INV-2026-90739_brightline.pdf,194_INV-2026-90739_brightline.pdf,muhammadeakub,627114663fb6bd85b8507831e05574de5c4d84a0a2d866c83ebf8f5078e2fe5c,seal on last page(s) of 1; p1: bottom-right
2026-10-02T14:29:12,approved,195_INV099929_northwindtx.pdf,195_INV099929_northwindtx.pdf,muhammadeakub,3cd142ff1cd8122d562cc59f52176f8597377df592c0f6fb5e27608585091f20,seal on last page(s) of 2; p2: bottom-right
2026-10-02T14:29:12,approved,196_INV-2026-91101_pinecrestcater.pdf,196_INV-2026-91101_pinecrestcater.pdf,muhammadeakub,570121b79797fd141ef29aae4f87378356aa4ca7f968bfb68b2ef751336ba3e1,seal on last page(s) of 1; p1: bottom-right
2026-10-02T14:29:13,approved,197_INV-2026-40845_harborcourier.pdf,197_INV-2026-40845_harborcourier.pdf,muhammadeakub,d77dc8308b96a0894646eefae3b06d49a2245bbc2854e2776c25bf6a285eeea0,seal on last page(s) of 2; p2: bottom-right
2026-10-02T14:29:13,approved,198_INV-2026-71425_meridiansec.pdf,198_INV-2026-71425_meridiansec.pdf,muhammadeakub,c593c11aa55cec8dc2112c50e44e05c74942f83276c0fd90aba7be49699d494a,seal on last page(s) of 1; p1: bottom-right
2026-10-02T14:29:13,approved,199_INV015698_oakridgefc.pdf,199_INV015698_oakridgefc.pdf,muhammadeakub,278dc727c21e318732566992b214c782a9b254c6867b30ee6e34e59668467715,seal on last page(s) of 2; p2: bottom-right
2026-10-02T14:29:13,approved,200_INV056808_graniterecords.pdf,200_INV056808_graniterecords.pdf,muhammadeakub,db1dd21be91f2eb5262cce7755d11579df5d3f3311b0a77314bda9994699ddf3,seal on last page(s) of 3; p3: bottom-right
2026-10-02T14:34:33,approved,001_24836-A_brightline.pdf,001_24836-A_brightline.pdf,muhammadeakub,07bcd890a7801e520172b5a4606d16a5a8ae842d3ad2ca8baf3c6ecc91dce1dc,seal on last page(s) of 1; p1: bottom-right
2026-10-02T14:34:33,approved,002_INV049972_northwindtx.pdf,002_INV049972_northwindtx.pdf,muhammadeakub,5e0d7c3e377a44df0f0a09410fd4548d99d0d142665d81c583f5a190da23757c,seal on last page(s) of 1; p1: bottom-right
2026-10-02T14:34:33,approved,003_97092-A_bluewaterprint.pdf,003_97092-A_bluewaterprint.pdf,muhammadeakub,689fd2b2a79385dfcf801f3481d97107e2a48858540327cec61e2f60614dcdb8,seal on last page(s) of 2; p2: bottom-right
2026-10-02T14:34:33,approved,004_70950-A_cascadecr.pdf,004_70950-A_cascadecr.pdf,muhammadeakub,fb645b178d7e28125170a7a059747572bb4a57c322bcb5a3f98020914eab2850,seal on last page(s) of 2; p2: bottom-right
2026-10-02T14:34:33,approved,005_32411-A_cascadecr.pdf,005_32411-A_cascadecr.pdf,muhammadeakub,6c57580cacdf6b6150bf4a647ed5455925854c1dd18e389c79eb1e0c3ecbc457,seal on last page(s) of 2; p2: bottom-right
2026-10-02T14:34:33,approved,006_86823_meridiansec.pdf,006_86823_meridiansec.pdf,muhammadeakub,cefb26fa93b2b17293425aa6dbcdacb2787ff22da965985a78c33aac768b56fa,seal on last page(s) of 1; p1: bottom-right
2026-10-02T14:34:33,approved,007_4654-A_bluewaterprint.pdf,007_4654-A_bluewaterprint.pdf,muhammadeakub,e96621d728516aa18f61a685a55c70063aa5a18be9cac285511693875fbc7f13,seal on last page(s) of 2; p2: bottom-right
2026-10-02T14:34:33,approved,008_92839_pinecrestcater.pdf,008_92839_pinecrestcater.pdf,muhammadeakub,2b9388aab91f9e3a71d008a6db7129c3ffcb52ff949ffe715e5cad91fc082871,seal on last page(s) of 2; p2: bottom-right
2026-10-02T14:34:33,approved,009_INV036164_bluewaterprint.pdf,009_INV036164_bluewaterprint.pdf,muhammadeakub,5c6d450bf67aa2226056ef8b4541c06f2aba0a51f513dba2e72aadce437645b5,seal on last page(s) of 1; p1: bottom-right
2026-10-02T14:34:33,approved,010_70020-A_meridiansec.pdf,010_70020-A_meridiansec.pdf,muhammadeakub,075a5980c1621c6ac0f1897ee9ee934f98c44e2e40a736cf1eb8e57fb98e6009,seal on last page(s) of 2; p2: bottom-right
2026-10-02T14:34:33,approved,011_INV-2026-51897_northwindtx.pdf,011_INV-2026-51897_northwindtx.pdf,muhammadeakub,fd0c2c043da74873d84a8792ab81a04b3b5aaf8f97a246369c50143bf1c3cba5,seal on last page(s) of 1; p1: bottom-right
2026-10-02T14:34:33,approved,012_54425_pinecrestcater.pdf,012_54425_pinecrestcater.pdf,muhammadeakub,9f6ce5eb2c72bf67878199517711a7556ab0a0c7b41f7d9e4ed6f716ba9959a1,seal on last page(s) of 1; p1: bottom-right
2026-10-02T14:34:33,approved,013_INV-2026-98316_harborcourier.pdf,013_INV-2026-98316_harborcourier.pdf,muhammadeakub,cdab7b886554379430768fe510160e75302ac3fac7abb53a6888a685128ded12,seal on last page(s) of 1; p1: bottom-right
2026-10-02T14:34:33,approved,014_64906_oakridgefc.pdf,014_64906_oakridgefc.pdf,muhammadeakub,52410ab643f9d50f13fd0ffae8748c602f2fcfe3adf66f5a50a568bc97cc4795,seal on last page(s) of 1; p1: bottom-right
2026-10-02T14:34:33,approved,015_INV-2026-77458_cascadecr.pdf,015_INV-2026-77458_cascadecr.pdf,muhammadeakub,e6b046d4bf49a7ac04d341359e44bf7be630dfed04cbd406db96c143f411b71a,seal on last page(s) of 3; p3: bottom-right
2026-10-02T14:34:33,approved,016_43307_bluewaterprint.pdf,016_43307_bluewaterprint.pdf,muhammadeakub,8d44d9658db3b658a6222f57c1fa8b71edcccf440c2b57c5966ce924acb6b24c,seal on last page(s) of 1; p1: bottom-right
2026-10-02T14:34:33,approved,017_73681_brightline.pdf,017_73681_brightline.pdf,muhammadeakub,fef6845158848ef31457e10945b95402c1887f37a802dcb092cd1f77b21ea92e,seal on last page(s) of 3; p3: bottom-right
2026-10-02T14:34:33,approved,018_INV-2026-84206_meridiansec.pdf,018_INV-2026-84206_meridiansec.pdf,muhammadeakub,eaba4b2f136cf8f58098fc0901f98bb5f1c18f7f4879b1db23fdfb38b2fde93f,seal on last page(s) of 1; p1: bottom-right
2026-10-02T14:34:33,approved,019_31623_harborcourier.pdf,019_31623_harborcourier.pdf,muhammadeakub,b6b99be94ed6e5d45bf7ee255c359b02484010e19dc8d21c2a526ecacb3ef1ee,seal on last page(s) of 1; p1: bottom-right
2026-10-02T14:34:33,approved,020_INV-2026-32152_northwindtx.pdf,020_INV-2026-32152_northwindtx.pdf,muhammadeakub,ac2819093c4bd6201ee97dcc884e8051b241131aa0f247095a862f6ebb459cd6,seal on last page(s) of 2; p2: bottom-right
2026-10-02T14:34:33,approved,021_33409-A_summitit.pdf,021_33409-A_summitit.pdf,muhammadeakub,4d9c7137a20a1561abe908256f98e4592ae2f8678f46045f79e8b68f019846b9,seal on last page(s) of 4; p4: bottom-right
2026-10-02T14:34:33,approved,022_INV-2026-84177_brightline.pdf,022_INV-2026-84177_brightline.pdf,muhammadeakub,ef41fca2ca656b2cca2904cfc3b72634467307fe4e20c9ea9ebfe877db3a9bee,seal on last page(s) of 1; p1: bottom-right
2026-10-02T14:34:33,approved,023_86916_oakridgefc.pdf,023_86916_oakridgefc.pdf,muhammadeakub,6d21f7bfa2f530983645abf32ea26702ad2565283c5ba3c1f34453a071c64be0,seal on last page(s) of 1; p1: bottom-right
2026-10-02T14:34:33,approved,024_INV-2026-25673_northwindtx.pdf,024_INV-2026-25673_northwindtx.pdf,muhammadeakub,0dd73f25587eea2db9a08da3f67ed17418594374f29c913a693fe38e933f51e2,seal on last page(s) of 2; p2: bottom-right
2026-10-02T14:34:33,approved,025_INV-2026-13821_summitit.pdf,025_INV-2026-13821_summitit.pdf,muhammadeakub,05190773741abecb6744e9c9db04385c08e9aefc8fbfc5056d03e5fd43803f0d,seal on last page(s) of 3; p3: bottom-right
2026-10-02T14:34:33,approved,026_93261_northwindtx.pdf,026_93261_northwindtx.pdf,muhammadeakub,c5306ed75ef27e73e40d28b1bf886bce0b5fa4aee92250482c74954370a3d577,seal on last page(s) of 2; p2: bottom-right
2026-10-02T14:34:33,approved,027_1223-A_pinecrestcater.pdf,027_1223-A_pinecrestcater.pdf,muhammadeakub,10b9cc1e75153b325d43f5badf414be9fc6c01440c20493b46fea9e1b2940f0c,seal on last page(s) of 1; p1: bottom-right
2026-10-02T14:34:33,approved,028_07714_graniterecords.pdf,028_07714_graniterecords.pdf,muhammadeakub,076eb74b10124f5cf07ff95593beff72b9208668ad4007a24e370d4cab224400,seal on last page(s) of 4; p4: bottom-right
2026-10-02T14:34:33,approved,029_INV-2026-95674_graniterecords.pdf,029_INV-2026-95674_graniterecords.pdf,muhammadeakub,5ac11b2891eec3ae4370e3cd46a7932a19475fd91fa122f6d4fbed61e58fc66d,seal on last page(s) of 1; p1: bottom-right
2026-10-02T14:34:33,approved,030_26708-A_brightline.pdf,030_26708-A_brightline.pdf,muhammadeakub,960dad0f13857d33cfde32fb97753870420df10007d1799f2a39e0f072b13160,seal on last page(s) of 1; p1: bottom-right
2026-10-02T14:34:33,approved,031_86873-A_brightline.pdf,031_86873-A_brightline.pdf,muhammadeakub,8108ece471fbc69835b894aa95c14836f4f875060abda5240cbdc5e0b83a98f8,seal on last page(s) of 2; p2: bottom-right
2026-10-02T14:34:33,approved,032_75539_meridiansec.pdf,032_75539_meridiansec.pdf,muhammadeakub,3bacd32e7543de1ae04c8a89e75f401d16f25751f1f7c0a0384f1fa95c86f31b,seal on last page(s) of 1; p1: bottom-right
2026-10-02T14:34:34,approved,033_INV095933_oakridgefc.pdf,033_INV095933_oakridgefc.pdf,muhammadeakub,2ff78e4f4c0369e894565509fcfa353a932c9ecfe29055b3327ad7bc80eff31a,seal on last page(s) of 1; p1: bottom-right
2026-10-02T14:34:34,approved,034_INV-2026-75079_meridiansec.pdf,034_INV-2026-75079_meridiansec.pdf,muhammadeakub,1dfe1bbd00036d2a9d72fae15f720b2f9ed04fe04b2db7ea1df6ea143e4ef5c3,seal on last page(s) of 2; p2: bottom-right
2026-10-02T14:34:34,approved,035_INV092286_meridiansec.pdf,035_INV092286_meridiansec.pdf,muhammadeakub,85b9e0bc78bc0ce8435170715efef96ee41089914f82c87fe98c53e27f2c1245,seal on last page(s) of 1; p1: bottom-right
2026-10-02T14:34:34,approved,036_INV092686_pinecrestcater.pdf,036_INV092686_pinecrestcater.pdf,muhammadeakub,4832a197cc872e7a43ea4dd74bade4a5f67e7003ee676a5e7b9137b08ca4c8e0,seal on last page(s) of 1; p1: bottom-right
2026-10-02T14:34:34,approved,037_37987_brightline.pdf,037_37987_brightline.pdf,muhammadeakub,833af162f7b0805262f4401a27e67658bab212abfdd05ce528180121b1fcfc21,seal on last page(s) of 1; p1: bottom-right
2026-10-02T14:34:34,approved,038_INV040961_summitit.pdf,038_INV040961_summitit.pdf,muhammadeakub,b2afb38de6915e29f0086ec88ef05b50744d694d385d7e662b0d225c3522f069,seal on last page(s) of 2; p2: bottom-right
2026-10-02T14:34:34,approved,039_INV-2026-83702_meridiansec.pdf,039_INV-2026-83702_meridiansec.pdf,muhammadeakub,dcb02ea1b7cf2b8c85e09ea85d6f4870cc1ab24125f273c1d243ef91b3bdbf7c,seal on last page(s) of 1; p1: bottom-right
2026-10-02T14:34:34,approved,040_65426_oakridgefc.pdf,040_65426_oakridgefc.pdf,muhammadeakub,30b2dfa2132840c0a1ddffe1834b7dedab0bd733af28a4a107f8199ddc6e5039,seal on last page(s) of 2; p2: bottom-right
2026-10-02T14:34:34,approved,041_12209-A_meridiansec.pdf,041_12209-A_meridiansec.pdf,muhammadeakub,59298a88b55cf3ce459c53f8c6e2e607f95e77615047abcc55f8e30fe363cfac,seal on last page(s) of 3; p3: bottom-right
2026-10-02T14:34:34,approved,042_14748-A_graniterecords.pdf,042_14748-A_graniterecords.pdf,muhammadeakub,6c8c53a1325dff9cd414106be6e4d4dee926943c3f70e3b35e9c5e2888eb7534,seal on last page(s) of 2; p2: bottom-right
2026-10-02T14:34:34,approved,043_INV-2026-67724_pinecrestcater.pdf,043_INV-2026-67724_pinecrestcater.pdf,muhammadeakub,51375ef8f1e29110a7f28c9bd3c8a1499f1ca0ea55700fb7ac69e2489604bccd,seal on last page(s) of 1; p1: bottom-right
2026-10-02T14:34:34,approved,044_18237_harborcourier.pdf,044_18237_harborcourier.pdf,muhammadeakub,8b900f8a3d0ea7dbb1dd765895d93ffabc4b0cb024d6b412ca4ea469638c36c6,seal on last page(s) of 2; p2: bottom-right
2026-10-02T14:34:34,approved,045_INV-2026-99003_oakridgefc.pdf,045_INV-2026-99003_oakridgefc.pdf,muhammadeakub,aee502fb6a77663a0fdbba0cb28967dfbb746d065d62f4ce096f11ba819e9bd7,seal on last page(s) of 1; p1: bottom-right
2026-10-02T14:34:34,approved,046_INV-2026-97477_summitit.pdf,046_INV-2026-97477_summitit.pdf,muhammadeakub,6e9bf154b33fe2b8dd827991b183242480b99238ff226edc57975c9bff56fd35,seal on last page(s) of 2; p2: bottom-right
2026-10-02T14:34:34,approved,047_70724_cascadecr.pdf,047_70724_cascadecr.pdf,muhammadeakub,e0a3201bd4c1ab9a8ead88d484e125013b37ca6418f318db3f5973084cd9d337,seal on last page(s) of 2; p2: bottom-right
2026-10-02T14:34:34,approved,048_INV029304_graniterecords.pdf,048_INV029304_graniterecords.pdf,muhammadeakub,a86a7b8da2c78099a9a1d0de3870542bedba2fd2e0710f119bbe7d9e7bf5be9d,seal on last page(s) of 2; p2: bottom-right
2026-10-02T14:34:34,approved,049_85659_graniterecords.pdf,049_85659_graniterecords.pdf,muhammadeakub,6ea0fd00329e16bce4db64f92245092919bcb6a64c205d247b6e6e22465b080b,seal on last page(s) of 3; p3: bottom-right
2026-10-02T14:34:34,approved,050_INV-2026-97866_meridiansec.pdf,050_INV-2026-97866_meridiansec.pdf,muhammadeakub,e43758a22bd2aeb76a672effcaa9e76a7ee456e631040b246524dc1ef968b8e3,seal on last page(s) of 2; p2: bottom-right
2026-10-02T14:34:34,approved,051_INV-2026-3014_brightline.pdf,051_INV-2026-3014_brightline.pdf,muhammadeakub,0302cde63a8313a4858c06e3b3eaf4ab50cb3503eb0542c8e336067376cb493b,seal on last page(s) of 2; p2: bottom-right
2026-10-02T14:34:34,approved,052_INV028878_harborcourier.pdf,052_INV028878_harborcourier.pdf,muhammadeakub,4278246246a87494e26819291cc97be378e3b1dd9f132f163f8b37447ba1ecf8,seal on last page(s) of 1; p1: bottom-right
2026-10-02T14:34:34,approved,053_INV045923_harborcourier.pdf,053_INV045923_harborcourier.pdf,muhammadeakub,6ead13277144773e2f857bbfe73e7875bb37f2958b10e2dff4822e6b618a653a,seal on last page(s) of 1; p1: bottom-right
2026-10-02T14:34:34,approved,054_INV037429_pinecrestcater.pdf,054_INV037429_pinecrestcater.pdf,muhammadeakub,ebfb1cf5746e08c46d1421f3e09b5e11be49987969670d43a79c86c29a169881,seal on last page(s) of 2; p2: bottom-right
2026-10-02T14:34:34,approved,055_INV049941_northwindtx.pdf,055_INV049941_northwindtx.pdf,muhammadeakub,cce397215744ca0beefe8fcbbbdd8fb09703f9f0ae3df9bc589b181c0b7a77dd,seal on last page(s) of 1; p1: bottom-right
2026-10-02T14:34:34,approved,056_INV027590_oakridgefc.pdf,056_INV027590_oakridgefc.pdf,muhammadeakub,7849ce19e79b5c92f38ac5780067296b5225d914ee0275f44994637e8f8880fc,seal on last page(s) of 3; p3: bottom-right
2026-10-02T14:34:34,approved,057_76644-A_harborcourier.pdf,057_76644-A_harborcourier.pdf,muhammadeakub,a8c27a78dc52385a262def6a135f41a2512b80aff9fa9c6f1195bbb1ee97035c,seal on last page(s) of 1; p1: bottom-right
2026-10-02T14:34:34,approved,058_45721_cascadecr.pdf,058_45721_cascadecr.pdf,muhammadeakub,46789a3bced3d9892531f99705843893535297838b28d422f297741378bd1845,seal on last page(s) of 1; p1: bottom-right
2026-10-02T14:34:34,approved,059_INV058184_graniterecords.pdf,059_INV058184_graniterecords.pdf,muhammadeakub,559aabf662f277225e24b4c890da2983b1303d992982ff8efeb84808d2273720,seal on last page(s) of 2; p2: bottom-right
2026-10-02T14:34:34,approved,060_76869-A_harborcourier.pdf,060_76869-A_harborcourier.pdf,muhammadeakub,3eb69d85e9575a0bc031a41afc4015dd90de4bed825ff2049538b8c216ef5300,seal on last page(s) of 1; p1: bottom-right
2026-10-02T14:34:34,approved,061_INV-2026-90352_meridiansec.pdf,061_INV-2026-90352_meridiansec.pdf,muhammadeakub,f3c24cbc7b894d473abc6ea5edfe5c322c00049145db2282a151ffdb9d41c01f,seal on last page(s) of 1; p1: bottom-right
2026-10-02T14:34:34,approved,062_71956-A_brightline.pdf,062_71956-A_brightline.pdf,muhammadeakub,7d33f0ae063e60694ac23ccf6e0a60297c54c0ab527fd6523deef6b4b79bd2ce,seal on last page(s) of 1; p1: bottom-right
2026-10-02T14:34:34,approved,063_86418_summitit.pdf,063_86418_summitit.pdf,muhammadeakub,9a52069847395f74a7cc0e5a9d4b84f9a8679f10321f8afefe9ce4af272cb8e1,seal on last page(s) of 2; p2: bottom-right
2026-10-02T14:34:34,approved,064_24947_graniterecords.pdf,064_24947_graniterecords.pdf,muhammadeakub,fddddabd21e8b591891b6cd0c86c1b038b68cb43baffc30fac347d8278b374bf,seal on last page(s) of 2; p2: bottom-right
2026-10-02T14:34:34,approved,065_08803_pinecrestcater.pdf,065_08803_pinecrestcater.pdf,muhammadeakub,86f7f6136f2238f2a5bbaf264c5f81352a5c41dd3f1edc3504f90c04a2b024b3,seal on last page(s) of 3; p3: bottom-right
2026-10-02T14:34:34,approved,066_INV-2026-16330_meridiansec.pdf,066_INV-2026-16330_meridiansec.pdf,muhammadeakub,86dba6c095c6252b9eb2709886e3d8b75cc0a81616acaec2fe75b87097b99636,seal on last page(s) of 2; p2: bottom-right
2026-10-02T14:34:34,approved,067_47521_meridiansec.pdf,067_47521_meridiansec.pdf,muhammadeakub,01a09ba8548c52a090e013928278cc5545b4705cf9f7487725d5198b5430c906,seal on last page(s) of 1; p1: bottom-right
2026-10-02T14:34:34,approved,068_10168_cascadecr.pdf,068_10168_cascadecr.pdf,muhammadeakub,a1e82e20e134f310ba68045baa65a637370398a42c5b9ea592ee4aa7ebb0d1c7,seal on last page(s) of 2; p2: bottom-right
2026-10-02T14:34:34,approved,069_INV-2026-91802_cascadecr.pdf,069_INV-2026-91802_cascadecr.pdf,muhammadeakub,24012743e30eb354c40e7475950cc4c5173456f94cb71e356616366b3bb6c64a,seal on last page(s) of 1; p1: bottom-right
2026-10-02T14:34:34,approved,070_09884_pinecrestcater.pdf,070_09884_pinecrestcater.pdf,muhammadeakub,4cc00c0e624bda744021e4a315bf9bd9e4a7ab8519f72dcd47416ebb3a22bbff,seal on last page(s) of 1; p1: bottom-right
2026-10-02T14:34:34,approved,071_51623-A_pinecrestcater.pdf,071_51623-A_pinecrestcater.pdf,muhammadeakub,91f3930f0975aa2b3ac4698522f991e204bf96863ba4aa965a87d7a6365fb103,seal on last page(s) of 3; p3: bottom-right
2026-10-02T14:34:34,approved,072_55120-A_cascadecr.pdf,072_55120-A_cascadecr.pdf,muhammadeakub,53cee171850bf9591edb072daef9a4e9adbb6db56ca2f7b82a188e239ec2c861,seal on last page(s) of 2; p2: bottom-right
2026-10-02T14:34:34,approved,073_INV-2026-79630_bluewaterprint.pdf,073_INV-2026-79630_bluewaterprint.pdf,muhammadeakub,7649ee39483a3b4e23b523fe02e91597d4ee2d93efde72facb3ccccf4d1c4609,seal on last page(s) of 3; p3: bottom-right
2026-10-02T14:34:34,approved,074_INV-2026-26805_northwindtx.pdf,074_INV-2026-26805_northwindtx.pdf,muhammadeakub,f55d778b33b00d51992aab510003a71d2f09d162202817734012293b0b21e7d7,seal on last page(s) of 1; p1: bottom-right
2026-10-02T14:34:34,approved,075_90404-A_oakridgefc.pdf,075_90404-A_oakridgefc.pdf,muhammadeakub,9f44c1f67038b32afbdd93b0f65871241f7aca5e3dde493077d45a54ca5931bc,seal on last page(s) of 4; p4: bottom-right
2026-10-02T14:34:34,approved,076_81214_brightline.pdf,076_81214_brightline.pdf,muhammadeakub,45114c3ca19d1ca9c640b1b8c61866c0128b60d56c8a445bd2bca1fd41785f48,seal on last page(s) of 1; p1: bottom-right
2026-10-02T14:34:34,approved,077_INV-2026-30499_bluewaterprint.pdf,077_INV-2026-30499_bluewaterprint.pdf,muhammadeakub,feb8385589f1162862db26dca92aeee00f6082234ea2fb0857bb75153d0d2e34,seal on last page(s) of 1; p1: bottom-right
2026-10-02T14:34:34,approved,078_INV053992_cascadecr.pdf,078_INV053992_cascadecr.pdf,muhammadeakub,35a18a96422ffc436292c39ea41f42744ef91abc49e0e36d9be1e76174f07736,seal on last page(s) of 2; p2: bottom-right
2026-10-02T14:34:34,approved,079_88677-A_pinecrestcater.pdf,079_88677-A_pinecrestcater.pdf,muhammadeakub,3b1c7a86b811639acb1eef4e0eb364f0f75a3885e77465a1b13623ad70b099ad,seal on last page(s) of 2; p2: bottom-right
2026-10-02T14:34:34,approved,080_INV086336_cascadecr.pdf,080_INV086336_cascadecr.pdf,muhammadeakub,32a298966d4356e123799f0678dedf332a343db1b23105d163aa6c242e2ec9e8,seal on last page(s) of 1; p1: bottom-right
2026-10-02T14:34:34,approved,081_25158_northwindtx.pdf,081_25158_northwindtx.pdf,muhammadeakub,16f31d0c851e47fd9470d60aaecf48cf98b278c45fd463e4967b441cade0d6a2,seal on last page(s) of 2; p2: bottom-right
2026-10-02T14:34:34,approved,082_INV-2026-73075_pinecrestcater.pdf,082_INV-2026-73075_pinecrestcater.pdf,muhammadeakub,e720fcd7a576893ec158cc378f52603cdc7274f2286e3d651241893030598104,seal on last page(s) of 1; p1: bottom-right
2026-10-02T14:34:34,approved,083_INV070944_meridiansec.pdf,083_INV070944_meridiansec.pdf,muhammadeakub,e310747350ad003febb4ccf02766e412b427ea415c0a32db2898fc2880e07890,seal on last page(s) of 2; p2: bottom-right
2026-10-02T14:34:34,approved,084_2222-A_cascadecr.pdf,084_2222-A_cascadecr.pdf,muhammadeakub,ab4afbfae39c9b048818d6379c41e3bca3171034abea05ba01224060188f52ae,seal on last page(s) of 1; p1: bottom-right
2026-10-02T14:34:34,approved,085_40708_harborcourier.pdf,085_40708_harborcourier.pdf,muhammadeakub,0a09677fe65d2b867fcf21812e3cf205cf7494e6ac954985b71e210ddb259cd7,seal on last page(s) of 1; p1: bottom-right
2026-10-02T14:34:34,approved,086_INV045775_harborcourier.pdf,086_INV045775_harborcourier.pdf,muhammadeakub,a935e4c3e914bd38e305e1ed27cb7cb3aed28687f32d31ae857f63f1cee7cbd5,seal on last page(s) of 1; p1: bottom-right
2026-10-02T14:34:34,approved,087_76860_brightline.pdf,087_76860_brightline.pdf,muhammadeakub,11d84be8ae6c5f23180e23be823d665faee191a2f150bd6de5e7c6ff0cfc8c33,seal on last page(s) of 4; p4: bottom-right
2026-10-02T14:34:35,approved,088_INV-2026-50056_summitit.pdf,088_INV-2026-50056_summitit.pdf,muhammadeakub,d823121eea06e395b8777a490932a20c48c31ce2ae1e1662102b47d91ff0901e,seal on last page(s) of 1; p1: bottom-right
2026-10-02T14:34:35,approved,089_INV067481_graniterecords.pdf,089_INV067481_graniterecords.pdf,muhammadeakub,7fb6ccd466b6b535b5978d8514d3146df770edce24de814963f47ed7b9fbf57c,seal on last page(s) of 1; p1: bottom-right
2026-10-02T14:34:35,approved,090_INV052384_oakridgefc.pdf,090_INV052384_oakridgefc.pdf,muhammadeakub,c7981d1bedfa1b6d35345680a893efb15cb38f831e16058821aace583b3b9574,seal on last page(s) of 1; p1: bottom-right
2026-10-02T14:34:35,approved,091_75034_brightline.pdf,091_75034_brightline.pdf,muhammadeakub,38a6a675dd2efbbda541dcf8d1d3032e9278e4147016a8e2c2eb27442b81a682,seal on last page(s) of 1; p1: bottom-right
2026-10-02T14:34:35,approved,092_90853_harborcourier.pdf,092_90853_harborcourier.pdf,muhammadeakub,ed08b06ed9c316708331cf7fe11f5deb936d509d781af263679c9feec0efc46e,seal on last page(s) of 1; p1: bottom-right
2026-10-02T14:34:35,approved,093_17207-A_meridiansec.pdf,093_17207-A_meridiansec.pdf,muhammadeakub,9795dc2c94ceb431b9faf1028a9179ef328e2e0aed5425326848295ded964078,seal on last page(s) of 1; p1: bottom-right
2026-10-02T14:34:35,approved,094_INV051237_graniterecords.pdf,094_INV051237_graniterecords.pdf,muhammadeakub,acd85f6da80071c60014e8da37b649d00567961f3308083e73cdce9da071b06a,seal on last page(s) of 2; p2: bottom-right
2026-10-02T14:34:35,approved,095_90667_meridiansec.pdf,095_90667_meridiansec.pdf,muhammadeakub,1c4eed7b270099165b2b5c97162782f296ae92ec1aeaefdabcdb253fc72cd99e,seal on last page(s) of 2; p2: bottom-right
2026-10-02T14:34:35,approved,096_25375-A_brightline.pdf,096_25375-A_brightline.pdf,muhammadeakub,afc3f6065e4a9fef07253b5b49ea6e55371ee997992a7e74891c096432221bcb,seal on last page(s) of 1; p1: bottom-right
2026-10-02T14:34:35,approved,097_INV-2026-56249_oakridgefc.pdf,097_INV-2026-56249_oakridgefc.pdf,muhammadeakub,df4118fc43b9d0c14052d07157f1006d7de04096ff1528c1d4b1cefc5ca8f814,seal on last page(s) of 1; p1: bottom-right
2026-10-02T14:34:35,approved,098_84736_oakridgefc.pdf,098_84736_oakridgefc.pdf,muhammadeakub,6a0c1e403573e912a5b3e025f60982ede9ce6ad945b160188390ccc679451057,seal on last page(s) of 2; p2: bottom-right
2026-10-02T14:34:35,approved,099_INV056764_northwindtx.pdf,099_INV056764_northwindtx.pdf,muhammadeakub,6820572ece41d01ac72869c70f7ad56ced7ab5a5efdf6e5fdce9f7981e43ad39,seal on last page(s) of 2; p2: bottom-right
2026-10-02T14:34:35,approved,100_53498_graniterecords.pdf,100_53498_graniterecords.pdf,muhammadeakub,0350098bedca28c9d32fb3d797b6d8f15527ae60c17b843fdae3d69768d5eb61,seal on last page(s) of 1; p1: bottom-right
2026-10-02T14:34:35,approved,101_INV-2026-74163_northwindtx.pdf,101_INV-2026-74163_northwindtx.pdf,muhammadeakub,5206b2769f8056efcf762a5ce08565cd4ba4dee5415dd834d5d039ba4b80c4b6,seal on last page(s) of 3; p3: bottom-right
2026-10-02T14:34:35,approved,102_INV-2026-42124_pinecrestcater.pdf,102_INV-2026-42124_pinecrestcater.pdf,muhammadeakub,d0cb6cc4244e4e7e523ba0e8e5aadb0161b185bfd5c35d43583087e81aa9f13d,seal on last page(s) of 4; p4: bottom-right
2026-10-02T14:34:35,approved,103_INV-2026-31296_pinecrestcater.pdf,103_INV-2026-31296_pinecrestcater.pdf,muhammadeakub,4b737b32c5732a75bd6bad8e68acae7900435cbd0aa36f53f45695821fb48e89,seal on last page(s) of 4; p4: bottom-right
2026-10-02T14:34:35,approved,104_INV-2026-15738_harborcourier.pdf,104_INV-2026-15738_harborcourier.pdf,muhammadeakub,91a9d83c8bd2767efba37323fedcf9c30189ef6103a9202fcc9fcfda228e614c,seal on last page(s) of 2; p2: bottom-right
2026-10-02T14:34:35,approved,105_INV-2026-70724_summitit.pdf,105_INV-2026-70724_summitit.pdf,muhammadeakub,e0308cdbeb80e2dd60586f646495332be9bb79a2d817447df3ca2d7261b16a71,seal on last page(s) of 1; p1: bottom-right
2026-10-02T14:34:35,approved,106_73968-A_summitit.pdf,106_73968-A_summitit.pdf,muhammadeakub,02057e142cc0150d40d98dabf92d87e10c5104e8edffd36e12ab53cee61ecbdd,seal on last page(s) of 2; p2: bottom-right
2026-10-02T14:34:35,approved,107_56930-A_graniterecords.pdf,107_56930-A_graniterecords.pdf,muhammadeakub,ab6019bb65f1aa5e7abaf47fcfadf5f0263ec1b484736cc866ad26e7f642728b,seal on last page(s) of 1; p1: bottom-right
2026-10-02T14:34:35,approved,108_INV048537_meridiansec.pdf,108_INV048537_meridiansec.pdf,muhammadeakub,63ee25f219b5e77f1c82fcb5c1d21f75ff98f4b26b6ea6475ab0c5d611d7999c,seal on last page(s) of 2; p2: bottom-right
2026-10-02T14:34:35,approved,109_INV027983_oakridgefc.pdf,109_INV027983_oakridgefc.pdf,muhammadeakub,c097b8e97d334485fef3ceac19893263b08ea3ed7c1faf182243233916572318,seal on last page(s) of 1; p1: bottom-right
2026-10-02T14:34:35,approved,110_INV083440_bluewaterprint.pdf,110_INV083440_bluewaterprint.pdf,muhammadeakub,a154007a72b9af0f1ac98fa51ada41efcd55aa76b10235bb38b0622bd247b5a3,seal on last page(s) of 2; p2: bottom-right
2026-10-02T14:34:35,approved,111_85855_oakridgefc.pdf,111_85855_oakridgefc.pdf,muhammadeakub,1e7ba7c5bf3bc870c3ec6e61712818296252578ee3d54ac7eb1abef4e6affba3,seal on last page(s) of 1; p1: bottom-right
2026-10-02T14:34:35,approved,112_INV-2026-33658_meridiansec.pdf,112_INV-2026-33658_meridiansec.pdf,muhammadeakub,6ecbcd2955880c7565be9502eac7d87dd6e7f9dc0b1296fa7219595ae910c09d,seal on last page(s) of 1; p1: bottom-right
2026-10-02T14:34:35,approved,113_66194_pinecrestcater.pdf,113_66194_pinecrestcater.pdf,muhammadeakub,b6875a13d0eb13954d1e8aa9b7d2dcc770ceb61955f3c8376b2093ee426ad420,seal on last page(s) of 1; p1: bottom-right
2026-10-02T14:34:35,approved,114_INV-2026-78056_harborcourier.pdf,114_INV-2026-78056_harborcourier.pdf,muhammadeakub,30c07981f7564ebb280a6490ee2a603d985e82a59e1a2a037e912a8852656a67,seal on last page(s) of 1; p1: bottom-right
2026-10-02T14:34:35,approved,115_INV-2026-1307_brightline.pdf,115_INV-2026-1307_brightline.pdf,muhammadeakub,30ddd71b2b087832dda8ae9f04369a02eef9a48ec9f38a9337de958e5310ae92,seal on last page(s) of 2; p2: bottom-right
2026-10-02T14:34:35,approved,116_69668_pinecrestcater.pdf,116_69668_pinecrestcater.pdf,muhammadeakub,f79bf955fcf1c8bb95d1fbce6b5900bf3718bba0014e10c671d5797bb4686417,seal on last page(s) of 1; p1: bottom-right
2026-10-02T14:34:35,approved,117_3518-A_oakridgefc.pdf,117_3518-A_oakridgefc.pdf,muhammadeakub,3dd7f80fde184c137cf188885c5024467b54bd13b1a4104a4305071dde36321a,seal on last page(s) of 1; p1: bottom-right
2026-10-02T14:34:35,approved,118_INV048262_harborcourier.pdf,118_INV048262_harborcourier.pdf,muhammadeakub,607e250a3fbf9cb5520c43c5e80759f9c5838b0cc20ef54e0b2f044ae8e71920,seal on last page(s) of 1; p1: bottom-right
2026-10-02T14:34:35,approved,119_91859-A_cascadecr.pdf,119_91859-A_cascadecr.pdf,muhammadeakub,eff9cb561717bcf623fc8115e17418ef40f9c882430518d26210879cb4b7f45d,seal on last page(s) of 1; p1: bottom-right
2026-10-02T14:34:35,approved,120_58177-A_cascadecr.pdf,120_58177-A_cascadecr.pdf,muhammadeakub,d07bfccc7339de5bcd3ac8c703861ec61c48a49fc53de6b8b55bfb63c425e18b,seal on last page(s) of 4; p4: bottom-right
2026-10-02T14:34:35,approved,121_80681_graniterecords.pdf,121_80681_graniterecords.pdf,muhammadeakub,1e04c69402a464175a2165c08860a68d28bfe2be58d0ed11b614a9465492299c,seal on last page(s) of 2; p2: bottom-right
2026-10-02T14:34:35,approved,122_INV-2026-6292_cascadecr.pdf,122_INV-2026-6292_cascadecr.pdf,muhammadeakub,ffb59f8a49f4b621a37b81f8e04c9f1b688a36ef58c21e78868a56c6ce7fff16,seal on last page(s) of 2; p2: bottom-right
2026-10-02T14:34:35,approved,123_INV021895_summitit.pdf,123_INV021895_summitit.pdf,muhammadeakub,1fc5566378de530b6d5e584cf471bcccd3d75d422fb7348d28433a71c391ae35,seal on last page(s) of 2; p2: bottom-right
2026-10-02T14:34:35,approved,124_INV-2026-57167_northwindtx.pdf,124_INV-2026-57167_northwindtx.pdf,muhammadeakub,e161313aa8e1370f4c41726a20c670598ba5efbc0ba330f168b8099e49fc8966,seal on last page(s) of 1; p1: bottom-right
2026-10-02T14:34:35,approved,125_INV-2026-39816_summitit.pdf,125_INV-2026-39816_summitit.pdf,muhammadeakub,4cd4a17f0fac3ea29a71e1448b43f7bb6eece09524866574653104722425c2e3,seal on last page(s) of 1; p1: bottom-right
2026-10-02T14:34:35,approved,126_56446-A_harborcourier.pdf,126_56446-A_harborcourier.pdf,muhammadeakub,442b9c3fffede07ebb32e91dc39a19279b0ec4b5459512c423db416b98931d24,seal on last page(s) of 1; p1: bottom-right
2026-10-02T14:34:35,approved,127_INV-2026-24993_cascadecr.pdf,127_INV-2026-24993_cascadecr.pdf,muhammadeakub,8bb200cb25d1bff3e99a36cc4ac841f3b83d73ef1d21ebd0d084739a52ea8173,seal on last page(s) of 2; p2: bottom-right
2026-10-02T14:34:35,approved,128_39599-A_summitit.pdf,128_39599-A_summitit.pdf,muhammadeakub,399be1150f879be741cc0456e3a32eaaade177df6c6724df73b6b2b5150b69f3,seal on last page(s) of 1; p1: bottom-right
2026-10-02T14:34:35,approved,129_68529-A_graniterecords.pdf,129_68529-A_graniterecords.pdf,muhammadeakub,67da7b32586b34361286022287ce244b11c1a65e929b4cc4c52e1d281b59f4a7,seal on last page(s) of 1; p1: bottom-right
2026-10-02T14:34:35,approved,130_9816-A_brightline.pdf,130_9816-A_brightline.pdf,muhammadeakub,f23aca24a69fa533c234a2285e7a24e7252afcd2c50385fa2b58d86f924c5738,seal on last page(s) of 2; p2: bottom-right
2026-10-02T14:34:35,approved,131_80865-A_oakridgefc.pdf,131_80865-A_oakridgefc.pdf,muhammadeakub,38bf95191da5caca2ea3c260fa181d1280d3831fee1fa7e3c2ab49f0a08ba107,seal on last page(s) of 1; p1: bottom-right
2026-10-02T14:34:35,approved,132_57599_graniterecords.pdf,132_57599_graniterecords.pdf,muhammadeakub,7600a2ddf2f3388cf35ef98aaeba14b61a81dfdced8ec53668ad7271d09cc4b1,seal on last page(s) of 1; p1: bottom-right
2026-10-02T14:34:35,approved,133_INV091049_pinecrestcater.pdf,133_INV091049_pinecrestcater.pdf,muhammadeakub,014676d844f022cb3f82f6ea9dbc19d20cabad00372a6cae3c64ace7f0fe6928,seal on last page(s) of 1; p1: bottom-right
2026-10-02T14:34:35,approved,134_38886_meridiansec.pdf,134_38886_meridiansec.pdf,muhammadeakub,1ec43fec3bb7821caadc916de48d5363448687e11fd3b58f6b1d0f4d5d31e2cc,seal on last page(s) of 1; p1: bottom-right
2026-10-02T14:34:35,approved,135_INV-2026-57859_oakridgefc.pdf,135_INV-2026-57859_oakridgefc.pdf,muhammadeakub,9ff0d399ca8f93eed062426bd09d9fdac32a51a3fe2f71165e2884066c0d1fba,seal on last page(s) of 1; p1: bottom-right
2026-10-02T14:34:35,approved,136_INV-2026-99167_pinecrestcater.pdf,136_INV-2026-99167_pinecrestcater.pdf,muhammadeakub,b6f5bedc01bb6c5a852cc6a263b2d2452103a77f78ae2545548e6e24a32f171a,seal on last page(s) of 2; p2: bottom-right
2026-10-02T14:34:35,approved,137_INV-2026-9636_oakridgefc.pdf,137_INV-2026-9636_oakridgefc.pdf,muhammadeakub,eb1beb8bd2844f026547b70f6d52e446201428e2e6461eabaa4325eb394c424c,seal on last page(s) of 2; p2: bottom-right
2026-10-02T14:34:35,approved,138_42722_northwindtx.pdf,138_42722_northwindtx.pdf,muhammadeakub,c169c3bf4f863cf567ff904d438c51a626fc5aa19d540005a36b0b447b7dc222,seal on last page(s) of 1; p1: bottom-right
2026-10-02T14:34:35,approved,139_67920_bluewaterprint.pdf,139_67920_bluewaterprint.pdf,muhammadeakub,b532c0eaf67e45f5a4bdb71992213354f4c44b623382784063a2cf8a6321b868,seal on last page(s) of 2; p2: bottom-right
2026-10-02T14:34:35,approved,140_72601_harborcourier.pdf,140_72601_harborcourier.pdf,muhammadeakub,52965609e5c75dfbf41beef33cc00dca6b18cb4c56ab03cdd427fe9871b540e0,seal on last page(s) of 1; p1: bottom-right
2026-10-02T14:34:35,approved,141_36504-A_harborcourier.pdf,141_36504-A_harborcourier.pdf,muhammadeakub,3ac8ea4bcf1ed3d15b77a94a121304f0fc8c74b599063dcb94251fdeab9292b0,seal on last page(s) of 1; p1: bottom-right
2026-10-02T14:34:36,approved,142_INV068090_pinecrestcater.pdf,142_INV068090_pinecrestcater.pdf,muhammadeakub,d38f2705593403464b1dd492dffccd7bcdc5cfafc3a81aa841294336f77d4ff8,seal on last page(s) of 1; p1: bottom-right
2026-10-02T14:34:36,approved,143_65338_harborcourier.pdf,143_65338_harborcourier.pdf,muhammadeakub,b01ab91fd1d07b2bb88f17b7dd5e539dedb19afac0370dfa2467f02c851ed95f,seal on last page(s) of 1; p1: bottom-right
2026-10-02T14:34:36,approved,144_INV048866_meridiansec.pdf,144_INV048866_meridiansec.pdf,muhammadeakub,1d0c31a88662b162ae09501e0f0c106d76af1d9250b6bbd7e61321a273c8299c,seal on last page(s) of 1; p1: bottom-right
2026-10-02T14:34:36,approved,145_13355-A_meridiansec.pdf,145_13355-A_meridiansec.pdf,muhammadeakub,a4601cb3826b1871eb1ddf67719d9a2d43ca66520552e8988233f1a8165e0bfd,seal on last page(s) of 1; p1: bottom-right
2026-10-02T14:34:36,approved,146_14563-A_harborcourier.pdf,146_14563-A_harborcourier.pdf,muhammadeakub,78c916d1cf0f643f26b014d87e663c88d2a9e7f2e902e40bbacd66e95d6fefac,seal on last page(s) of 2; p2: bottom-right
2026-10-02T14:34:36,approved,147_INV-2026-63922_bluewaterprint.pdf,147_INV-2026-63922_bluewaterprint.pdf,muhammadeakub,47d398a2d1a556d38e392b15f540864623ceaead3adfc4dd0ecbfb5c14bf32ab,seal on last page(s) of 1; p1: bottom-right
2026-10-02T14:34:36,approved,148_03211_oakridgefc.pdf,148_03211_oakridgefc.pdf,muhammadeakub,1401fb77708d991f5fe05b708eb5e8c377f9bb7db17f2b9163929024531275ca,seal on last page(s) of 2; p2: bottom-right
2026-10-02T14:34:36,approved,149_89284_northwindtx.pdf,149_89284_northwindtx.pdf,muhammadeakub,183ea7a20bd26e460eabe49c895f8908b655bfc5b00af80307eed216e2384084,seal on last page(s) of 2; p2: bottom-right
2026-10-02T14:34:36,approved,150_35398_cascadecr.pdf,150_35398_cascadecr.pdf,muhammadeakub,e1de7c36b6efdd60df934ff9308c1928f04087600f8b36f762bf8bf48e0a270a,seal on last page(s) of 1; p1: bottom-right
2026-10-02T14:34:36,approved,151_INV094667_graniterecords.pdf,151_INV094667_graniterecords.pdf,muhammadeakub,e140df5de36a6fd4800cad0162899a7b1a72a304604f6e815fcf85260d849f69,seal on last page(s) of 1; p1: bottom-right
2026-10-02T14:34:36,approved,152_85946-A_northwindtx.pdf,152_85946-A_northwindtx.pdf,muhammadeakub,e6e3f4dd519ce5d4388faea6b7b254dd6972e126615d1e8fa4b17a2511643a6c,seal on last page(s) of 1; p1: bottom-right
2026-10-02T14:34:36,approved,154_INV-2026-13623_summitit.pdf,154_INV-2026-13623_summitit.pdf,muhammadeakub,f86f29f203045725a17c827c4a2b94c28fc587ce89ea5bae5b4e875bb72d64b0,seal on last page(s) of 3; p3: bottom-right
2026-10-02T14:34:36,approved,155_25414-A_harborcourier.pdf,155_25414-A_harborcourier.pdf,muhammadeakub,b110ee0276e504ea2b1cf201fdb1f9730fc3b70a01f91862e10b730fc14dcfb6,seal on last page(s) of 2; p2: bottom-right
2026-10-02T14:34:36,approved,156_76780_meridiansec.pdf,156_76780_meridiansec.pdf,muhammadeakub,2fa9edfa8fa8b9a94339f45418b1e3e1ae1975fc3ff79a6c40612d3c7031e980,seal on last page(s) of 3; p3: bottom-right
2026-10-02T14:34:36,approved,157_INV-2026-19980_cascadecr.pdf,157_INV-2026-19980_cascadecr.pdf,muhammadeakub,a95970faf5ce8c6559ec17b36877830f7198deb3c994d175008612e0ace8e88d,seal on last page(s) of 3; p3: bottom-right
2026-10-02T14:34:36,approved,158_17314-A_oakridgefc.pdf,158_17314-A_oakridgefc.pdf,muhammadeakub,331a73dedfb7b8a9f300ca979f33ce7be585d3cb506c53be69910c41b13cfc0b,seal on last page(s) of 4; p4: bottom-right
2026-10-02T14:34:36,approved,159_INV062173_cascadecr.pdf,159_INV062173_cascadecr.pdf,muhammadeakub,47f760d11c6cf3675ea109d28e83c619d6ee1ecde8ad3ce25ba2733a1ddf41a3,seal on last page(s) of 1; p1: bottom-right
2026-10-02T14:34:36,approved,160_INV-2026-57007_oakridgefc.pdf,160_INV-2026-57007_oakridgefc.pdf,muhammadeakub,5be7e0b03b42ff3d1b9d9329df9c9b9a3de0ab5e97bb6bb5e8e5c994979c112f,seal on last page(s) of 1; p1: bottom-right
2026-10-02T14:34:36,approved,161_17570_harborcourier.pdf,161_17570_harborcourier.pdf,muhammadeakub,a93b79b54a9cf9a6c7bb901e1662471001df2a94e241a8b450148f7beb517760,seal on last page(s) of 2; p2: bottom-right
2026-10-02T14:34:36,approved,162_26344_northwindtx.pdf,162_26344_northwindtx.pdf,muhammadeakub,c6802db964dd286602c8e6ed45938467adb9fca8ba38f3c61cf931f410c4b798,seal on last page(s) of 1; p1: bottom-right
2026-10-02T14:34:36,approved,163_90331-A_northwindtx.pdf,163_90331-A_northwindtx.pdf,muhammadeakub,aecbd5bf25115186259d6f0e91dbde8e078cd748aefb4848b240f9c498edb00f,seal on last page(s) of 2; p2: bottom-right
2026-10-02T14:34:36,approved,165_INV063712_pinecrestcater.pdf,165_INV063712_pinecrestcater.pdf,muhammadeakub,372b3477d1d5915de08c7884e9a76f729431f23a26dc1a5df9238be75e19166e,seal on last page(s) of 2; p2: bottom-right
2026-10-02T14:34:36,approved,166_20367_oakridgefc.pdf,166_20367_oakridgefc.pdf,muhammadeakub,3662e35ed7103f6b34aee449a3b5f9d3ee5982048cc40e14620bc2d41d0328f9,seal on last page(s) of 1; p1: bottom-right
2026-10-02T14:34:36,approved,167_19121_oakridgefc.pdf,167_19121_oakridgefc.pdf,muhammadeakub,d6b9a7b3863a2cf8d84ceee687c5e09a53bcc8500d4c7775392107ea5c748083,seal on last page(s) of 2; p2: bottom-right
2026-10-02T14:34:36,approved,168_INV-2026-21933_graniterecords.pdf,168_INV-2026-21933_graniterecords.pdf,muhammadeakub,8747b1dc3926e650fe9e853ad48d54bde21bc519e3452bf3f38b9e03b501407d,seal on last page(s) of 1; p1: bottom-right
2026-10-02T14:34:36,approved,169_INV023663_graniterecords.pdf,169_INV023663_graniterecords.pdf,muhammadeakub,463378652c2feae09cb8bdeb23ede80407cc333d3bfff59d5601e9dcb59e3b52,seal on last page(s) of 1; p1: bottom-right
2026-10-02T14:34:36,approved,170_17652_meridiansec.pdf,170_17652_meridiansec.pdf,muhammadeakub,9c550cc5119456bc70bf1e94d60e3f5c94002b488a7bd2162d6f396a7d7fd22f,seal on last page(s) of 2; p2: bottom-right
2026-10-02T14:34:36,approved,171_84509_cascadecr.pdf,171_84509_cascadecr.pdf,muhammadeakub,c6d182a3218eaa75ee9732e563887c06d8a3a703faf45b3a42eca092c639e654,seal on last page(s) of 1; p1: bottom-right
2026-10-02T14:34:36,approved,172_38939_northwindtx.pdf,172_38939_northwindtx.pdf,muhammadeakub,20fc57870b1e22cddc81c296fec3f612fbc29109f663cafc6199d9f38be87ea8,seal on last page(s) of 1; p1: bottom-right
2026-10-02T14:34:36,approved,173_83744-A_cascadecr.pdf,173_83744-A_cascadecr.pdf,muhammadeakub,6e6be6e332d3b3c9acb29508c570e0ebed37ea65cf496900169ae9eedb67bbaf,seal on last page(s) of 1; p1: bottom-right
2026-10-02T14:34:36,approved,174_INV091064_brightline.pdf,174_INV091064_brightline.pdf,muhammadeakub,a05125e4c311abb520938fbe986a5d6a7b422284c34bf74a2690a85c4a06889a,seal on last page(s) of 2; p2: bottom-right
2026-10-02T14:34:36,approved,175_76648-A_bluewaterprint.pdf,175_76648-A_bluewaterprint.pdf,muhammadeakub,61b699dbf4f48a6cfdd707679676ef7b7df8211ba24e677130472602d6fcc92b,seal on last page(s) of 1; p1: bottom-right
2026-10-02T14:34:36,approved,176_12079_northwindtx.pdf,176_12079_northwindtx.pdf,muhammadeakub,625b709c5043cc047d5dcde1c48d07d104e9bae6db134ce88f81ef6b94d5201b,seal on last page(s) of 1; p1: bottom-right
2026-10-02T14:34:36,approved,177_20006_cascadecr.pdf,177_20006_cascadecr.pdf,muhammadeakub,239564fe06832b710456aa89247d67d8d5f2156bc26b805d60eb7388502a33a0,seal on last page(s) of 3; p3: bottom-right
2026-10-02T14:34:36,approved,179_93128_summitit.pdf,179_93128_summitit.pdf,muhammadeakub,17ddd53696eb7f2aeb9862ebb06bf5149a10e6795ede9ce92a78c8640bead812,seal on last page(s) of 1; p1: bottom-right
2026-10-02T14:34:36,approved,180_INV057229_harborcourier.pdf,180_INV057229_harborcourier.pdf,muhammadeakub,89e1f9f80dfc460b8dc8fcdd991307c62b22b52eb1cc89d9616688f2815adf18,seal on last page(s) of 2; p2: bottom-right
2026-10-02T14:34:36,approved,182_82779_harborcourier.pdf,182_82779_harborcourier.pdf,muhammadeakub,4ee80c2c1d8c38d711f61cb64a25519f9516da2d83c0756d9555ac284d168f91,seal on last page(s) of 3; p3: bottom-right
2026-10-02T14:34:36,approved,183_INV-2026-48880_meridiansec.pdf,183_INV-2026-48880_meridiansec.pdf,muhammadeakub,09d3e4a884e06ba344af6a4fb43d937bf803d4cdd58098228984bccddb34e0aa,seal on last page(s) of 2; p2: bottom-right
2026-10-02T14:34:36,approved,184_41809-A_brightline.pdf,184_41809-A_brightline.pdf,muhammadeakub,7afa35a06e10708f3e4d919ce10cc5940a29de4bb10ddb508c5374ba857b3811,seal on last page(s) of 1; p1: bottom-right
2026-10-02T14:34:36,approved,185_INV082045_graniterecords.pdf,185_INV082045_graniterecords.pdf,muhammadeakub,8e1359704fe5bf1549931585dfffc2390c61963335bc5c5e620d1d793370560d,seal on last page(s) of 1; p1: bottom-right
2026-10-02T14:34:36,approved,186_INV-2026-1175_pinecrestcater.pdf,186_INV-2026-1175_pinecrestcater.pdf,muhammadeakub,aca34ccd669c069dfaa056d54cf88b2a4cf37ea22061fe7be8779e214c1fb308,seal on last page(s) of 3; p3: bottom-right
2026-10-02T14:34:36,approved,187_12097_brightline.pdf,187_12097_brightline.pdf,muhammadeakub,7fd7169e6390c35c860ab186711eba9617029b240a3287a5587a4d420536ac93,seal on last page(s) of 3; p3: bottom-right
2026-10-02T14:34:36,approved,188_51189_brightline.pdf,188_51189_brightline.pdf,muhammadeakub,e85e507a887dcff175737237423dd549d74de0dbbd83432a5821d98ff054dc45,seal on last page(s) of 1; p1: bottom-right
2026-10-02T14:34:36,approved,189_54796_harborcourier.pdf,189_54796_harborcourier.pdf,muhammadeakub,19bc5634e9d89930d6be42f131b99facef1b0f087647a016a10d7615c42db5a2,seal on last page(s) of 2; p2: bottom-right
2026-10-02T14:34:36,approved,190_INV-2026-35842_northwindtx.pdf,190_INV-2026-35842_northwindtx.pdf,muhammadeakub,3fd48cf22d157b76815b50ee51ff9dc5f76944e7066dbe19b5b98c936ef0f5e9,seal on last page(s) of 4; p4: bottom-right
2026-10-02T14:34:36,approved,191_87683_bluewaterprint.pdf,191_87683_bluewaterprint.pdf,muhammadeakub,1929edad10f826a5a8133f2d316ac8421befd1e084353099022063ce4a250a0d,seal on last page(s) of 4; p4: bottom-right
2026-10-02T14:34:36,approved,192_INV010127_summitit.pdf,192_INV010127_summitit.pdf,muhammadeakub,948a0211fe3f4093b7af860856c3a4dfe79086e327b7901881a56fcc39bfc390,seal on last page(s) of 4; p4: bottom-right
2026-10-02T14:34:36,approved,193_62447_meridiansec.pdf,193_62447_meridiansec.pdf,muhammadeakub,2506c8b13753ef3eb01da59ad9c4c81dcff6264fa333fb5093951fee6bf12e62,seal on last page(s) of 1; p1: bottom-right
2026-10-02T14:34:36,approved,194_INV-2026-90739_brightline.pdf,194_INV-2026-90739_brightline.pdf,muhammadeakub,627114663fb6bd85b8507831e05574de5c4d84a0a2d866c83ebf8f5078e2fe5c,seal on last page(s) of 1; p1: bottom-right
2026-10-02T14:34:36,approved,195_INV099929_northwindtx.pdf,195_INV099929_northwindtx.pdf,muhammadeakub,3cd142ff1cd8122d562cc59f52176f8597377df592c0f6fb5e27608585091f20,seal on last page(s) of 2; p2: bottom-right
2026-10-02T14:34:36,approved,196_INV-2026-91101_pinecrestcater.pdf,196_INV-2026-91101_pinecrestcater.pdf,muhammadeakub,570121b79797fd141ef29aae4f87378356aa4ca7f968bfb68b2ef751336ba3e1,seal on last page(s) of 1; p1: bottom-right
2026-10-02T14:34:36,approved,197_INV-2026-40845_harborcourier.pdf,197_INV-2026-40845_harborcourier.pdf,muhammadeakub,d77dc8308b96a0894646eefae3b06d49a2245bbc2854e2776c25bf6a285eeea0,seal on last page(s) of 2; p2: bottom-right
2026-10-02T14:34:36,approved,198_INV-2026-71425_meridiansec.pdf,198_INV-2026-71425_meridiansec.pdf,muhammadeakub,c593c11aa55cec8dc2112c50e44e05c74942f83276c0fd90aba7be49699d494a,seal on last page(s) of 1; p1: bottom-right
2026-10-02T14:34:36,approved,199_INV015698_oakridgefc.pdf,199_INV015698_oakridgefc.pdf,muhammadeakub,278dc727c21e318732566992b214c782a9b254c6867b30ee6e34e59668467715,seal on last page(s) of 2; p2: bottom-right
2026-10-02T14:34:36,approved,200_INV056808_graniterecords.pdf,200_INV056808_graniterecords.pdf,muhammadeakub,db1dd21be91f2eb5262cce7755d11579df5d3f3311b0a77314bda9994699ddf3,seal on last page(s) of 3; p3: bottom-right
2026-10-02T14:43:03,received,01_bottom_right_occupied.pdf,01_bottom_right_occupied.pdf,muhammadeakub,54f5b6a4d57f1329863890a5d7f6a9cb03902564e1504eecf9e672e007520b32,RECEIVED 2026-10-01; 1 pages
2026-10-02T14:43:03,received,02_bottom_band_full_gap_mid_right.pdf,02_bottom_band_full_gap_mid_right.pdf,muhammadeakub,a02611bf70849b88c6ead1d279bf986a5b9ee5ee2e0f897a4346fe6c6e366493,RECEIVED 2026-10-01; 1 pages
2026-10-02T14:43:03,received,03_only_space_top_left.pdf,03_only_space_top_left.pdf,muhammadeakub,a75d2cced6f7e9695edb434c52f947711985e322af614f3abb744446f79f7760,RECEIVED 2026-10-01; 1 pages
2026-10-02T14:43:03,received,04_full_page_dense_text.pdf,04_full_page_dense_text.pdf,muhammadeakub,a078bb2b09ee3a5c28dfb33f9ba2fcbdcb0af74da3c7bef609575c7c00888d47,RECEIVED 2026-10-01; 1 pages
2026-10-02T14:43:03,received,05_three_pages_last_page_full.pdf,05_three_pages_last_page_full.pdf,muhammadeakub,fbfb723e982043410023e66e35ee215b061a9250ae562a46380c1555f94823ab,RECEIVED 2026-10-01; 3 pages
2026-10-02T14:43:03,received,06_scanned_image_grey_paper.pdf,06_scanned_image_grey_paper.pdf,muhammadeakub,3f6a61961cd8e4f6da02b63f1855ff1dfd2e06daba0d133c8fdded07788a5e94,RECEIVED 2026-10-01; 1 pages
2026-10-02T14:43:03,received,07_full_background_image.pdf,07_full_background_image.pdf,muhammadeakub,b228fa6401ad6b36823c9a43bc6a2477133e694ef9a7e1375647198fb4cfdcf8,RECEIVED 2026-10-01; 1 pages
2026-10-02T14:43:03,received,08_grid_table_to_bottom.pdf,08_grid_table_to_bottom.pdf,muhammadeakub,a051aea34c32baa03622ceba6ab7d9c3988427e57b6a1e17fb06d4cca3fb412d,RECEIVED 2026-10-01; 1 pages
2026-10-02T14:44:21,received,001_24836-A_brightline.pdf,001_24836-A_brightline.pdf,muhammadeakub,20667beedfe1242ac0ab8f4c7347fc9355815478a631532ae951685e0d4c8886,RECEIVED 2026-10-02; 1 pages
2026-10-02T14:44:21,received,002_INV049972_northwindtx.pdf,002_INV049972_northwindtx.pdf,muhammadeakub,7a7c5efb23bc4c04209033b552b1ffc7b0e7c73e481df777eba7a774962c1730,RECEIVED 2026-10-02; 1 pages
2026-10-02T14:44:21,received,003_97092-A_bluewaterprint.pdf,003_97092-A_bluewaterprint.pdf,muhammadeakub,1c350aebb103e19f479b6c585ab7066caa22cb6e01783e46ae30bd2c87727acb,RECEIVED 2026-10-02; 2 pages
2026-10-02T14:44:21,received,004_70950-A_cascadecr.pdf,004_70950-A_cascadecr.pdf,muhammadeakub,94552e0aec42f2172b7d1ad9f239e719ecc42cc713a5cab7f8a53cd3a85d1f1d,RECEIVED 2026-10-02; 2 pages
2026-10-02T14:44:21,received,005_32411-A_cascadecr.pdf,005_32411-A_cascadecr.pdf,muhammadeakub,18c162891cb886d5a34e05ae36bc91863cad32db74eea438a50d5909db5a2a33,RECEIVED 2026-10-02; 2 pages
2026-10-02T14:44:21,received,006_86823_meridiansec.pdf,006_86823_meridiansec.pdf,muhammadeakub,235039834981f1abfbae024c6afd41ffef23e4dbc9e8f7d4f9da69401e2b3fc6,RECEIVED 2026-10-02; 1 pages
2026-10-02T14:44:21,received,007_4654-A_bluewaterprint.pdf,007_4654-A_bluewaterprint.pdf,muhammadeakub,d3423bb0810e8bd89ce95b1701ea8eed32169bae2ee01c6bb93eafd09554401e,RECEIVED 2026-10-02; 2 pages
2026-10-02T14:44:21,received,008_92839_pinecrestcater.pdf,008_92839_pinecrestcater.pdf,muhammadeakub,6c21e53f33b685fbb47f051332e567b0cee9dcb10f3f7a1d9df6d7b6709c46b6,RECEIVED 2026-10-02; 2 pages
2026-10-02T14:44:21,received,009_INV036164_bluewaterprint.pdf,009_INV036164_bluewaterprint.pdf,muhammadeakub,85d182607d06382859e92ecc69d565c9e2c915f65a5100a9b4e18d85250f1d38,RECEIVED 2026-10-02; 1 pages
2026-10-02T14:44:43,approved,001_24836-A_brightline.pdf,001_24836-A_brightline.pdf,muhammadeakub,07bcd890a7801e520172b5a4606d16a5a8ae842d3ad2ca8baf3c6ecc91dce1dc,seal on last page(s) of 1; p1: bottom-right
2026-10-02T14:44:43,approved,002_INV049972_northwindtx.pdf,002_INV049972_northwindtx.pdf,muhammadeakub,5e0d7c3e377a44df0f0a09410fd4548d99d0d142665d81c583f5a190da23757c,seal on last page(s) of 1; p1: bottom-right
2026-10-02T14:44:43,approved,003_97092-A_bluewaterprint.pdf,003_97092-A_bluewaterprint.pdf,muhammadeakub,689fd2b2a79385dfcf801f3481d97107e2a48858540327cec61e2f60614dcdb8,seal on last page(s) of 2; p2: bottom-right
2026-10-02T14:44:43,approved,004_70950-A_cascadecr.pdf,004_70950-A_cascadecr.pdf,muhammadeakub,fb645b178d7e28125170a7a059747572bb4a57c322bcb5a3f98020914eab2850,seal on last page(s) of 2; p2: bottom-right
2026-10-02T14:44:43,approved,005_32411-A_cascadecr.pdf,005_32411-A_cascadecr.pdf,muhammadeakub,6c57580cacdf6b6150bf4a647ed5455925854c1dd18e389c79eb1e0c3ecbc457,seal on last page(s) of 2; p2: bottom-right
2026-10-02T14:44:43,approved,006_86823_meridiansec.pdf,006_86823_meridiansec.pdf,muhammadeakub,cefb26fa93b2b17293425aa6dbcdacb2787ff22da965985a78c33aac768b56fa,seal on last page(s) of 1; p1: bottom-right
2026-10-02T14:44:43,approved,007_4654-A_bluewaterprint.pdf,007_4654-A_bluewaterprint.pdf,muhammadeakub,e96621d728516aa18f61a685a55c70063aa5a18be9cac285511693875fbc7f13,seal on last page(s) of 2; p2: bottom-right
2026-10-02T14:44:43,approved,008_92839_pinecrestcater.pdf,008_92839_pinecrestcater.pdf,muhammadeakub,2b9388aab91f9e3a71d008a6db7129c3ffcb52ff949ffe715e5cad91fc082871,seal on last page(s) of 2; p2: bottom-right
2026-10-02T14:44:43,approved,009_INV036164_bluewaterprint.pdf,009_INV036164_bluewaterprint.pdf,muhammadeakub,5c6d450bf67aa2226056ef8b4541c06f2aba0a51f513dba2e72aadce437645b5,seal on last page(s) of 1; p1: bottom-right
2026-10-02T14:48:38,received,010_70020-A_meridiansec.pdf,010_70020-A_meridiansec.pdf,muhammadeakub,19362a23b4ddca7730b55a60905ced1810e36ac04f6dd5cfb51bf42313115a45,RECEIVED 2026-10-01; 2 pages
2026-10-02T14:48:38,received,011_INV-2026-51897_northwindtx.pdf,011_INV-2026-51897_northwindtx.pdf,muhammadeakub,e977d967c3c61b69d37871a009df6546b8d19f4817b18e24c841b4b6ff09eb1c,RECEIVED 2026-10-01; 1 pages
2026-10-02T14:48:38,received,012_54425_pinecrestcater.pdf,012_54425_pinecrestcater.pdf,muhammadeakub,ac6bb89bf488b39134a7474dd6f166cb4aca77fd30814f88c7edf2663f857cfb,RECEIVED 2026-10-01; 1 pages
2026-10-02T14:48:38,received,013_INV-2026-98316_harborcourier.pdf,013_INV-2026-98316_harborcourier.pdf,muhammadeakub,db2f8f60d5a7422dd617066b7bc3f85a660d83276c0ae3484e4314b196cfa6cd,RECEIVED 2026-10-01; 1 pages
2026-10-02T14:48:38,received,01_bottom_right_occupied.pdf,01_bottom_right_occupied.pdf,muhammadeakub,54f5b6a4d57f1329863890a5d7f6a9cb03902564e1504eecf9e672e007520b32,RECEIVED 2026-10-01; 1 pages
2026-10-02T14:48:38,received,02_bottom_band_full_gap_mid_right.pdf,02_bottom_band_full_gap_mid_right.pdf,muhammadeakub,a02611bf70849b88c6ead1d279bf986a5b9ee5ee2e0f897a4346fe6c6e366493,RECEIVED 2026-10-01; 1 pages
2026-10-02T14:48:38,received,03_only_space_top_left.pdf,03_only_space_top_left.pdf,muhammadeakub,a75d2cced6f7e9695edb434c52f947711985e322af614f3abb744446f79f7760,RECEIVED 2026-10-01; 1 pages
2026-10-02T14:48:38,received,04_full_page_dense_text.pdf,04_full_page_dense_text.pdf,muhammadeakub,a078bb2b09ee3a5c28dfb33f9ba2fcbdcb0af74da3c7bef609575c7c00888d47,RECEIVED 2026-10-01; 1 pages
2026-10-02T14:48:38,received,05_three_pages_last_page_full.pdf,05_three_pages_last_page_full.pdf,muhammadeakub,fbfb723e982043410023e66e35ee215b061a9250ae562a46380c1555f94823ab,RECEIVED 2026-10-01; 3 pages
2026-10-02T14:48:38,received,06_scanned_image_grey_paper.pdf,06_scanned_image_grey_paper.pdf,muhammadeakub,3f6a61961cd8e4f6da02b63f1855ff1dfd2e06daba0d133c8fdded07788a5e94,RECEIVED 2026-10-01; 1 pages
2026-10-02T14:48:38,received,07_full_background_image.pdf,07_full_background_image.pdf,muhammadeakub,b228fa6401ad6b36823c9a43bc6a2477133e694ef9a7e1375647198fb4cfdcf8,RECEIVED 2026-10-01; 1 pages
2026-10-02T14:48:38,received,08_grid_table_to_bottom.pdf,08_grid_table_to_bottom.pdf,muhammadeakub,a051aea34c32baa03622ceba6ab7d9c3988427e57b6a1e17fb06d4cca3fb412d,RECEIVED 2026-10-01; 1 pages
2026-10-02T14:48:48,approved,010_70020-A_meridiansec.pdf,010_70020-A_meridiansec.pdf,muhammadeakub,78f0634e307070e128b69d9af1670184983f8fd860c326dc65efd025031bcd90,seal on last page(s) of 2; p2: bottom-right
2026-10-02T14:48:48,approved,011_INV-2026-51897_northwindtx.pdf,011_INV-2026-51897_northwindtx.pdf,muhammadeakub,1367f7f16d894273d3db44c79bcf295c68e58b8336e8ec9cd9031c6a1e4fd158,seal on last page(s) of 1; p1: bottom-right
2026-10-02T14:48:48,approved,012_54425_pinecrestcater.pdf,012_54425_pinecrestcater.pdf,muhammadeakub,6e648572b5b00317bbf612f7418c719a472d0d8dba7a62e43693e1588d6370e7,seal on last page(s) of 1; p1: bottom-right
2026-10-02T14:48:48,approved,013_INV-2026-98316_harborcourier.pdf,013_INV-2026-98316_harborcourier.pdf,muhammadeakub,f5292eb9c3f60da6488298cec3c51770937549d0bbaa9a230f2118b3cb31c757,seal on last page(s) of 1; p1: bottom-right
2026-10-02T14:48:48,approved,01_bottom_right_occupied.pdf,01_bottom_right_occupied.pdf,muhammadeakub,8390fb8eb0cf72921f39ec0f0a1a6aa46977009dfc6006e65755b3e9a224fee4,seal on last page(s) of 1; p1: bottom-right
2026-10-02T14:48:48,approved,02_bottom_band_full_gap_mid_right.pdf,02_bottom_band_full_gap_mid_right.pdf,muhammadeakub,ec0cc2db3f2a236a9fce33251bfc081b3718a89088709fdc9d769162facc87bc,seal on last page(s) of 1; p1: bottom-right
2026-10-02T14:48:48,approved,03_only_space_top_left.pdf,03_only_space_top_left.pdf,muhammadeakub,f37e1e190ab87e47a311cbac74d4d33fd6168758ec6283ba69eb200e2cba2970,seal on last page(s) of 1; p1: bottom-right
2026-10-02T14:48:48,approved,04_full_page_dense_text.pdf,04_full_page_dense_text.pdf,muhammadeakub,61a7af2898089859746c61400a09f2cc200b721c1e711846ebe1410e32235cac,seal on last page(s) of 1; p1: bottom-right
2026-10-02T14:48:48,approved,05_three_pages_last_page_full.pdf,05_three_pages_last_page_full.pdf,muhammadeakub,922fdeab1648760fc99872b17c69a3b8095dd9f7fe4dbc2c91f2165d2af0a840,seal on last page(s) of 3; p3: bottom-right
2026-10-02T14:48:48,approved,06_scanned_image_grey_paper.pdf,06_scanned_image_grey_paper.pdf,muhammadeakub,97fb4e0ce90c552017b16844a0cb100a2f2ad5e698d68794b4771a75a8ffe68c,seal on last page(s) of 1; p1: bottom-right
2026-10-02T14:48:48,approved,07_full_background_image.pdf,07_full_background_image.pdf,muhammadeakub,86b9f9e5e9bd856307b1c0494e66b60bdd3e3c741b1a78aee21e5911e49af38c,seal on last page(s) of 1; p1: bottom-right
2026-10-02T14:48:48,approved,08_grid_table_to_bottom.pdf,08_grid_table_to_bottom.pdf,muhammadeakub,383e3acb90d6c8fae1123e971a1c30aaf2fa19a686b30da99c53cdef4d0802d2,seal on last page(s) of 1; p1: bottom-right
